<?xml version="1.0" encoding="UTF-8"?>
<term>
  <id>08018</id>
  <doi>10.1351/goldbook.08018</doi>
  <code>08018</code>
  <status>current</status>
  <longtitle>IUPAC Gold Book - determination</longtitle>
  <title>determination</title>
  <termversion>5.0.0</termversion>
  <definitions>
    <item>
      <id>1</id>
      <text>Set of operations that are carried out on an object in order to provide qualitative or quantitative information about this object.</text>
      <notes>
        <item>"Determination" is a term in general usage and often implies a human decision.</item>
        <item>"Determination" is a superordinate concept of measurement and examination, and so, the term "determination" should not be used when "measurement" or "examination" applies.</item>
        <item>ISO 9000 defines determination as "activity to find out one or more characteristics and their characteristic values".</item>
      </notes>
      <sources>
        <item>PAC, 2021, 93, 997. 'Metrological and quality concepts in analytical chemistry (IUPAC Recommendations 2021)' on page 1005 (https://doi.org/10.1515/pac-2019-0819)</item>
      </sources>
    </item>
  </definitions>
  <links>
    <html>https://goldbook.iupac.org/terms/view/08018/html</html>
    <json>https://goldbook.iupac.org/terms/view/08018/json</json>
    <xml>https://goldbook.iupac.org/terms/view/08018/xml</xml>
    <plain>https://goldbook.iupac.org/terms/view/08018/plain</plain>
  </links>
  <citation>Citation: 'determination' in IUPAC Compendium of Chemical Terminology, 5th ed. International Union of Pure and Applied Chemistry; 2025. Online version 5.0.0, 2025. 10.1351/goldbook.08018</citation>
  <license>The IUPAC Gold Book is licensed under Creative Commons Attribution-ShareAlike CC BY-SA 4.0 International (https://creativecommons.org/licenses/by-sa/4.0/) for individual terms.</license>
  <collection>If you are interested in licensing the Gold Book for commercial use, please contact the IUPAC Executive Director at executivedirector@iupac.org .</collection>
  <disclaimer>The International Union of Pure and Applied Chemistry (IUPAC) is continuously reviewing and, where needed, updating terms in the Compendium of Chemical Terminology (the IUPAC Gold Book). Users of these terms are encouraged to include the version of a term with its use and to check regularly for updates to term definitions that you are using.</disclaimer>
  <accessed>2025-02-25T07:57:36+00:00</accessed>
</term>
