<?xml version="1.0" encoding="UTF-8"?>
<term>
  <id>08025</id>
  <doi>10.1351/goldbook.08025</doi>
  <code>08025</code>
  <status>current</status>
  <longtitle>IUPAC Gold Book - material homogeneity</longtitle>
  <title>material homogeneity</title>
  <termversion>5.0.0</termversion>
  <definitions>
    <item>
      <id>1</id>
      <text>Uniform structure or composition of a material with respect to one or more specified properties.</text>
      <notes>
        <item>A material is said to be homogeneous with respect to a specified quantity if the quantity values measured using aliquots of a specified size do not fall outside a specified interval.</item>
        <item>In the homogeneity study of a candidate reference material, it is distinguished whether the analytical samples are taken from different supply units or from a single supply unit ("termed between-bottle homogeneity" or "within-bottle homogeneity", respectively).</item>
        <item>Inhomogeneity is a source of measurement uncertainty.</item>
        <item>Detailed guidance for the assessment of homogeneity of reference materials is given in ISO Guide 35.</item>
      </notes>
      <sources>
        <item>PAC, 2021, 93, 997. 'Metrological and quality concepts in analytical chemistry (IUPAC Recommendations 2021)' on page 1009 (https://doi.org/10.1515/pac-2019-0819)</item>
      </sources>
    </item>
  </definitions>
  <links>
    <html>https://goldbook.iupac.org/terms/view/08025/html</html>
    <json>https://goldbook.iupac.org/terms/view/08025/json</json>
    <xml>https://goldbook.iupac.org/terms/view/08025/xml</xml>
    <plain>https://goldbook.iupac.org/terms/view/08025/plain</plain>
  </links>
  <citation>Citation: 'material homogeneity' in IUPAC Compendium of Chemical Terminology, 5th ed. International Union of Pure and Applied Chemistry; 2025. Online version 5.0.0, 2025. 10.1351/goldbook.08025</citation>
  <license>The IUPAC Gold Book is licensed under Creative Commons Attribution-ShareAlike CC BY-SA 4.0 International (https://creativecommons.org/licenses/by-sa/4.0/) for individual terms.</license>
  <collection>If you are interested in licensing the Gold Book for commercial use, please contact the IUPAC Executive Director at executivedirector@iupac.org .</collection>
  <disclaimer>The International Union of Pure and Applied Chemistry (IUPAC) is continuously reviewing and, where needed, updating terms in the Compendium of Chemical Terminology (the IUPAC Gold Book). Users of these terms are encouraged to include the version of a term with its use and to check regularly for updates to term definitions that you are using.</disclaimer>
  <accessed>2025-02-25T09:34:55+00:00</accessed>
</term>
