<?xml version="1.0" encoding="UTF-8"?>
<term>
  <id>08029</id>
  <doi>10.1351/goldbook.08029</doi>
  <code>08029</code>
  <status>current</status>
  <longtitle>IUPAC Gold Book - measurement procedure bias</longtitle>
  <title>measurement procedure bias</title>
  <synonyms>
    <item>measurement method bias</item>
  </synonyms>
  <termversion>5.0.0</termversion>
  <definitions>
    <item>
      <id>1</id>
      <text>Contribution to measurement bias that is attributed to systematic effects on measurement results made according to a measurement procedure.</text>
      <notes>
        <item>Measurement procedure bias covers instrumental bias.</item>
        <item>Contributions to measurement procedure bias are calculated during procedure validation.</item>
        <item>Measurement bias in analytical chemistry may be considered to include run bias, laboratory bias, and measurement procedure bias.</item>
      </notes>
      <links>
        <item>
          <title>measurement procedure</title>
          <url>https://goldbook.iupac.org/terms/view/08028</url>
        </item>
        <item>
          <title>analytical chemistry</title>
          <url>https://goldbook.iupac.org/terms/view/08003</url>
        </item>
        <item>
          <title>laboratory bias</title>
          <url>https://goldbook.iupac.org/terms/view/08021</url>
        </item>
      </links>
      <sources>
        <item>PAC, 2021, 93, 997. 'Metrological and quality concepts in analytical chemistry (IUPAC Recommendations 2021)' on page 1011 (https://doi.org/10.1515/pac-2019-0819)</item>
      </sources>
    </item>
  </definitions>
  <links>
    <html>https://goldbook.iupac.org/terms/view/08029/html</html>
    <json>https://goldbook.iupac.org/terms/view/08029/json</json>
    <xml>https://goldbook.iupac.org/terms/view/08029/xml</xml>
    <plain>https://goldbook.iupac.org/terms/view/08029/plain</plain>
  </links>
  <citation>Citation: 'measurement procedure bias' in IUPAC Compendium of Chemical Terminology, 5th ed. International Union of Pure and Applied Chemistry; 2025. Online version 5.0.0, 2025. 10.1351/goldbook.08029</citation>
  <license>The IUPAC Gold Book is licensed under Creative Commons Attribution-ShareAlike CC BY-SA 4.0 International (https://creativecommons.org/licenses/by-sa/4.0/) for individual terms.</license>
  <collection>If you are interested in licensing the Gold Book for commercial use, please contact the IUPAC Executive Director at executivedirector@iupac.org .</collection>
  <disclaimer>The International Union of Pure and Applied Chemistry (IUPAC) is continuously reviewing and, where needed, updating terms in the Compendium of Chemical Terminology (the IUPAC Gold Book). Users of these terms are encouraged to include the version of a term with its use and to check regularly for updates to term definitions that you are using.</disclaimer>
  <accessed>2025-02-25T09:36:37+00:00</accessed>
</term>
