<?xml version="1.0" encoding="UTF-8"?>
<term>
  <id>08035</id>
  <doi>10.1351/goldbook.08035</doi>
  <code>08035</code>
  <status>current</status>
  <longtitle>IUPAC Gold Book - multiplicative matrix effect</longtitle>
  <title>multiplicative matrix effect</title>
  <termversion>5.0.0</termversion>
  <definitions>
    <item>
      <id>1</id>
      <text>Matrix effect that is proportional to the measured quantity value of the measurand.</text>
      <notes>
        <item>A multiplicative matrix effect can be compensated for by following a measurement procedure with standard addition.</item>
        <item>A multiplicative matrix effect affects the slope, not the intercept, of a linear calibration curve.</item>
        <item>The effect is sometimes termed "rotational matrix effect" or "proportional interference".</item>
        <item>A multiplicative matrix effect may originate from non-analyte components of the measurement standard if these contribute to the signal attributed to the analyte.</item>
      </notes>
      <links>
        <item>
          <title>measurement procedure with standard addition</title>
          <url>https://goldbook.iupac.org/terms/view/08030</url>
        </item>
      </links>
      <sources>
        <item>PAC, 2021, 93, 997. 'Metrological and quality concepts in analytical chemistry (IUPAC Recommendations 2021)' on page 1013 (https://doi.org/10.1515/pac-2019-0819)</item>
      </sources>
    </item>
  </definitions>
  <links>
    <html>https://goldbook.iupac.org/terms/view/08035/html</html>
    <json>https://goldbook.iupac.org/terms/view/08035/json</json>
    <xml>https://goldbook.iupac.org/terms/view/08035/xml</xml>
    <plain>https://goldbook.iupac.org/terms/view/08035/plain</plain>
  </links>
  <citation>Citation: 'multiplicative matrix effect' in IUPAC Compendium of Chemical Terminology, 5th ed. International Union of Pure and Applied Chemistry; 2025. Online version 5.0.0, 2025. 10.1351/goldbook.08035</citation>
  <license>The IUPAC Gold Book is licensed under Creative Commons Attribution-ShareAlike CC BY-SA 4.0 International (https://creativecommons.org/licenses/by-sa/4.0/) for individual terms.</license>
  <collection>If you are interested in licensing the Gold Book for commercial use, please contact the IUPAC Executive Director at executivedirector@iupac.org .</collection>
  <disclaimer>The International Union of Pure and Applied Chemistry (IUPAC) is continuously reviewing and, where needed, updating terms in the Compendium of Chemical Terminology (the IUPAC Gold Book). Users of these terms are encouraged to include the version of a term with its use and to check regularly for updates to term definitions that you are using.</disclaimer>
  <accessed>2025-02-25T09:50:43+00:00</accessed>
</term>
