<?xml version="1.0" encoding="UTF-8"?>
<term>
  <id>08056</id>
  <doi>10.1351/goldbook.08056</doi>
  <code>08056</code>
  <status>current</status>
  <longtitle>IUPAC Gold Book - assessor</longtitle>
  <title>assessor</title>
  <termversion>5.0.0</termversion>
  <definitions>
    <item>
      <id>1</id>
      <text>Person, assigned by an accreditation body, with relevant professional expertise and experience who can determine the competence of a laboratory.</text>
      <notes>
        <item>The assessor may work alone or as part of a team and be engaged in a voluntary or paid capacity.</item>
        <item>The work of an assessor is often referred to as "assessment" and sometimes as "peer review".</item>
        <item>Depending on the role and responsibilities of an assessor, terms such as "lead assessor" and "technical assessor" are often used.</item>
      </notes>
      <sources>
        <item>PAC, 2021, 93, 997. 'Metrological and quality concepts in analytical chemistry (IUPAC Recommendations 2021)' on page 1020 (https://doi.org/10.1515/pac-2019-0819)</item>
      </sources>
    </item>
  </definitions>
  <links>
    <html>https://goldbook.iupac.org/terms/view/08056/html</html>
    <json>https://goldbook.iupac.org/terms/view/08056/json</json>
    <xml>https://goldbook.iupac.org/terms/view/08056/xml</xml>
    <plain>https://goldbook.iupac.org/terms/view/08056/plain</plain>
  </links>
  <citation>Citation: 'assessor' in IUPAC Compendium of Chemical Terminology, 5th ed. International Union of Pure and Applied Chemistry; 2025. Online version 5.0.0, 2025. 10.1351/goldbook.08056</citation>
  <license>The IUPAC Gold Book is licensed under Creative Commons Attribution-ShareAlike CC BY-SA 4.0 International (https://creativecommons.org/licenses/by-sa/4.0/) for individual terms.</license>
  <collection>If you are interested in licensing the Gold Book for commercial use, please contact the IUPAC Executive Director at executivedirector@iupac.org .</collection>
  <disclaimer>The International Union of Pure and Applied Chemistry (IUPAC) is continuously reviewing and, where needed, updating terms in the Compendium of Chemical Terminology (the IUPAC Gold Book). Users of these terms are encouraged to include the version of a term with its use and to check regularly for updates to term definitions that you are using.</disclaimer>
  <accessed>2025-02-25T07:00:11+00:00</accessed>
</term>
