<?xml version="1.0" encoding="UTF-8"?>
<term>
  <id>08057</id>
  <doi>10.1351/goldbook.08057</doi>
  <code>08057</code>
  <status>current</status>
  <longtitle>IUPAC Gold Book - assigned value</longtitle>
  <title>assigned value</title>
  <termversion>5.0.0</termversion>
  <definitions>
    <item>
      <id>1</id>
      <text>Value attributed to a particular property of an item and that serves as an agreed reference for comparison.</text>
      <notes>
        <item>The value may be a reference quantity value or a value of a nominal property.</item>
        <item>Options for establishing an assigned value for some types of proficiency testing schemes are detailed in ISO/IEC 17043 and ISO 13528.</item>
      </notes>
      <links>
        <item>
          <title>property value assignment</title>
          <url>https://goldbook.iupac.org/terms/view/08038</url>
        </item>
        <item>
          <title>property value assignment</title>
          <url>https://goldbook.iupac.org/terms/view/08038</url>
        </item>
      </links>
      <sources>
        <item>PAC, 2021, 93, 997. 'Metrological and quality concepts in analytical chemistry (IUPAC Recommendations 2021)' on page 1020 (https://doi.org/10.1515/pac-2019-0819)</item>
      </sources>
    </item>
  </definitions>
  <links>
    <html>https://goldbook.iupac.org/terms/view/08057/html</html>
    <json>https://goldbook.iupac.org/terms/view/08057/json</json>
    <xml>https://goldbook.iupac.org/terms/view/08057/xml</xml>
    <plain>https://goldbook.iupac.org/terms/view/08057/plain</plain>
  </links>
  <citation>Citation: 'assigned value' in IUPAC Compendium of Chemical Terminology, 5th ed. International Union of Pure and Applied Chemistry; 2025. Online version 5.0.0, 2025. 10.1351/goldbook.08057</citation>
  <license>The IUPAC Gold Book is licensed under Creative Commons Attribution-ShareAlike CC BY-SA 4.0 International (https://creativecommons.org/licenses/by-sa/4.0/) for individual terms.</license>
  <collection>If you are interested in licensing the Gold Book for commercial use, please contact the IUPAC Executive Director at executivedirector@iupac.org .</collection>
  <disclaimer>The International Union of Pure and Applied Chemistry (IUPAC) is continuously reviewing and, where needed, updating terms in the Compendium of Chemical Terminology (the IUPAC Gold Book). Users of these terms are encouraged to include the version of a term with its use and to check regularly for updates to term definitions that you are using.</disclaimer>
  <accessed>2025-02-25T07:00:14+00:00</accessed>
</term>
