<?xml version="1.0" encoding="UTF-8"?>
<term>
  <id>08051</id>
  <doi>10.1351/goldbook.08051</doi>
  <code>08051</code>
  <status>current</status>
  <longtitle>IUPAC Gold Book - working interval</longtitle>
  <title>working interval</title>
  <synonyms>
    <item>working range</item>
  </synonyms>
  <termversion>5.0.0</termversion>
  <definitions>
    <item>
      <id>1</id>
      <text>Set of quantity values over which a measuring instrument or measuring system provides measurement results with acceptable measurement uncertainty under defined conditions.</text>
      <notes>
        <item>In some fields, the term is "measurement range". In entry 4.7 of VIM, a similar concept termed "measuring interval" is defined.</item>
        <item>The working interval is bounded by the lower and upper limit of quantification.</item>
        <item>The lower limit of a working interval should not be confused with the detection limit.</item>
      </notes>
      <links>
        <item>
          <title>linearity of a measuring system (Note 2)</title>
          <url>https://goldbook.iupac.org/terms/view/08023</url>
        </item>
        <item>
          <title>limit of quantification</title>
          <url>https://goldbook.iupac.org/terms/view/08022</url>
        </item>
        <item>
          <title>linearity of a measuring system (Note 2)</title>
          <url>https://goldbook.iupac.org/terms/view/08023</url>
        </item>
        <item>
          <title>limit of quantification</title>
          <url>https://goldbook.iupac.org/terms/view/08022</url>
        </item>
      </links>
      <sources>
        <item>PAC, 2021, 93, 997. 'Metrological and quality concepts in analytical chemistry (IUPAC Recommendations 2021)' on page 1018 (https://doi.org/10.1515/pac-2019-0819)</item>
      </sources>
    </item>
  </definitions>
  <links>
    <html>https://goldbook.iupac.org/terms/view/08051/html</html>
    <json>https://goldbook.iupac.org/terms/view/08051/json</json>
    <xml>https://goldbook.iupac.org/terms/view/08051/xml</xml>
    <plain>https://goldbook.iupac.org/terms/view/08051/plain</plain>
  </links>
  <citation>Citation: 'working interval' in IUPAC Compendium of Chemical Terminology, 5th ed. International Union of Pure and Applied Chemistry; 2025. Online version 5.0.0, 2025. 10.1351/goldbook.08051</citation>
  <license>The IUPAC Gold Book is licensed under Creative Commons Attribution-ShareAlike CC BY-SA 4.0 International (https://creativecommons.org/licenses/by-sa/4.0/) for individual terms.</license>
  <collection>If you are interested in licensing the Gold Book for commercial use, please contact the IUPAC Executive Director at executivedirector@iupac.org .</collection>
  <disclaimer>The International Union of Pure and Applied Chemistry (IUPAC) is continuously reviewing and, where needed, updating terms in the Compendium of Chemical Terminology (the IUPAC Gold Book). Users of these terms are encouraged to include the version of a term with its use and to check regularly for updates to term definitions that you are using.</disclaimer>
  <accessed>2025-02-25T11:58:04+00:00</accessed>
</term>
