<?xml version="1.0" encoding="UTF-8"?>
<term>
  <id>08059</id>
  <doi>10.1351/goldbook.08059</doi>
  <code>08059</code>
  <status>current</status>
  <longtitle>IUPAC Gold Book - candidate certified reference material</longtitle>
  <title>candidate certified reference material</title>
  <synonyms>
    <item>candidate CRM</item>
  </synonyms>
  <termversion>5.0.0</termversion>
  <definitions>
    <item>
      <id>1</id>
      <text>Reference material subjected to a process of reference material certification.</text>
      <sources>
        <item>PAC, 2021, 93, 997. 'Metrological and quality concepts in analytical chemistry (IUPAC Recommendations 2021)' on page 1020 (https://doi.org/10.1515/pac-2019-0819)</item>
      </sources>
    </item>
  </definitions>
  <links>
    <html>https://goldbook.iupac.org/terms/view/08059/html</html>
    <json>https://goldbook.iupac.org/terms/view/08059/json</json>
    <xml>https://goldbook.iupac.org/terms/view/08059/xml</xml>
    <plain>https://goldbook.iupac.org/terms/view/08059/plain</plain>
  </links>
  <citation>Citation: 'candidate certified reference material' in IUPAC Compendium of Chemical Terminology, 5th ed. International Union of Pure and Applied Chemistry; 2025. Online version 5.0.0, 2025. 10.1351/goldbook.08059</citation>
  <license>The IUPAC Gold Book is licensed under Creative Commons Attribution-ShareAlike CC BY-SA 4.0 International (https://creativecommons.org/licenses/by-sa/4.0/) for individual terms.</license>
  <collection>If you are interested in licensing the Gold Book for commercial use, please contact the IUPAC Executive Director at executivedirector@iupac.org .</collection>
  <disclaimer>The International Union of Pure and Applied Chemistry (IUPAC) is continuously reviewing and, where needed, updating terms in the Compendium of Chemical Terminology (the IUPAC Gold Book). Users of these terms are encouraged to include the version of a term with its use and to check regularly for updates to term definitions that you are using.</disclaimer>
  <accessed>2025-02-25T07:18:49+00:00</accessed>
</term>
