<?xml version="1.0" encoding="UTF-8"?>
<term>
  <id>08050</id>
  <doi>10.1351/goldbook.08050</doi>
  <code>08050</code>
  <status>current</status>
  <longtitle>IUPAC Gold Book - unitary quantity</longtitle>
  <title>unitary quantity</title>
  <termversion>5.0.0</termversion>
  <definitions>
    <item>
      <id>1</id>
      <text>Quantity with a magnitude expressed as a reference quantity multiplied by a number.</text>
      <notes>
        <item>In the VIM, the concept is denoted as "quantity expressed by a measurement unit" in the concept diagram Figure A.1 and is referred to as "quantities other than ordinal quantities", for example, in entry 1.21, and as "non-ordinal quantity" in Note 1 to entry 2.41.</item>
      </notes>
      <sources>
        <item>PAC, 2021, 93, 997. 'Metrological and quality concepts in analytical chemistry (IUPAC Recommendations 2021)' on page 1018 (https://doi.org/10.1515/pac-2019-0819)</item>
      </sources>
    </item>
  </definitions>
  <links>
    <html>https://goldbook.iupac.org/terms/view/08050/html</html>
    <json>https://goldbook.iupac.org/terms/view/08050/json</json>
    <xml>https://goldbook.iupac.org/terms/view/08050/xml</xml>
    <plain>https://goldbook.iupac.org/terms/view/08050/plain</plain>
  </links>
  <citation>Citation: 'unitary quantity' in IUPAC Compendium of Chemical Terminology, 5th ed. International Union of Pure and Applied Chemistry; 2025. Online version 5.0.0, 2025. 10.1351/goldbook.08050</citation>
  <license>The IUPAC Gold Book is licensed under Creative Commons Attribution-ShareAlike CC BY-SA 4.0 International (https://creativecommons.org/licenses/by-sa/4.0/) for individual terms.</license>
  <collection>If you are interested in licensing the Gold Book for commercial use, please contact the IUPAC Executive Director at executivedirector@iupac.org .</collection>
  <disclaimer>The International Union of Pure and Applied Chemistry (IUPAC) is continuously reviewing and, where needed, updating terms in the Compendium of Chemical Terminology (the IUPAC Gold Book). Users of these terms are encouraged to include the version of a term with its use and to check regularly for updates to term definitions that you are using.</disclaimer>
  <accessed>2025-02-25T11:52:00+00:00</accessed>
</term>
