<?xml version="1.0" encoding="UTF-8"?>
<term>
  <id>00048</id>
  <doi>10.1351/goldbook.A00048</doi>
  <code>A00048</code>
  <status>current</status>
  <longtitle>IUPAC Gold Book - abundance sensitivity in mass spectrometry</longtitle>
  <title>abundance sensitivity</title>
  <termversion>2.3.3</termversion>
  <lastupdated>2014-02-24</lastupdated>
  <definitions>
    <item>
      <id>1</id>
      <text>The ratio of the maximum ion current recorded at a mass m to the ion current arising from the same species recorded at an adjacent mass (m ± 1).</text>
      <contexts>
        <in>
          <item>mass spectrometry</item>
        </in>
      </contexts>
      <math>
        <item>
          <meaning>Mass</meaning>
          <type>quantity</type>
          <alttext>m</alttext>
          <latex>m</latex>
        </item>
        <item>
          <meaning>Mass range</meaning>
          <type>math</type>
          <alttext>m ± 1</alttext>
          <latex>m\pm 1</latex>
        </item>
      </math>
      <sources>
        <item>PAC, 1991, 63, 1541. 'Recommendations for nomenclature and symbolism for mass spectroscopy (including an appendix of terms used in vacuum technology). (Recommendations 1991)' on page 1554 (https://doi.org/10.1351/pac199163101541)</item>
      </sources>
    </item>
  </definitions>
  <referencedin>
    <item>
      <title>Wikipedia - Accelerator mass spectrometry (en)</title>
      <url>https://en.wikipedia.org/wiki/Accelerator_mass_spectrometry</url>
    </item>
    <item>
      <title>Wikipedia - Espectrometría de masas con acelerador (es)</title>
      <url>https://es.wikipedia.org/wiki/Espectrometría_de_masas_con_acelerador</url>
    </item>
    <item>
      <title>Wikipedia - Hızlandırıcı kütle spektrometrisi (tr)</title>
      <url>https://tr.wikipedia.org/wiki/Hızlandırıcı_kütle_spektrometrisi</url>
    </item>
    <item>
      <title>Wikipedia - Sensibilità di abbondanza (it)</title>
      <url>https://it.wikipedia.org/wiki/Sensibilità_di_abbondanza</url>
    </item>
  </referencedin>
  <links>
    <html>https://goldbook.iupac.org/terms/view/A00048/html</html>
    <json>https://goldbook.iupac.org/terms/view/A00048/json</json>
    <xml>https://goldbook.iupac.org/terms/view/A00048/xml</xml>
    <plain>https://goldbook.iupac.org/terms/view/A00048/plain</plain>
  </links>
  <citation>Citation: 'abundance sensitivity' in IUPAC Compendium of Chemical Terminology, 5th ed. International Union of Pure and Applied Chemistry; 2025. Online version 5.0.0, 2025. 10.1351/goldbook.A00048</citation>
  <license>The IUPAC Gold Book is licensed under Creative Commons Attribution-ShareAlike CC BY-SA 4.0 International (https://creativecommons.org/licenses/by-sa/4.0/) for individual terms.</license>
  <collection>If you are interested in licensing the Gold Book for commercial use, please contact the IUPAC Executive Director at executivedirector@iupac.org .</collection>
  <disclaimer>The International Union of Pure and Applied Chemistry (IUPAC) is continuously reviewing and, where needed, updating terms in the Compendium of Chemical Terminology (the IUPAC Gold Book). Users of these terms are encouraged to include the version of a term with its use and to check regularly for updates to term definitions that you are using.</disclaimer>
  <accessed>2025-02-25T06:39:11+00:00</accessed>
</term>
