<?xml version="1.0" encoding="UTF-8"?>
<term>
  <id>00031</id>
  <doi>10.1351/goldbook.A00031</doi>
  <code>A00031</code>
  <status>current</status>
  <longtitle>IUPAC Gold Book - absorbed dose</longtitle>
  <title>absorbed dose</title>
  <termversion>2.3.3</termversion>
  <lastupdated>2014-02-24</lastupdated>
  <definitions>
    <item>
      <id>1</id>
      <text>Energy imparted to matter by ionizing radiation in a suitable small element of volume divided by the mass of that element of volume.</text>
      <contexts>
        <of>
          <item>radiation</item>
        </of>
      </contexts>
      <links>
        <item>
          <title>ionizing radiation</title>
          <url>https://goldbook.iupac.org/terms/view/I03216</url>
        </item>
      </links>
      <sources>
        <item>Orange Book, 2nd ed., p. 220 (https://media.iupac.org/publications/analytical_compendium/)</item>
        <item>PAC, 1993, 65, 2003. 'Glossary for chemists of terms used in toxicology (IUPAC Recommendations 1993)' on page 2007 (https://doi.org/10.1351/pac199365092003)</item>
        <item>PAC, 1996, 68, 957. 'Glossary of terms in quantities and units in Clinical Chemistry (IUPAC-IFCC Recommendations 1996)' on page 959 (https://doi.org/10.1351/pac199668040957)</item>
      </sources>
    </item>
  </definitions>
  <referencedin>
    <item>
      <title>Wikipedia - جرعة الطاقة الممتصة (ar)</title>
      <url>https://ar.wikipedia.org/wiki/جرعة_الطاقة_الممتصة</url>
    </item>
  </referencedin>
  <links>
    <html>https://goldbook.iupac.org/terms/view/A00031/html</html>
    <json>https://goldbook.iupac.org/terms/view/A00031/json</json>
    <xml>https://goldbook.iupac.org/terms/view/A00031/xml</xml>
    <plain>https://goldbook.iupac.org/terms/view/A00031/plain</plain>
  </links>
  <citation>Citation: 'absorbed dose' in IUPAC Compendium of Chemical Terminology, 5th ed. International Union of Pure and Applied Chemistry; 2025. Online version 5.0.0, 2025. 10.1351/goldbook.A00031</citation>
  <license>The IUPAC Gold Book is licensed under Creative Commons Attribution-ShareAlike CC BY-SA 4.0 International (https://creativecommons.org/licenses/by-sa/4.0/) for individual terms.</license>
  <collection>If you are interested in licensing the Gold Book for commercial use, please contact the IUPAC Executive Director at executivedirector@iupac.org .</collection>
  <disclaimer>The International Union of Pure and Applied Chemistry (IUPAC) is continuously reviewing and, where needed, updating terms in the Compendium of Chemical Terminology (the IUPAC Gold Book). Users of these terms are encouraged to include the version of a term with its use and to check regularly for updates to term definitions that you are using.</disclaimer>
  <accessed>2025-02-25T06:38:24+00:00</accessed>
</term>
