<?xml version="1.0" encoding="UTF-8"?>
<term>
  <id>00082</id>
  <doi>10.1351/goldbook.A00082</doi>
  <code>A00082</code>
  <status>current</status>
  <longtitle>IUPAC Gold Book - acidosis</longtitle>
  <title>acidosis</title>
  <termversion>2.0.2</termversion>
  <lastupdated>2008-10-07</lastupdated>
  <definitions>
    <item>
      <id>1</id>
      <text>Pathological condition in which the hydrogen ion substance concentration of body fluids is above normal and hence the pH of blood falls below the reference interval.</text>
      <links>
        <item>
          <title>alkalosis</title>
          <url>https://goldbook.iupac.org/terms/view/A00221</url>
        </item>
        <item>
          <title>alkalosis</title>
          <url>https://goldbook.iupac.org/terms/view/A00221</url>
        </item>
        <item>
          <title>substance concentration</title>
          <url>https://goldbook.iupac.org/terms/view/S06072</url>
        </item>
      </links>
      <sources>
        <item>PAC, 1993, 65, 2003. 'Glossary for chemists of terms used in toxicology (IUPAC Recommendations 1993)' on page 2009 (https://doi.org/10.1351/pac199365092003)</item>
      </sources>
    </item>
  </definitions>
  <referencedin>
    <item>
      <title>Wikipedia - حماض (طب) (ar)</title>
      <url>https://ar.wikipedia.org/wiki/حماض_(طب)</url>
    </item>
  </referencedin>
  <links>
    <html>https://goldbook.iupac.org/terms/view/A00082/html</html>
    <json>https://goldbook.iupac.org/terms/view/A00082/json</json>
    <xml>https://goldbook.iupac.org/terms/view/A00082/xml</xml>
    <plain>https://goldbook.iupac.org/terms/view/A00082/plain</plain>
  </links>
  <citation>Citation: 'acidosis' in IUPAC Compendium of Chemical Terminology, 5th ed. International Union of Pure and Applied Chemistry; 2025. Online version 5.0.0, 2025. 10.1351/goldbook.A00082</citation>
  <license>The IUPAC Gold Book is licensed under Creative Commons Attribution-ShareAlike CC BY-SA 4.0 International (https://creativecommons.org/licenses/by-sa/4.0/) for individual terms.</license>
  <collection>If you are interested in licensing the Gold Book for commercial use, please contact the IUPAC Executive Director at executivedirector@iupac.org .</collection>
  <disclaimer>The International Union of Pure and Applied Chemistry (IUPAC) is continuously reviewing and, where needed, updating terms in the Compendium of Chemical Terminology (the IUPAC Gold Book). Users of these terms are encouraged to include the version of a term with its use and to check regularly for updates to term definitions that you are using.</disclaimer>
  <accessed>2025-02-25T06:41:01+00:00</accessed>
</term>
