<?xml version="1.0" encoding="UTF-8"?>
<term>
  <id>00075</id>
  <doi>10.1351/goldbook.A00075</doi>
  <code>A00075</code>
  <status>current</status>
  <longtitle>IUPAC Gold Book - acid–base indicator</longtitle>
  <title>acid–base indicator</title>
  <termversion>2.3.3</termversion>
  <lastupdated>2014-02-24</lastupdated>
  <definitions>
    <item>
      <id>1</id>
      <text>An acid or base which exhibits a colour change on neutralization by the basic or acidic titrant at or near the equivalence point of a titration.</text>
      <links>
        <item>
          <title>titrant</title>
          <url>https://goldbook.iupac.org/terms/view/T06386</url>
        </item>
        <item>
          <title>equivalence point</title>
          <url>https://goldbook.iupac.org/terms/view/T06387</url>
        </item>
      </links>
      <sources>
        <item>Orange Book, 2nd ed., p. 48 (https://media.iupac.org/publications/analytical_compendium/)</item>
      </sources>
    </item>
  </definitions>
  <referencedin>
    <item>
      <title>Wikipedia - مؤشر الأس الهيدروجيني (ar)</title>
      <url>https://ar.wikipedia.org/wiki/مؤشر_الأس_الهيدروجيني</url>
    </item>
  </referencedin>
  <links>
    <html>https://goldbook.iupac.org/terms/view/A00075/html</html>
    <json>https://goldbook.iupac.org/terms/view/A00075/json</json>
    <xml>https://goldbook.iupac.org/terms/view/A00075/xml</xml>
    <plain>https://goldbook.iupac.org/terms/view/A00075/plain</plain>
  </links>
  <citation>Citation: 'acid–base indicator' in IUPAC Compendium of Chemical Terminology, 5th ed. International Union of Pure and Applied Chemistry; 2025. Online version 5.0.0, 2025. 10.1351/goldbook.A00075</citation>
  <license>The IUPAC Gold Book is licensed under Creative Commons Attribution-ShareAlike CC BY-SA 4.0 International (https://creativecommons.org/licenses/by-sa/4.0/) for individual terms.</license>
  <collection>If you are interested in licensing the Gold Book for commercial use, please contact the IUPAC Executive Director at executivedirector@iupac.org .</collection>
  <disclaimer>The International Union of Pure and Applied Chemistry (IUPAC) is continuously reviewing and, where needed, updating terms in the Compendium of Chemical Terminology (the IUPAC Gold Book). Users of these terms are encouraged to include the version of a term with its use and to check regularly for updates to term definitions that you are using.</disclaimer>
  <accessed>2025-02-25T06:40:44+00:00</accessed>
</term>
