<?xml version="1.0" encoding="UTF-8"?>
<term>
  <id>00022</id>
  <doi>10.1351/goldbook.A00022</doi>
  <code>A00022</code>
  <status>current</status>
  <longtitle>IUPAC Gold Book - absolute electrode potential</longtitle>
  <title>absolute electrode potential</title>
  <termversion>2.3.3</termversion>
  <lastupdated>2014-02-24</lastupdated>
  <definitions>
    <item>
      <id>1</id>
      <text>The electrode potential of a metal measured with respect to a universal reference system (not including any additional metal/solution interface).</text>
      <links>
        <item>
          <title>electrode potential</title>
          <url>https://goldbook.iupac.org/terms/view/E01956</url>
        </item>
        <item>
          <title>electrode potential</title>
          <url>https://goldbook.iupac.org/terms/view/E01956</url>
        </item>
        <item>
          <title>interface</title>
          <url>https://goldbook.iupac.org/terms/view/I03082</url>
        </item>
      </links>
      <sources>
        <item>PAC, 1986, 58, 955. 'The absolute electrode potential: an explanatory note (Recommendations 1986)' on page 957 (https://doi.org/10.1351/pac198658070955)</item>
      </sources>
    </item>
  </definitions>
  <referencedin>
    <item>
      <title>Wikipedia - Absolute electrode potential (en)</title>
      <url>https://en.wikipedia.org/wiki/Absolute_electrode_potential</url>
    </item>
    <item>
      <title>Wikipedia - Elektrodenpotential (de)</title>
      <url>https://de.wikipedia.org/wiki/Elektrodenpotential</url>
    </item>
    <item>
      <title>Wikipedia - Glossary of civil engineering (en)</title>
      <url>https://en.wikipedia.org/wiki/Glossary_of_civil_engineering</url>
    </item>
    <item>
      <title>Wikipedia - Glossary of engineering (en)</title>
      <url>https://en.wikipedia.org/wiki/Glossary_of_engineering</url>
    </item>
    <item>
      <title>Wikipedia - Glossary of engineering: A–L (en)</title>
      <url>https://en.wikipedia.org/wiki/Glossary_of_engineering:_A–L</url>
    </item>
    <item>
      <title>Wikipedia - Glossary of structural engineering (en)</title>
      <url>https://en.wikipedia.org/wiki/Glossary_of_structural_engineering</url>
    </item>
    <item>
      <title>Wikipedia - Mutlak elektrot potansiyeli (tr)</title>
      <url>https://tr.wikipedia.org/wiki/Mutlak_elektrot_potansiyeli</url>
    </item>
    <item>
      <title>Wikipedia - Potencial absolut d'elèctrode (ca)</title>
      <url>https://ca.wikipedia.org/wiki/Potencial_absolut_d'elèctrode</url>
    </item>
    <item>
      <title>Wikipedia - Potencial absoluto de electrodo (es)</title>
      <url>https://es.wikipedia.org/wiki/Potencial_absoluto_de_electrodo</url>
    </item>
  </referencedin>
  <links>
    <html>https://goldbook.iupac.org/terms/view/A00022/html</html>
    <json>https://goldbook.iupac.org/terms/view/A00022/json</json>
    <xml>https://goldbook.iupac.org/terms/view/A00022/xml</xml>
    <plain>https://goldbook.iupac.org/terms/view/A00022/plain</plain>
  </links>
  <citation>Citation: 'absolute electrode potential' in IUPAC Compendium of Chemical Terminology, 5th ed. International Union of Pure and Applied Chemistry; 2025. Online version 5.0.0, 2025. 10.1351/goldbook.A00022</citation>
  <license>The IUPAC Gold Book is licensed under Creative Commons Attribution-ShareAlike CC BY-SA 4.0 International (https://creativecommons.org/licenses/by-sa/4.0/) for individual terms.</license>
  <collection>If you are interested in licensing the Gold Book for commercial use, please contact the IUPAC Executive Director at executivedirector@iupac.org .</collection>
  <disclaimer>The International Union of Pure and Applied Chemistry (IUPAC) is continuously reviewing and, where needed, updating terms in the Compendium of Chemical Terminology (the IUPAC Gold Book). Users of these terms are encouraged to include the version of a term with its use and to check regularly for updates to term definitions that you are using.</disclaimer>
  <accessed>2025-02-25T06:37:54+00:00</accessed>
</term>
