<?xml version="1.0" encoding="UTF-8"?>
<term>
  <id>00087</id>
  <doi>10.1351/goldbook.A00087</doi>
  <code>A00087</code>
  <status>current</status>
  <longtitle>IUPAC Gold Book - actinometer</longtitle>
  <title>actinometer</title>
  <termversion>2.3.3</termversion>
  <lastupdated>2014-02-24</lastupdated>
  <definitions>
    <item>
      <id>1</id>
      <text>A chemical system or physical device which determines the number of photons in a beam integrally or per unit time. This name is commonly applied to devices used in the ultraviolet and visiblewavelength ranges. For example, solutions of iron(III) oxalate can be used as a chemical actinometer, while bolometers, thermopiles, and photodiodes are physical devices giving a reading that can be correlated to the number of photons detected.</text>
      <links>
        <item>
          <title>chemical actinometer</title>
          <url>https://goldbook.iupac.org/terms/view/C01016</url>
        </item>
        <item>
          <title>chemical actinometer</title>
          <url>https://goldbook.iupac.org/terms/view/C01016</url>
        </item>
        <item>
          <title>photons</title>
          <url>https://goldbook.iupac.org/terms/view/P04627</url>
        </item>
        <item>
          <title>chemical actinometer</title>
          <url>https://goldbook.iupac.org/terms/view/C01016</url>
        </item>
        <item>
          <title>photons</title>
          <url>https://goldbook.iupac.org/terms/view/P04627</url>
        </item>
        <item>
          <title>ultraviolet</title>
          <url>https://goldbook.iupac.org/terms/view/UT07492</url>
        </item>
        <item>
          <title>visible</title>
          <url>https://goldbook.iupac.org/terms/view/VT07496</url>
        </item>
        <item>
          <title>wavelength</title>
          <url>https://goldbook.iupac.org/terms/view/W06659</url>
        </item>
        <item>
          <title>reading</title>
          <url>https://goldbook.iupac.org/terms/view/R05189</url>
        </item>
      </links>
      <sources>
        <item>PAC, 1996, 68, 2223. 'Glossary of terms used in photochemistry (IUPAC Recommendations 1996)' on page 2227 (https://doi.org/10.1351/pac199668122223)</item>
      </sources>
    </item>
  </definitions>
  <referencedin>
    <item>
      <title>Wikipedia - مقياس شدة الإشعاع (ar)</title>
      <url>https://ar.wikipedia.org/wiki/مقياس_شدة_الإشعاع</url>
    </item>
  </referencedin>
  <links>
    <html>https://goldbook.iupac.org/terms/view/A00087/html</html>
    <json>https://goldbook.iupac.org/terms/view/A00087/json</json>
    <xml>https://goldbook.iupac.org/terms/view/A00087/xml</xml>
    <plain>https://goldbook.iupac.org/terms/view/A00087/plain</plain>
  </links>
  <citation>Citation: 'actinometer' in IUPAC Compendium of Chemical Terminology, 5th ed. International Union of Pure and Applied Chemistry; 2025. Online version 5.0.0, 2025. 10.1351/goldbook.A00087</citation>
  <license>The IUPAC Gold Book is licensed under Creative Commons Attribution-ShareAlike CC BY-SA 4.0 International (https://creativecommons.org/licenses/by-sa/4.0/) for individual terms.</license>
  <collection>If you are interested in licensing the Gold Book for commercial use, please contact the IUPAC Executive Director at executivedirector@iupac.org .</collection>
  <disclaimer>The International Union of Pure and Applied Chemistry (IUPAC) is continuously reviewing and, where needed, updating terms in the Compendium of Chemical Terminology (the IUPAC Gold Book). Users of these terms are encouraged to include the version of a term with its use and to check regularly for updates to term definitions that you are using.</disclaimer>
  <accessed>2025-02-25T06:41:11+00:00</accessed>
</term>
