<?xml version="1.0" encoding="UTF-8"?>
<term>
  <id>00046</id>
  <doi>10.1351/goldbook.A00046</doi>
  <code>A00046</code>
  <status>current</status>
  <longtitle>IUPAC Gold Book - abstraction process in catalysis</longtitle>
  <title>abstraction process</title>
  <contains>extraction process <span class="in">in catalysis</span></contains>
  <termversion>2.3.3</termversion>
  <lastupdated>2014-02-24</lastupdated>
  <definitions>
    <item>
      <id>1</id>
      <text>In abstraction and extraction processes, an adsorptive or adsorbate species extracts an adsorbed atom or a lattice atom respectively. Abstraction process: [image: Not defined]Extraction process: [image: Not defined] </text>
      <contexts>
        <in>
          <item>catalysis</item>
        </in>
      </contexts>
      <chemicals>
        <item>
          <type>chemimage</type>
          <title>Not defined</title>
          <file>https://goldbook.iupac.org/img/inline/A00046-1.png</file>
        </item>
        <item>
          <type>chemimage</type>
          <title>Not defined</title>
          <file>https://goldbook.iupac.org/img/inline/A00046-2.png</file>
        </item>
      </chemicals>
      <links>
        <item>
          <title>abstraction</title>
          <url>https://goldbook.iupac.org/terms/view/A00045</url>
        </item>
        <item>
          <title>extraction</title>
          <url>https://goldbook.iupac.org/terms/view/E02301</url>
        </item>
        <item>
          <title>abstraction</title>
          <url>https://goldbook.iupac.org/terms/view/A00045</url>
        </item>
        <item>
          <title>extraction</title>
          <url>https://goldbook.iupac.org/terms/view/E02301</url>
        </item>
        <item>
          <title>adsorptive</title>
          <url>https://goldbook.iupac.org/terms/view/A00166</url>
        </item>
        <item>
          <title>adsorbate</title>
          <url>https://goldbook.iupac.org/terms/view/A00152</url>
        </item>
      </links>
      <sources>
        <item>PAC, 1976, 46, 71. 'Manual of Symbols and Terminology for Physicochemical Quantities and Units - Appendix II. Definitions, Terminology and Symbols in Colloid and Surface Chemistry. Part II: Heterogeneous Catalysis' on page 85 (https://doi.org/10.1351/pac197646010071)</item>
      </sources>
    </item>
  </definitions>
  <referencedin>
    <item>
      <title>Wikipedia - Template:GoldBook1997 (it)</title>
      <url>https://it.wikipedia.org/wiki/Template:GoldBook1997</url>
    </item>
    <item>
      <title>Wikipedia - Template:GoldBookRef (en)</title>
      <url>https://en.wikipedia.org/wiki/Template:GoldBookRef</url>
    </item>
    <item>
      <title>Wikipedia - మూస:GoldBookRef (te)</title>
      <url>https://te.wikipedia.org/wiki/మూస:GoldBookRef</url>
    </item>
  </referencedin>
  <links>
    <html>https://goldbook.iupac.org/terms/view/A00046/html</html>
    <json>https://goldbook.iupac.org/terms/view/A00046/json</json>
    <xml>https://goldbook.iupac.org/terms/view/A00046/xml</xml>
    <plain>https://goldbook.iupac.org/terms/view/A00046/plain</plain>
  </links>
  <citation>Citation: 'abstraction process' in IUPAC Compendium of Chemical Terminology, 5th ed. International Union of Pure and Applied Chemistry; 2025. Online version 5.0.0, 2025. 10.1351/goldbook.A00046</citation>
  <license>The IUPAC Gold Book is licensed under Creative Commons Attribution-ShareAlike CC BY-SA 4.0 International (https://creativecommons.org/licenses/by-sa/4.0/) for individual terms.</license>
  <collection>If you are interested in licensing the Gold Book for commercial use, please contact the IUPAC Executive Director at executivedirector@iupac.org .</collection>
  <disclaimer>The International Union of Pure and Applied Chemistry (IUPAC) is continuously reviewing and, where needed, updating terms in the Compendium of Chemical Terminology (the IUPAC Gold Book). Users of these terms are encouraged to include the version of a term with its use and to check regularly for updates to term definitions that you are using.</disclaimer>
  <accessed>2025-02-25T06:39:08+00:00</accessed>
</term>
