<?xml version="1.0" encoding="UTF-8"?>
<term>
  <id>00034</id>
  <doi>10.1351/goldbook.A00034</doi>
  <code>A00034</code>
  <status>current</status>
  <longtitle>IUPAC Gold Book - absorber</longtitle>
  <title>absorber</title>
  <termversion>2.3.3</termversion>
  <lastupdated>2014-02-24</lastupdated>
  <definitions>
    <item>
      <id>1</id>
      <text>A device used commonly for sampling by absorption in which a gaseous or liquid material is removed from another gas or liquid by selective absorption; these include: scrubber, impinger, packed column, spray chamber, etc. Source:   PAC, 1990, 62, 2167 (Glossary of atmospheric chemistry terms (Recommendations 1990))  on page 2169 </text>
      <links>
        <item>
          <title>impinger</title>
          <url>https://goldbook.iupac.org/terms/view/I02990</url>
        </item>
      </links>
      <sources>
        <item>PAC, 1990, 62, 2167. 'Glossary of atmospheric chemistry terms (Recommendations 1990)' on page 2169 (https://doi.org/10.1351/pac199062112167)</item>
      </sources>
    </item>
    <item>
      <id>2</id>
      <text>A substance used to absorb energy from any type of radiation.</text>
      <links>
        <item>
          <title>radiation</title>
          <url>https://goldbook.iupac.org/terms/view/R05048</url>
        </item>
      </links>
      <sources>
        <item>PAC, 1982, 54, 1533. 'Glossary of terms used in nuclear analytical chemistry (Provisional)' on page 1534 (https://doi.org/10.1351/pac198254081533)</item>
      </sources>
    </item>
  </definitions>
  <referencedin>
    <item>
      <title>Wikipedia - Assorbimento gas-liquido (it)</title>
      <url>https://it.wikipedia.org/wiki/Assorbimento_gas-liquido</url>
    </item>
    <item>
      <title>Wikipedia - Scrubber (it)</title>
      <url>https://it.wikipedia.org/wiki/Scrubber</url>
    </item>
  </referencedin>
  <links>
    <html>https://goldbook.iupac.org/terms/view/A00034/html</html>
    <json>https://goldbook.iupac.org/terms/view/A00034/json</json>
    <xml>https://goldbook.iupac.org/terms/view/A00034/xml</xml>
    <plain>https://goldbook.iupac.org/terms/view/A00034/plain</plain>
  </links>
  <citation>Citation: 'absorber' in IUPAC Compendium of Chemical Terminology, 5th ed. International Union of Pure and Applied Chemistry; 2025. Online version 5.0.0, 2025. 10.1351/goldbook.A00034</citation>
  <license>The IUPAC Gold Book is licensed under Creative Commons Attribution-ShareAlike CC BY-SA 4.0 International (https://creativecommons.org/licenses/by-sa/4.0/) for individual terms.</license>
  <collection>If you are interested in licensing the Gold Book for commercial use, please contact the IUPAC Executive Director at executivedirector@iupac.org .</collection>
  <disclaimer>The International Union of Pure and Applied Chemistry (IUPAC) is continuously reviewing and, where needed, updating terms in the Compendium of Chemical Terminology (the IUPAC Gold Book). Users of these terms are encouraged to include the version of a term with its use and to check regularly for updates to term definitions that you are using.</disclaimer>
  <accessed>2025-02-25T06:38:32+00:00</accessed>
</term>
