<?xml version="1.0" encoding="UTF-8"?>
<term>
  <id>00018</id>
  <doi>10.1351/goldbook.A00018</doi>
  <code>A00018</code>
  <status>current</status>
  <longtitle>IUPAC Gold Book - absolute activation analysis</longtitle>
  <title>absolute activation analysis</title>
  <termversion/>
  <definitions>
    <item>
      <id>1</id>
      <text>A kind of activation analysis in which the elemental concentrations in the material are calculated from known nuclear constants, irradiation and measurement parameters, rather than by comparing with known standards.</text>
      <links>
        <item>
          <title>activation analysis</title>
          <url>https://goldbook.iupac.org/terms/view/A00096</url>
        </item>
        <item>
          <title>irradiation</title>
          <url>https://goldbook.iupac.org/terms/view/I03255</url>
        </item>
      </links>
      <sources>
        <item>PAC, 1994, 66, 2513. 'Nomenclature for radioanalytical chemistry (IUPAC Recommendations 1994)' on page 2515 (https://doi.org/10.1351/pac199466122513)</item>
      </sources>
    </item>
  </definitions>
  <links>
    <html>https://goldbook.iupac.org/terms/view/A00018/html</html>
    <json>https://goldbook.iupac.org/terms/view/A00018/json</json>
    <xml>https://goldbook.iupac.org/terms/view/A00018/xml</xml>
    <plain>https://goldbook.iupac.org/terms/view/A00018/plain</plain>
  </links>
  <citation>Citation: 'absolute activation analysis' in IUPAC Compendium of Chemical Terminology, 5th ed. International Union of Pure and Applied Chemistry; 2025. Online version 5.0.0, 2025. 10.1351/goldbook.A00018</citation>
  <license>The IUPAC Gold Book is licensed under Creative Commons Attribution-ShareAlike CC BY-SA 4.0 International (https://creativecommons.org/licenses/by-sa/4.0/) for individual terms.</license>
  <collection>If you are interested in licensing the Gold Book for commercial use, please contact the IUPAC Executive Director at executivedirector@iupac.org .</collection>
  <disclaimer>The International Union of Pure and Applied Chemistry (IUPAC) is continuously reviewing and, where needed, updating terms in the Compendium of Chemical Terminology (the IUPAC Gold Book). Users of these terms are encouraged to include the version of a term with its use and to check regularly for updates to term definitions that you are using.</disclaimer>
  <accessed>2025-02-25T06:37:41+00:00</accessed>
</term>
