<?xml version="1.0" encoding="UTF-8"?>
<term>
  <id>00033</id>
  <doi>10.1351/goldbook.A00033</doi>
  <code>A00033</code>
  <status>current</status>
  <longtitle>IUPAC Gold Book - absorbed electrons in in situ microanalysis</longtitle>
  <title>absorbed electrons</title>
  <termversion>2.3.3</termversion>
  <lastupdated>2014-02-24</lastupdated>
  <definitions>
    <item>
      <id>1</id>
      <text>The (excess) electrons present in a specimen under electron bombardment which are led to ground and measured as specimen current. The number of absorbed electrons per unit time (or the specimen current) equals the number of primary electrons minus the number of back scattered, secondary and transmitted electrons per unit time. Therefore the fraction of electrons being absorbed depends on many parameters, including the composition and thickness of the specimen, the primary electron energy, the electron incidence angle and local electrostatic fields when present.</text>
      <contexts>
        <in>
          <item>in situ microanalysis</item>
        </in>
      </contexts>
      <links>
        <item>
          <title>primary electrons (in in situ microanalysis)</title>
          <url>https://goldbook.iupac.org/terms/view/P04829</url>
        </item>
        <item>
          <title>primary electrons (in in situ microanalysis)</title>
          <url>https://goldbook.iupac.org/terms/view/P04829</url>
        </item>
        <item>
          <title>angle (in in situ microanalysis)</title>
          <url>https://goldbook.iupac.org/terms/view/A00346</url>
        </item>
      </links>
      <sources>
        <item>PAC, 1983, 55, 2023. 'Nomenclature, symbols and units recommended for in situ microanalysis (Provisional)' on page 2026 (https://doi.org/10.1351/pac198355122023)</item>
      </sources>
    </item>
  </definitions>
  <links>
    <html>https://goldbook.iupac.org/terms/view/A00033/html</html>
    <json>https://goldbook.iupac.org/terms/view/A00033/json</json>
    <xml>https://goldbook.iupac.org/terms/view/A00033/xml</xml>
    <plain>https://goldbook.iupac.org/terms/view/A00033/plain</plain>
  </links>
  <citation>Citation: 'absorbed electrons' in IUPAC Compendium of Chemical Terminology, 5th ed. International Union of Pure and Applied Chemistry; 2025. Online version 5.0.0, 2025. 10.1351/goldbook.A00033</citation>
  <license>The IUPAC Gold Book is licensed under Creative Commons Attribution-ShareAlike CC BY-SA 4.0 International (https://creativecommons.org/licenses/by-sa/4.0/) for individual terms.</license>
  <collection>If you are interested in licensing the Gold Book for commercial use, please contact the IUPAC Executive Director at executivedirector@iupac.org .</collection>
  <disclaimer>The International Union of Pure and Applied Chemistry (IUPAC) is continuously reviewing and, where needed, updating terms in the Compendium of Chemical Terminology (the IUPAC Gold Book). Users of these terms are encouraged to include the version of a term with its use and to check regularly for updates to term definitions that you are using.</disclaimer>
  <accessed>2025-02-25T06:38:29+00:00</accessed>
</term>
