<?xml version="1.0" encoding="UTF-8"?>
<term>
  <id>00036</id>
  <doi>10.1351/goldbook.A00036</doi>
  <code>A00036</code>
  <status>current</status>
  <longtitle>IUPAC Gold Book - absorption</longtitle>
  <title>absorption</title>
  <termversion>2.3.3</termversion>
  <lastupdated>2014-02-24</lastupdated>
  <definitions>
    <item>
      <id>1</id>
      <text>The process of one material (absorbate) being retained by another (absorbent); this may be the physical solution of a gas, liquid, or solid in a liquid, attachment of molecules of a gas, vapour, liquid, or dissolved substance to a solid surface by physical forces, etc. In spectrophotometry, absorption of light at characteristic wavelengths or bands of wavelengths is used to identify the chemical nature of molecules, atoms or ions and to measure the concentrations of these species.</text>
      <links>
        <item>
          <title>attachment</title>
          <url>https://goldbook.iupac.org/terms/view/A00512</url>
        </item>
      </links>
      <sources>
        <item>PAC, 1990, 62, 2167. 'Glossary of atmospheric chemistry terms (Recommendations 1990)' on page 2169 (https://doi.org/10.1351/pac199062112167)</item>
      </sources>
    </item>
    <item>
      <id>2</id>
      <text>A phenomenon in which radiation transfers to matter which it traverses some of or all its energy. Source:   PAC, 1982, 54, 1533 (Glossary of terms used in nuclear analytical chemistry (Provisional))  on page 1534   PAC, 1996, 68, 2223 (Glossary of terms used in photochemistry (IUPAC Recommendations 1996))  on page 2226 </text>
      <links>
        <item>
          <title>radiation</title>
          <url>https://goldbook.iupac.org/terms/view/R05048</url>
        </item>
      </links>
      <sources>
        <item>PAC, 1982, 54, 1533. 'Glossary of terms used in nuclear analytical chemistry (Provisional)' on page 1534 (https://doi.org/10.1351/pac198254081533)</item>
        <item>PAC, 1996, 68, 2223. 'Glossary of terms used in photochemistry (IUPAC Recommendations 1996)' on page 2226 (https://doi.org/10.1351/pac199668122223)</item>
      </sources>
    </item>
  </definitions>
  <referencedin>
    <item>
      <title>Wikipedia - Absorbimento (it)</title>
      <url>https://it.wikipedia.org/wiki/Absorbimento</url>
    </item>
    <item>
      <title>Wikipedia - Absorpcja (chemia fizyczna) (pl)</title>
      <url>https://pl.wikipedia.org/wiki/Absorpcja_(chemia_fizyczna)</url>
    </item>
    <item>
      <title>Wikipedia - Absorptio (kemia) (fi)</title>
      <url>https://fi.wikipedia.org/wiki/Absorptio_(kemia)</url>
    </item>
    <item>
      <title>Wikipedia - Absorption (Chemie) (de)</title>
      <url>https://de.wikipedia.org/wiki/Absorption_(Chemie)</url>
    </item>
    <item>
      <title>Wikipedia - Absorption (Physik) (de)</title>
      <url>https://de.wikipedia.org/wiki/Absorption_(Physik)</url>
    </item>
    <item>
      <title>Wikipedia - Absorption (chemistry) (en)</title>
      <url>https://en.wikipedia.org/wiki/Absorption_(chemistry)</url>
    </item>
    <item>
      <title>Wikipedia - Adsorpcja (pl)</title>
      <url>https://pl.wikipedia.org/wiki/Adsorpcja</url>
    </item>
    <item>
      <title>Wikipedia - Adsorption (de)</title>
      <url>https://de.wikipedia.org/wiki/Adsorption</url>
    </item>
    <item>
      <title>Wikipedia - Adsorption (fr)</title>
      <url>https://fr.wikipedia.org/wiki/Adsorption</url>
    </item>
    <item>
      <title>Wikipedia - Diskussion:Chemisorption (de)</title>
      <url>https://de.wikipedia.org/wiki/Diskussion:Chemisorption</url>
    </item>
    <item>
      <title>Wikipedia - Wikipedia:Redaktion Chemie (de)</title>
      <url>https://de.wikipedia.org/wiki/Wikipedia:Redaktion_Chemie</url>
    </item>
    <item>
      <title>Wikipedia - Нилендемась (mdf)</title>
      <url>https://mdf.wikipedia.org/wiki/Нилендемась</url>
    </item>
    <item>
      <title>Wikipedia - 吸收 (化学) (zh)</title>
      <url>https://zh.wikipedia.org/wiki/吸收_(化学)</url>
    </item>
  </referencedin>
  <links>
    <html>https://goldbook.iupac.org/terms/view/A00036/html</html>
    <json>https://goldbook.iupac.org/terms/view/A00036/json</json>
    <xml>https://goldbook.iupac.org/terms/view/A00036/xml</xml>
    <plain>https://goldbook.iupac.org/terms/view/A00036/plain</plain>
  </links>
  <citation>Citation: 'absorption' in IUPAC Compendium of Chemical Terminology, 5th ed. International Union of Pure and Applied Chemistry; 2025. Online version 5.0.0, 2025. 10.1351/goldbook.A00036</citation>
  <license>The IUPAC Gold Book is licensed under Creative Commons Attribution-ShareAlike CC BY-SA 4.0 International (https://creativecommons.org/licenses/by-sa/4.0/) for individual terms.</license>
  <collection>If you are interested in licensing the Gold Book for commercial use, please contact the IUPAC Executive Director at executivedirector@iupac.org .</collection>
  <disclaimer>The International Union of Pure and Applied Chemistry (IUPAC) is continuously reviewing and, where needed, updating terms in the Compendium of Chemical Terminology (the IUPAC Gold Book). Users of these terms are encouraged to include the version of a term with its use and to check regularly for updates to term definitions that you are using.</disclaimer>
  <accessed>2025-02-25T06:38:38+00:00</accessed>
</term>
