<?xml version="1.0" encoding="UTF-8"?>
<term>
  <id>00096</id>
  <doi>10.1351/goldbook.A00096</doi>
  <code>A00096</code>
  <status>current</status>
  <longtitle>IUPAC Gold Book - activation analysis (nuclear)</longtitle>
  <title>activation analysis (nuclear)</title>
  <termversion>2.3.3</termversion>
  <lastupdated>2014-02-24</lastupdated>
  <definitions>
    <item>
      <id>1</id>
      <text>A kind of elemental or isotopic analysis based on the measurement of characteristic radiation from nuclides formed directly or indirectly by activation of the test portion. In general, a specification is added of the type of the incident radiation (e.g. neutron, photon) and its energy (e.g. thermal, fast).</text>
      <links>
        <item>
          <title>radiation</title>
          <url>https://goldbook.iupac.org/terms/view/R05048</url>
        </item>
        <item>
          <title>nuclides</title>
          <url>https://goldbook.iupac.org/terms/view/N04257</url>
        </item>
        <item>
          <title>activation</title>
          <url>https://goldbook.iupac.org/terms/view/A00093</url>
        </item>
        <item>
          <title>energy</title>
          <url>https://goldbook.iupac.org/terms/view/E02101</url>
        </item>
        <item>
          <title>radiation</title>
          <url>https://goldbook.iupac.org/terms/view/R05048</url>
        </item>
        <item>
          <title>nuclides</title>
          <url>https://goldbook.iupac.org/terms/view/N04257</url>
        </item>
        <item>
          <title>activation</title>
          <url>https://goldbook.iupac.org/terms/view/A00093</url>
        </item>
        <item>
          <title>energy</title>
          <url>https://goldbook.iupac.org/terms/view/E02101</url>
        </item>
        <item>
          <title>test portion</title>
          <url>https://goldbook.iupac.org/terms/view/T06284</url>
        </item>
        <item>
          <title>neutron</title>
          <url>https://goldbook.iupac.org/terms/view/N04116</url>
        </item>
      </links>
      <sources>
        <item>Orange Book, 2nd ed., p. 210 (https://media.iupac.org/publications/analytical_compendium/)</item>
        <item>PAC, 1994, 66, 2513. 'Nomenclature for radioanalytical chemistry (IUPAC Recommendations 1994)' on page 2515 (https://doi.org/10.1351/pac199466122513)</item>
      </sources>
    </item>
  </definitions>
  <links>
    <html>https://goldbook.iupac.org/terms/view/A00096/html</html>
    <json>https://goldbook.iupac.org/terms/view/A00096/json</json>
    <xml>https://goldbook.iupac.org/terms/view/A00096/xml</xml>
    <plain>https://goldbook.iupac.org/terms/view/A00096/plain</plain>
  </links>
  <citation>Citation: 'activation analysis (nuclear)' in IUPAC Compendium of Chemical Terminology, 5th ed. International Union of Pure and Applied Chemistry; 2025. Online version 5.0.0, 2025. 10.1351/goldbook.A00096</citation>
  <license>The IUPAC Gold Book is licensed under Creative Commons Attribution-ShareAlike CC BY-SA 4.0 International (https://creativecommons.org/licenses/by-sa/4.0/) for individual terms.</license>
  <collection>If you are interested in licensing the Gold Book for commercial use, please contact the IUPAC Executive Director at executivedirector@iupac.org .</collection>
  <disclaimer>The International Union of Pure and Applied Chemistry (IUPAC) is continuously reviewing and, where needed, updating terms in the Compendium of Chemical Terminology (the IUPAC Gold Book). Users of these terms are encouraged to include the version of a term with its use and to check regularly for updates to term definitions that you are using.</disclaimer>
  <accessed>2025-02-25T06:41:31+00:00</accessed>
</term>
