<?xml version="1.0" encoding="UTF-8"?>
<term>
  <id>00089</id>
  <doi>10.1351/goldbook.A00089</doi>
  <code>A00089</code>
  <status>current</status>
  <longtitle>IUPAC Gold Book - activated adsorption process</longtitle>
  <title>activated adsorption process</title>
  <termversion>2.3.3</termversion>
  <lastupdated>2014-02-24</lastupdated>
  <definitions>
    <item>
      <id>1</id>
      <text>If the temperature coefficient of the rate of adsorption is substantial, an adsorption process is said to be activated (i.e. to have a significant activation energy). In this case, the sticking coefficient is small. In general, the activation energy of activated adsorption is a function of coverage and it usually increases with increasing coverage.</text>
      <links>
        <item>
          <title>coefficient</title>
          <url>https://goldbook.iupac.org/terms/view/C01124</url>
        </item>
        <item>
          <title>activation (in surface chemistry)</title>
          <url>https://goldbook.iupac.org/terms/view/A00093</url>
        </item>
        <item>
          <title>coefficient</title>
          <url>https://goldbook.iupac.org/terms/view/C01124</url>
        </item>
        <item>
          <title>activation (in surface chemistry)</title>
          <url>https://goldbook.iupac.org/terms/view/A00093</url>
        </item>
        <item>
          <title>adsorption</title>
          <url>https://goldbook.iupac.org/terms/view/A00155</url>
        </item>
        <item>
          <title>activation energy</title>
          <url>https://goldbook.iupac.org/terms/view/A00102</url>
        </item>
        <item>
          <title>sticking coefficient (in surface chemistry)</title>
          <url>https://goldbook.iupac.org/terms/view/S06012</url>
        </item>
      </links>
      <sources>
        <item>PAC, 1976, 46, 71. 'Manual of Symbols and Terminology for Physicochemical Quantities and Units - Appendix II. Definitions, Terminology and Symbols in Colloid and Surface Chemistry. Part II: Heterogeneous Catalysis' on page 79 (https://doi.org/10.1351/pac197646010071)</item>
      </sources>
    </item>
  </definitions>
  <links>
    <html>https://goldbook.iupac.org/terms/view/A00089/html</html>
    <json>https://goldbook.iupac.org/terms/view/A00089/json</json>
    <xml>https://goldbook.iupac.org/terms/view/A00089/xml</xml>
    <plain>https://goldbook.iupac.org/terms/view/A00089/plain</plain>
  </links>
  <citation>Citation: 'activated adsorption process' in IUPAC Compendium of Chemical Terminology, 5th ed. International Union of Pure and Applied Chemistry; 2025. Online version 5.0.0, 2025. 10.1351/goldbook.A00089</citation>
  <license>The IUPAC Gold Book is licensed under Creative Commons Attribution-ShareAlike CC BY-SA 4.0 International (https://creativecommons.org/licenses/by-sa/4.0/) for individual terms.</license>
  <collection>If you are interested in licensing the Gold Book for commercial use, please contact the IUPAC Executive Director at executivedirector@iupac.org .</collection>
  <disclaimer>The International Union of Pure and Applied Chemistry (IUPAC) is continuously reviewing and, where needed, updating terms in the Compendium of Chemical Terminology (the IUPAC Gold Book). Users of these terms are encouraged to include the version of a term with its use and to check regularly for updates to term definitions that you are using.</disclaimer>
  <accessed>2025-02-25T06:41:17+00:00</accessed>
</term>
