<?xml version="1.0" encoding="UTF-8"?>
<term>
  <id>00080</id>
  <doi>10.1351/goldbook.A00080</doi>
  <code>A00080</code>
  <status>current</status>
  <longtitle>IUPAC Gold Book - acidity constant</longtitle>
  <title>acidity constant</title>
  <termversion>2.3.3</termversion>
  <lastupdated>2014-02-24</lastupdated>
  <definitions>
    <item>
      <id>1</id>
      <text>The equilibrium constantKan for splitting off the nth proton from a charged or uncharged acid, to be defined. One may write Ka for Ka1.</text>
      <links>
        <item>
          <title>equilibrium constant</title>
          <url>https://goldbook.iupac.org/terms/view/E02177</url>
        </item>
        <item>
          <title>equilibrium constant</title>
          <url>https://goldbook.iupac.org/terms/view/E02177</url>
        </item>
        <item>
          <title>proton</title>
          <url>https://goldbook.iupac.org/terms/view/P04906</url>
        </item>
      </links>
      <math>
        <item>
          <meaning>Acidity constant for the nth proton loss</meaning>
          <type>quantity</type>
          <alttext>Kan</alttext>
          <latex>K_{\text{a}n}</latex>
        </item>
        <item>
          <meaning>Acidity constant</meaning>
          <type>quantity</type>
          <alttext>Ka</alttext>
          <latex>K_{\text{a}}</latex>
        </item>
        <item>
          <meaning>Acidity constant for first proton loss</meaning>
          <type>quantity</type>
          <alttext>Ka1</alttext>
          <latex>K_{\text{a}1}</latex>
        </item>
      </math>
      <sources>
        <item>Orange Book, 2nd ed., p. 13 (https://media.iupac.org/publications/analytical_compendium/)</item>
      </sources>
    </item>
  </definitions>
  <referencedin>
    <item>
      <title>Wikipedia - Constante de acidez (pt)</title>
      <url>https://pt.wikipedia.org/wiki/Constante_de_acidez</url>
    </item>
    <item>
      <title>Wikipedia - Säurekonstante (de)</title>
      <url>https://de.wikipedia.org/wiki/Säurekonstante</url>
    </item>
    <item>
      <title>Wikipedia - Wikipedia:Redaktion Chemie (de)</title>
      <url>https://de.wikipedia.org/wiki/Wikipedia:Redaktion_Chemie</url>
    </item>
  </referencedin>
  <links>
    <html>https://goldbook.iupac.org/terms/view/A00080/html</html>
    <json>https://goldbook.iupac.org/terms/view/A00080/json</json>
    <xml>https://goldbook.iupac.org/terms/view/A00080/xml</xml>
    <plain>https://goldbook.iupac.org/terms/view/A00080/plain</plain>
  </links>
  <citation>Citation: 'acidity constant' in IUPAC Compendium of Chemical Terminology, 5th ed. International Union of Pure and Applied Chemistry; 2025. Online version 5.0.0, 2025. 10.1351/goldbook.A00080</citation>
  <license>The IUPAC Gold Book is licensed under Creative Commons Attribution-ShareAlike CC BY-SA 4.0 International (https://creativecommons.org/licenses/by-sa/4.0/) for individual terms.</license>
  <collection>If you are interested in licensing the Gold Book for commercial use, please contact the IUPAC Executive Director at executivedirector@iupac.org .</collection>
  <disclaimer>The International Union of Pure and Applied Chemistry (IUPAC) is continuously reviewing and, where needed, updating terms in the Compendium of Chemical Terminology (the IUPAC Gold Book). Users of these terms are encouraged to include the version of a term with its use and to check regularly for updates to term definitions that you are using.</disclaimer>
  <accessed>2025-02-25T06:40:56+00:00</accessed>
</term>
