<?xml version="1.0" encoding="UTF-8"?>
<term>
  <id>00051</id>
  <doi>10.1351/goldbook.A00051</doi>
  <code>A00051</code>
  <status>current</status>
  <longtitle>IUPAC Gold Book - acceleration</longtitle>
  <title>acceleration</title>
  <index>quantity</index>
  <termversion>2.3.3</termversion>
  <lastupdated>2014-02-24</lastupdated>
  <definitions>
    <item>
      <id>1</id>
      <text>Vector quantity equal to the derivative of velocity with respect to time. For the acceleration of free fall the symbol g is used.</text>
      <links>
        <item>
          <title>velocity</title>
          <url>https://goldbook.iupac.org/terms/view/V06607</url>
        </item>
        <item>
          <title>velocity</title>
          <url>https://goldbook.iupac.org/terms/view/V06607</url>
        </item>
        <item>
          <title>acceleration of free fall</title>
          <url>https://goldbook.iupac.org/terms/view/A00053</url>
        </item>
      </links>
      <math>
        <item>
          <meaning>Acceleration due to gravity</meaning>
          <type>quantity</type>
          <alttext>g</alttext>
          <latex>g</latex>
        </item>
      </math>
      <sources>
        <item>Green Book, 2nd ed., p. 11 (https://goldbook.iupac.org/files/pdf/green_book_2ed.pdf)</item>
        <item>PAC, 1996, 68, 957. 'Glossary of terms in quantities and units in Clinical Chemistry (IUPAC-IFCC Recommendations 1996)' on page 960 (https://doi.org/10.1351/pac199668040957)</item>
      </sources>
    </item>
  </definitions>
  <referencedin>
    <item>
      <title>Wikipedia - Accelerazione (it)</title>
      <url>https://it.wikipedia.org/wiki/Accelerazione</url>
    </item>
    <item>
      <title>Wikipedia - Accelerazione di gravità (it)</title>
      <url>https://it.wikipedia.org/wiki/Accelerazione_di_gravità</url>
    </item>
    <item>
      <title>Wikipedia - تسارع (ar)</title>
      <url>https://ar.wikipedia.org/wiki/تسارع</url>
    </item>
  </referencedin>
  <links>
    <html>https://goldbook.iupac.org/terms/view/A00051/html</html>
    <json>https://goldbook.iupac.org/terms/view/A00051/json</json>
    <xml>https://goldbook.iupac.org/terms/view/A00051/xml</xml>
    <plain>https://goldbook.iupac.org/terms/view/A00051/plain</plain>
  </links>
  <citation>Citation: 'acceleration' in IUPAC Compendium of Chemical Terminology, 5th ed. International Union of Pure and Applied Chemistry; 2025. Online version 5.0.0, 2025. 10.1351/goldbook.A00051</citation>
  <license>The IUPAC Gold Book is licensed under Creative Commons Attribution-ShareAlike CC BY-SA 4.0 International (https://creativecommons.org/licenses/by-sa/4.0/) for individual terms.</license>
  <collection>If you are interested in licensing the Gold Book for commercial use, please contact the IUPAC Executive Director at executivedirector@iupac.org .</collection>
  <disclaimer>The International Union of Pure and Applied Chemistry (IUPAC) is continuously reviewing and, where needed, updating terms in the Compendium of Chemical Terminology (the IUPAC Gold Book). Users of these terms are encouraged to include the version of a term with its use and to check regularly for updates to term definitions that you are using.</disclaimer>
  <accessed>2025-02-25T06:39:24+00:00</accessed>
</term>
