<?xml version="1.0" encoding="UTF-8"?>
<term>
  <id>00095</id>
  <doi>10.1351/goldbook.A00095</doi>
  <code>A00095</code>
  <status>current</status>
  <longtitle>IUPAC Gold Book - activation in radiochemistry</longtitle>
  <title>activation</title>
  <termversion>2.3.3</termversion>
  <lastupdated>2014-02-24</lastupdated>
  <definitions>
    <item>
      <id>1</id>
      <text>The process of inducing radioactivity by irradiation. In general, a specification is added of the type of incident radiation (e.g. nuclear, neutron, photon) or its energy (e.g. thermal, fast).</text>
      <contexts>
        <in>
          <item>radiochemistry</item>
        </in>
      </contexts>
      <links>
        <item>
          <title>radioactivity</title>
          <url>https://goldbook.iupac.org/terms/view/R05092</url>
        </item>
        <item>
          <title>irradiation</title>
          <url>https://goldbook.iupac.org/terms/view/I03255</url>
        </item>
        <item>
          <title>radiation</title>
          <url>https://goldbook.iupac.org/terms/view/R05048</url>
        </item>
        <item>
          <title>radioactivity</title>
          <url>https://goldbook.iupac.org/terms/view/R05092</url>
        </item>
        <item>
          <title>irradiation</title>
          <url>https://goldbook.iupac.org/terms/view/I03255</url>
        </item>
        <item>
          <title>radiation</title>
          <url>https://goldbook.iupac.org/terms/view/R05048</url>
        </item>
        <item>
          <title>neutron</title>
          <url>https://goldbook.iupac.org/terms/view/N04116</url>
        </item>
      </links>
      <sources>
        <item>PAC, 1994, 66, 2513. 'Nomenclature for radioanalytical chemistry (IUPAC Recommendations 1994)' on page 2515 (https://doi.org/10.1351/pac199466122513)</item>
      </sources>
    </item>
  </definitions>
  <links>
    <html>https://goldbook.iupac.org/terms/view/A00095/html</html>
    <json>https://goldbook.iupac.org/terms/view/A00095/json</json>
    <xml>https://goldbook.iupac.org/terms/view/A00095/xml</xml>
    <plain>https://goldbook.iupac.org/terms/view/A00095/plain</plain>
  </links>
  <citation>Citation: 'activation' in IUPAC Compendium of Chemical Terminology, 5th ed. International Union of Pure and Applied Chemistry; 2025. Online version 5.0.0, 2025. 10.1351/goldbook.A00095</citation>
  <license>The IUPAC Gold Book is licensed under Creative Commons Attribution-ShareAlike CC BY-SA 4.0 International (https://creativecommons.org/licenses/by-sa/4.0/) for individual terms.</license>
  <collection>If you are interested in licensing the Gold Book for commercial use, please contact the IUPAC Executive Director at executivedirector@iupac.org .</collection>
  <disclaimer>The International Union of Pure and Applied Chemistry (IUPAC) is continuously reviewing and, where needed, updating terms in the Compendium of Chemical Terminology (the IUPAC Gold Book). Users of these terms are encouraged to include the version of a term with its use and to check regularly for updates to term definitions that you are using.</disclaimer>
  <accessed>2025-02-25T06:41:42+00:00</accessed>
</term>
