<?xml version="1.0" encoding="UTF-8"?>
<term>
  <id>00045</id>
  <doi>10.1351/goldbook.A00045</doi>
  <code>A00045</code>
  <status>current</status>
  <longtitle>IUPAC Gold Book - abstraction</longtitle>
  <title>abstraction</title>
  <termversion>2.3.3</termversion>
  <lastupdated>2014-02-24</lastupdated>
  <definitions>
    <item>
      <id>1</id>
      <text>A chemical reaction or transformation, the main feature of which is the bimolecular removal of an atom (neutral or charged) from a molecular entity. For example: [image: Not defined] (proton abstraction from acetone) [image: Not defined] (hydrogen abstraction from methane)</text>
      <chemicals>
        <item>
          <type>chemimage</type>
          <title>Not defined</title>
          <file>https://goldbook.iupac.org/img/inline/A00045-1.png</file>
        </item>
        <item>
          <type>chemimage</type>
          <title>Not defined</title>
          <file>https://goldbook.iupac.org/img/inline/A00045-2.png</file>
        </item>
      </chemicals>
      <links>
        <item>
          <title>chemical reaction</title>
          <url>https://goldbook.iupac.org/terms/view/C01033</url>
        </item>
        <item>
          <title>transformation</title>
          <url>https://goldbook.iupac.org/terms/view/T06446</url>
        </item>
        <item>
          <title>chemical reaction</title>
          <url>https://goldbook.iupac.org/terms/view/C01033</url>
        </item>
        <item>
          <title>transformation</title>
          <url>https://goldbook.iupac.org/terms/view/T06446</url>
        </item>
        <item>
          <title>bimolecular</title>
          <url>https://goldbook.iupac.org/terms/view/M03989</url>
        </item>
        <item>
          <title>proton</title>
          <url>https://goldbook.iupac.org/terms/view/P04906</url>
        </item>
        <item>
          <title>chemical reaction</title>
          <url>https://goldbook.iupac.org/terms/view/C01033</url>
        </item>
        <item>
          <title>transformation</title>
          <url>https://goldbook.iupac.org/terms/view/T06446</url>
        </item>
        <item>
          <title>bimolecular</title>
          <url>https://goldbook.iupac.org/terms/view/M03989</url>
        </item>
        <item>
          <title>proton</title>
          <url>https://goldbook.iupac.org/terms/view/P04906</url>
        </item>
        <item>
          <title>detachment</title>
          <url>https://goldbook.iupac.org/terms/view/D01625</url>
        </item>
      </links>
      <sources>
        <item>PAC, 1994, 66, 1077. 'Glossary of terms used in physical organic chemistry (IUPAC Recommendations 1994)' on page 1081 (https://doi.org/10.1351/pac199466051077)</item>
      </sources>
    </item>
  </definitions>
  <links>
    <html>https://goldbook.iupac.org/terms/view/A00045/html</html>
    <json>https://goldbook.iupac.org/terms/view/A00045/json</json>
    <xml>https://goldbook.iupac.org/terms/view/A00045/xml</xml>
    <plain>https://goldbook.iupac.org/terms/view/A00045/plain</plain>
  </links>
  <citation>Citation: 'abstraction' in IUPAC Compendium of Chemical Terminology, 5th ed. International Union of Pure and Applied Chemistry; 2025. Online version 5.0.0, 2025. 10.1351/goldbook.A00045</citation>
  <license>The IUPAC Gold Book is licensed under Creative Commons Attribution-ShareAlike CC BY-SA 4.0 International (https://creativecommons.org/licenses/by-sa/4.0/) for individual terms.</license>
  <collection>If you are interested in licensing the Gold Book for commercial use, please contact the IUPAC Executive Director at executivedirector@iupac.org .</collection>
  <disclaimer>The International Union of Pure and Applied Chemistry (IUPAC) is continuously reviewing and, where needed, updating terms in the Compendium of Chemical Terminology (the IUPAC Gold Book). Users of these terms are encouraged to include the version of a term with its use and to check regularly for updates to term definitions that you are using.</disclaimer>
  <accessed>2025-02-25T06:39:06+00:00</accessed>
</term>
