<?xml version="1.0" encoding="UTF-8"?>
<term>
  <id>00062</id>
  <doi>10.1351/goldbook.A00062</doi>
  <code>A00062</code>
  <status>current</status>
  <longtitle>IUPAC Gold Book - acetals</longtitle>
  <title>acetals</title>
  <termversion>2.3.3</termversion>
  <lastupdated>2014-02-24</lastupdated>
  <definitions>
    <item>
      <id>1</id>
      <text>Compounds having the structure R2C(OR')2 (R' ≠ H ) and thus diethers of geminal diols. Originally, the term was confined to derivatives of aldehydes (one R = H), but it now applies equally to derivatives of ketones (neither R = H ). Mixed acetals have different R' groups.</text>
      <links>
        <item>
          <title>acetonides</title>
          <url>https://goldbook.iupac.org/terms/view/A00064</url>
        </item>
        <item>
          <title>ketals</title>
          <url>https://goldbook.iupac.org/terms/view/K03376</url>
        </item>
        <item>
          <title>acylals</title>
          <url>https://goldbook.iupac.org/terms/view/A00119</url>
        </item>
        <item>
          <title>hemiacetals</title>
          <url>https://goldbook.iupac.org/terms/view/H02774</url>
        </item>
        <item>
          <title>acetonides</title>
          <url>https://goldbook.iupac.org/terms/view/A00064</url>
        </item>
        <item>
          <title>ketals</title>
          <url>https://goldbook.iupac.org/terms/view/K03376</url>
        </item>
        <item>
          <title>acylals</title>
          <url>https://goldbook.iupac.org/terms/view/A00119</url>
        </item>
        <item>
          <title>hemiacetals</title>
          <url>https://goldbook.iupac.org/terms/view/H02774</url>
        </item>
        <item>
          <title>diols</title>
          <url>https://goldbook.iupac.org/terms/view/D01748</url>
        </item>
        <item>
          <title>aldehydes</title>
          <url>https://goldbook.iupac.org/terms/view/A00208</url>
        </item>
        <item>
          <title>ketones</title>
          <url>https://goldbook.iupac.org/terms/view/K03386</url>
        </item>
      </links>
      <sources>
        <item>PAC, 1995, 67, 1307. 'Glossary of class names of organic compounds and reactivity intermediates based on structure (IUPAC Recommendations 1995)' on page 1310 (https://doi.org/10.1351/pac199567081307)</item>
      </sources>
    </item>
  </definitions>
  <referencedin>
    <item>
      <title>Wikipedia - Acetal (gl)</title>
      <url>https://gl.wikipedia.org/wiki/Acetal</url>
    </item>
    <item>
      <title>Wikipedia - Acetal (ro)</title>
      <url>https://ro.wikipedia.org/wiki/Acetal</url>
    </item>
    <item>
      <title>Wikipedia - Acetale (de)</title>
      <url>https://de.wikipedia.org/wiki/Acetale</url>
    </item>
    <item>
      <title>Wikipedia - Acetale (pl)</title>
      <url>https://pl.wikipedia.org/wiki/Acetale</url>
    </item>
    <item>
      <title>Wikipedia - Acetali (it)</title>
      <url>https://it.wikipedia.org/wiki/Acetali</url>
    </item>
    <item>
      <title>Wikipedia - Asetaalit (fi)</title>
      <url>https://fi.wikipedia.org/wiki/Asetaalit</url>
    </item>
    <item>
      <title>Wikipedia - Ether (de)</title>
      <url>https://de.wikipedia.org/wiki/Ether</url>
    </item>
    <item>
      <title>Wikipedia - Ацетали (ru)</title>
      <url>https://ru.wikipedia.org/wiki/Ацетали</url>
    </item>
    <item>
      <title>Wikipedia - أسيتال (ar)</title>
      <url>https://ar.wikipedia.org/wiki/أسيتال</url>
    </item>
  </referencedin>
  <links>
    <html>https://goldbook.iupac.org/terms/view/A00062/html</html>
    <json>https://goldbook.iupac.org/terms/view/A00062/json</json>
    <xml>https://goldbook.iupac.org/terms/view/A00062/xml</xml>
    <plain>https://goldbook.iupac.org/terms/view/A00062/plain</plain>
  </links>
  <citation>Citation: 'acetals' in IUPAC Compendium of Chemical Terminology, 5th ed. International Union of Pure and Applied Chemistry; 2025. Online version 5.0.0, 2025. 10.1351/goldbook.A00062</citation>
  <license>The IUPAC Gold Book is licensed under Creative Commons Attribution-ShareAlike CC BY-SA 4.0 International (https://creativecommons.org/licenses/by-sa/4.0/) for individual terms.</license>
  <collection>If you are interested in licensing the Gold Book for commercial use, please contact the IUPAC Executive Director at executivedirector@iupac.org .</collection>
  <disclaimer>The International Union of Pure and Applied Chemistry (IUPAC) is continuously reviewing and, where needed, updating terms in the Compendium of Chemical Terminology (the IUPAC Gold Book). Users of these terms are encouraged to include the version of a term with its use and to check regularly for updates to term definitions that you are using.</disclaimer>
  <accessed>2025-02-25T06:39:55+00:00</accessed>
</term>
