<?xml version="1.0" encoding="UTF-8"?>
<term>
  <id>00052</id>
  <doi>10.1351/goldbook.A00052</doi>
  <code>A00052</code>
  <status>current</status>
  <longtitle>IUPAC Gold Book - acceleration energy in in situ microanalysis</longtitle>
  <title>acceleration energy</title>
  <termversion>2.3.3</termversion>
  <lastupdated>2014-02-24</lastupdated>
  <definitions>
    <item>
      <id>1</id>
      <text/>
      <contexts>
        <in>
          <item>in situ microanalysis</item>
        </in>
      </contexts>
      <links>
        <item>
          <title>excitation energy (in in situ microanalysis)</title>
          <url>https://goldbook.iupac.org/terms/view/E02251</url>
        </item>
      </links>
      <sources>
        <item>PAC, 1983, 55, 2023. 'Nomenclature, symbols and units recommended for in situ microanalysis (Provisional)' on page 2027 (https://doi.org/10.1351/pac198355122023)</item>
      </sources>
    </item>
  </definitions>
  <links>
    <html>https://goldbook.iupac.org/terms/view/A00052/html</html>
    <json>https://goldbook.iupac.org/terms/view/A00052/json</json>
    <xml>https://goldbook.iupac.org/terms/view/A00052/xml</xml>
    <plain>https://goldbook.iupac.org/terms/view/A00052/plain</plain>
  </links>
  <citation>Citation: 'acceleration energy' in IUPAC Compendium of Chemical Terminology, 5th ed. International Union of Pure and Applied Chemistry; 2025. Online version 5.0.0, 2025. 10.1351/goldbook.A00052</citation>
  <license>The IUPAC Gold Book is licensed under Creative Commons Attribution-ShareAlike CC BY-SA 4.0 International (https://creativecommons.org/licenses/by-sa/4.0/) for individual terms.</license>
  <collection>If you are interested in licensing the Gold Book for commercial use, please contact the IUPAC Executive Director at executivedirector@iupac.org .</collection>
  <disclaimer>The International Union of Pure and Applied Chemistry (IUPAC) is continuously reviewing and, where needed, updating terms in the Compendium of Chemical Terminology (the IUPAC Gold Book). Users of these terms are encouraged to include the version of a term with its use and to check regularly for updates to term definitions that you are using.</disclaimer>
  <accessed>2025-02-25T06:39:18+00:00</accessed>
</term>
