<?xml version="1.0" encoding="UTF-8"?>
<term>
  <id>00060</id>
  <doi>10.1351/goldbook.A00060</doi>
  <code>A00060</code>
  <status>current</status>
  <longtitle>IUPAC Gold Book - accuracy of measurement</longtitle>
  <title>accuracy</title>
  <termversion>2.3.3</termversion>
  <lastupdated>2014-02-24</lastupdated>
  <definitions>
    <item>
      <id>1</id>
      <text>Closeness of the agreement between the result of a measurement and a true value of the measurand.</text>
      <notes>
        <item>Accuracy is a qualitative concept.</item>
        <item>The term precision should not be used for accuracy.</item>
      </notes>
      <contexts>
        <of>
          <item>measurement</item>
        </of>
      </contexts>
      <links>
        <item>
          <title>precision</title>
          <url>https://goldbook.iupac.org/terms/view/P04799</url>
        </item>
        <item>
          <title>precision</title>
          <url>https://goldbook.iupac.org/terms/view/P04799</url>
        </item>
        <item>
          <title>measurand</title>
          <url>https://goldbook.iupac.org/terms/view/M03789</url>
        </item>
      </links>
      <sources>
        <item>Orange Book, 2nd ed., p. 6 (https://media.iupac.org/publications/analytical_compendium/)</item>
        <item>PAC, 1989, 61, 1657. 'Nomenclature for automated and mechanised analysis (Recommendations 1989)' on page 1663 (https://doi.org/10.1351/pac198961091657)</item>
        <item>PAC, 1990, 62, 2167. 'Glossary of atmospheric chemistry terms (Recommendations 1990)' on page 2170 (https://doi.org/10.1351/pac199062112167)</item>
        <item>PAC, 1994, 66, 595. 'Nomenclature for the presentation of results of chemical analysis (IUPAC Recommendations 1994)' on page 598 (https://doi.org/10.1351/pac199466030595)</item>
        <item>VIM (https://www.iso.org/standard/45321.html)</item>
      </sources>
    </item>
  </definitions>
  <links>
    <html>https://goldbook.iupac.org/terms/view/A00060/html</html>
    <json>https://goldbook.iupac.org/terms/view/A00060/json</json>
    <xml>https://goldbook.iupac.org/terms/view/A00060/xml</xml>
    <plain>https://goldbook.iupac.org/terms/view/A00060/plain</plain>
  </links>
  <citation>Citation: 'accuracy' in IUPAC Compendium of Chemical Terminology, 5th ed. International Union of Pure and Applied Chemistry; 2025. Online version 5.0.0, 2025. 10.1351/goldbook.A00060</citation>
  <license>The IUPAC Gold Book is licensed under Creative Commons Attribution-ShareAlike CC BY-SA 4.0 International (https://creativecommons.org/licenses/by-sa/4.0/) for individual terms.</license>
  <collection>If you are interested in licensing the Gold Book for commercial use, please contact the IUPAC Executive Director at executivedirector@iupac.org .</collection>
  <disclaimer>The International Union of Pure and Applied Chemistry (IUPAC) is continuously reviewing and, where needed, updating terms in the Compendium of Chemical Terminology (the IUPAC Gold Book). Users of these terms are encouraged to include the version of a term with its use and to check regularly for updates to term definitions that you are using.</disclaimer>
  <accessed>2025-02-25T06:39:48+00:00</accessed>
</term>
