<?xml version="1.0" encoding="UTF-8"?>
<term>
  <id>00057</id>
  <doi>10.1351/goldbook.A00057</doi>
  <code>A00057</code>
  <status>current</status>
  <longtitle>IUPAC Gold Book - accommodation coefficient</longtitle>
  <title>accommodation coefficient</title>
  <termversion>2.3.3</termversion>
  <lastupdated>2014-02-24</lastupdated>
  <definitions>
    <item>
      <id>1</id>
      <text>A measure of the efficiency of capture of molecules or atoms which collide with aerosol particles, cloud droplets, etc. The accommodation coefficient is the fraction of the collisions which result in the capture of the molecules (atoms, radicals, etc.) by the particle, cloud droplet, etc.; fraction of colliding molecules which are not reflected but which enter the surface of an aqueous aerosol. Synonymous with sticking coefficient.</text>
      <links>
        <item>
          <title>capture</title>
          <url>https://goldbook.iupac.org/terms/view/C00796</url>
        </item>
        <item>
          <title>aerosol</title>
          <url>https://goldbook.iupac.org/terms/view/A00176</url>
        </item>
        <item>
          <title>coefficient</title>
          <url>https://goldbook.iupac.org/terms/view/C01124</url>
        </item>
        <item>
          <title>capture</title>
          <url>https://goldbook.iupac.org/terms/view/C00796</url>
        </item>
        <item>
          <title>aerosol</title>
          <url>https://goldbook.iupac.org/terms/view/A00176</url>
        </item>
        <item>
          <title>coefficient</title>
          <url>https://goldbook.iupac.org/terms/view/C01124</url>
        </item>
        <item>
          <title>sticking coefficient (in surface chemistry)</title>
          <url>https://goldbook.iupac.org/terms/view/S06012</url>
        </item>
      </links>
      <sources>
        <item>PAC, 1990, 62, 2167. 'Glossary of atmospheric chemistry terms (Recommendations 1990)' on page 2169 (https://doi.org/10.1351/pac199062112167)</item>
      </sources>
    </item>
  </definitions>
  <links>
    <html>https://goldbook.iupac.org/terms/view/A00057/html</html>
    <json>https://goldbook.iupac.org/terms/view/A00057/json</json>
    <xml>https://goldbook.iupac.org/terms/view/A00057/xml</xml>
    <plain>https://goldbook.iupac.org/terms/view/A00057/plain</plain>
  </links>
  <citation>Citation: 'accommodation coefficient' in IUPAC Compendium of Chemical Terminology, 5th ed. International Union of Pure and Applied Chemistry; 2025. Online version 5.0.0, 2025. 10.1351/goldbook.A00057</citation>
  <license>The IUPAC Gold Book is licensed under Creative Commons Attribution-ShareAlike CC BY-SA 4.0 International (https://creativecommons.org/licenses/by-sa/4.0/) for individual terms.</license>
  <collection>If you are interested in licensing the Gold Book for commercial use, please contact the IUPAC Executive Director at executivedirector@iupac.org .</collection>
  <disclaimer>The International Union of Pure and Applied Chemistry (IUPAC) is continuously reviewing and, where needed, updating terms in the Compendium of Chemical Terminology (the IUPAC Gold Book). Users of these terms are encouraged to include the version of a term with its use and to check regularly for updates to term definitions that you are using.</disclaimer>
  <accessed>2025-02-25T06:39:39+00:00</accessed>
</term>
