<?xml version="1.0" encoding="UTF-8"?>
<term>
  <id>00049</id>
  <doi>10.1351/goldbook.A00049</doi>
  <code>A00049</code>
  <status>current</status>
  <longtitle>IUPAC Gold Book - ac</longtitle>
  <title>
    <i>ac</i>
  </title>
  <termversion>2.3.3</termversion>
  <lastupdated>2014-02-24</lastupdated>
  <definitions>
    <item>
      <id>1</id>
      <text/>
      <links>
        <item>
          <title>torsion angle</title>
          <url>https://goldbook.iupac.org/terms/view/T06406</url>
        </item>
      </links>
      <sources>
        <item>PAC, 1996, 68, 2193. 'Basic terminology of stereochemistry (IUPAC Recommendations 1996)' on page 2197 (https://doi.org/10.1351/pac199668122193)</item>
      </sources>
    </item>
  </definitions>
  <links>
    <html>https://goldbook.iupac.org/terms/view/A00049/html</html>
    <json>https://goldbook.iupac.org/terms/view/A00049/json</json>
    <xml>https://goldbook.iupac.org/terms/view/A00049/xml</xml>
    <plain>https://goldbook.iupac.org/terms/view/A00049/plain</plain>
  </links>
  <citation>Citation: '<i>ac</i>' in IUPAC Compendium of Chemical Terminology, 5th ed. International Union of Pure and Applied Chemistry; 2025. Online version 5.0.0, 2025. 10.1351/goldbook.A00049</citation>
  <license>The IUPAC Gold Book is licensed under Creative Commons Attribution-ShareAlike CC BY-SA 4.0 International (https://creativecommons.org/licenses/by-sa/4.0/) for individual terms.</license>
  <collection>If you are interested in licensing the Gold Book for commercial use, please contact the IUPAC Executive Director at executivedirector@iupac.org .</collection>
  <disclaimer>The International Union of Pure and Applied Chemistry (IUPAC) is continuously reviewing and, where needed, updating terms in the Compendium of Chemical Terminology (the IUPAC Gold Book). Users of these terms are encouraged to include the version of a term with its use and to check regularly for updates to term definitions that you are using.</disclaimer>
  <accessed>2025-02-25T06:39:13+00:00</accessed>
</term>
