<?xml version="1.0" encoding="UTF-8"?>
<term>
  <id>00054</id>
  <doi>10.1351/goldbook.A00054</doi>
  <code>A00054</code>
  <status>current</status>
  <longtitle>IUPAC Gold Book - accelerator in solvent extraction</longtitle>
  <title>accelerator</title>
  <termversion>2.3.3</termversion>
  <lastupdated>2014-02-24</lastupdated>
  <definitions>
    <item>
      <id>1</id>
      <text>Synonymous with catalyst.</text>
      <contexts>
        <in>
          <item>solvent extraction</item>
        </in>
      </contexts>
      <links>
        <item>
          <title>catalyst</title>
          <url>https://goldbook.iupac.org/terms/view/C00876</url>
        </item>
        <item>
          <title>catalyst</title>
          <url>https://goldbook.iupac.org/terms/view/C00876</url>
        </item>
        <item>
          <title>catalyst (in solvent extraction)</title>
          <url>https://goldbook.iupac.org/terms/view/C00877</url>
        </item>
        <item>
          <title>kinetic synergist (in solvent extraction)</title>
          <url>https://goldbook.iupac.org/terms/view/K03408</url>
        </item>
        <item>
          <title>modifier (in solvent extraction) (in solvent extraction)</title>
          <url>https://goldbook.iupac.org/terms/view/M03965</url>
        </item>
      </links>
      <sources>
        <item>PAC, 1993, 65, 2373. 'Nomenclature for liquid-liquid distribution (solvent extraction) (IUPAC Recommendations 1993)' on page 2380 (https://doi.org/10.1351/pac199365112373)</item>
      </sources>
    </item>
  </definitions>
  <links>
    <html>https://goldbook.iupac.org/terms/view/A00054/html</html>
    <json>https://goldbook.iupac.org/terms/view/A00054/json</json>
    <xml>https://goldbook.iupac.org/terms/view/A00054/xml</xml>
    <plain>https://goldbook.iupac.org/terms/view/A00054/plain</plain>
  </links>
  <citation>Citation: 'accelerator' in IUPAC Compendium of Chemical Terminology, 5th ed. International Union of Pure and Applied Chemistry; 2025. Online version 5.0.0, 2025. 10.1351/goldbook.A00054</citation>
  <license>The IUPAC Gold Book is licensed under Creative Commons Attribution-ShareAlike CC BY-SA 4.0 International (https://creativecommons.org/licenses/by-sa/4.0/) for individual terms.</license>
  <collection>If you are interested in licensing the Gold Book for commercial use, please contact the IUPAC Executive Director at executivedirector@iupac.org .</collection>
  <disclaimer>The International Union of Pure and Applied Chemistry (IUPAC) is continuously reviewing and, where needed, updating terms in the Compendium of Chemical Terminology (the IUPAC Gold Book). Users of these terms are encouraged to include the version of a term with its use and to check regularly for updates to term definitions that you are using.</disclaimer>
  <accessed>2025-02-25T06:39:26+00:00</accessed>
</term>
