<?xml version="1.0" encoding="UTF-8"?>
<term>
  <id>00006</id>
  <doi>10.1351/goldbook.A00006</doi>
  <code>A00006</code>
  <status>current</status>
  <longtitle>IUPAC Gold Book - α-effect</longtitle>
  <title>α-effect</title>
  <termversion>2.3.3</termversion>
  <lastupdated>2014-02-24</lastupdated>
  <definitions>
    <item>
      <id>1</id>
      <text>A positive deviation of an α-nucleophile (a nucleophile bearing an unshared pair of electrons on an atom adjacent to the nucleophilic site) from a Brønsted-type plot of log k nuc vs. pKa constructed for a series of related normal nucleophiles. More generally, it is the influence of the atom bearing a lone pair of electrons on the reactivity at the adjacent site.</text>
      <notes>
        <item>The use of the term has been extended to include the effect of any substituent on an adjacent reactive centre, for example in the case of the 'α-silicon effect'.</item>
      </notes>
      <links>
        <item>
          <title>Br&amp;#xF8;nsted relation</title>
          <url>https://goldbook.iupac.org/terms/view/B00746</url>
        </item>
        <item>
          <title>Br&amp;#xF8;nsted relation</title>
          <url>https://goldbook.iupac.org/terms/view/B00746</url>
        </item>
        <item>
          <title>deviation</title>
          <url>https://goldbook.iupac.org/terms/view/D01650</url>
        </item>
      </links>
      <math>
        <item>
          <meaning>log of the rate for nucleophilic reaction</meaning>
          <type>quantity</type>
          <alttext>log k nuc</alttext>
          <latex>\log k_{\rm{nuc}}</latex>
        </item>
        <item>
          <meaning>p-function (-log(Ka))</meaning>
          <type>quantity</type>
          <alttext>pKa</alttext>
          <latex>{\rm{p}}K_{\rm{a}}</latex>
        </item>
      </math>
      <sources>
        <item>PAC, 1994, 66, 1077. 'Glossary of terms used in physical organic chemistry (IUPAC Recommendations 1994)' on page 1088 (https://doi.org/10.1351/pac199466051077)</item>
      </sources>
    </item>
  </definitions>
  <links>
    <html>https://goldbook.iupac.org/terms/view/A00006/html</html>
    <json>https://goldbook.iupac.org/terms/view/A00006/json</json>
    <xml>https://goldbook.iupac.org/terms/view/A00006/xml</xml>
    <plain>https://goldbook.iupac.org/terms/view/A00006/plain</plain>
  </links>
  <citation>Citation: 'α-effect' in IUPAC Compendium of Chemical Terminology, 5th ed. International Union of Pure and Applied Chemistry; 2025. Online version 5.0.0, 2025. 10.1351/goldbook.A00006</citation>
  <license>The IUPAC Gold Book is licensed under Creative Commons Attribution-ShareAlike CC BY-SA 4.0 International (https://creativecommons.org/licenses/by-sa/4.0/) for individual terms.</license>
  <collection>If you are interested in licensing the Gold Book for commercial use, please contact the IUPAC Executive Director at executivedirector@iupac.org .</collection>
  <disclaimer>The International Union of Pure and Applied Chemistry (IUPAC) is continuously reviewing and, where needed, updating terms in the Compendium of Chemical Terminology (the IUPAC Gold Book). Users of these terms are encouraged to include the version of a term with its use and to check regularly for updates to term definitions that you are using.</disclaimer>
  <accessed>2025-02-25T07:05:37+00:00</accessed>
</term>
