<?xml version="1.0" encoding="UTF-8"?>
<term>
  <id>00050</id>
  <doi>10.1351/goldbook.A00050</doi>
  <code>A00050</code>
  <status>current</status>
  <longtitle>IUPAC Gold Book - accelerating voltage</longtitle>
  <title>accelerating voltage scan</title>
  <termversion>2.3.3</termversion>
  <lastupdated>2014-02-24</lastupdated>
  <definitions>
    <item>
      <id>1</id>
      <text>This is an alternative method of producing a momentum (mass) spectrum in magnetic deflection instruments by varying the accelerating voltage. This scan can also be used, in conjunction with a fixed radial electric field, to produce an ion kinetic energy spectrum.</text>
      <contexts>
        <in>
          <item>mass spectrometry</item>
        </in>
      </contexts>
      <links>
        <item>
          <title>momentum</title>
          <url>https://goldbook.iupac.org/terms/view/M04007</url>
        </item>
        <item>
          <title>momentum</title>
          <url>https://goldbook.iupac.org/terms/view/M04007</url>
        </item>
        <item>
          <title>ion kinetic energy spectrum (in mass spectrometry)</title>
          <url>https://goldbook.iupac.org/terms/view/I03218</url>
        </item>
      </links>
      <sources>
        <item>PAC, 1991, 63, 1541. 'Recommendations for nomenclature and symbolism for mass spectroscopy (including an appendix of terms used in vacuum technology). (Recommendations 1991)' on page 1550 (https://doi.org/10.1351/pac199163101541)</item>
      </sources>
    </item>
  </definitions>
  <links>
    <html>https://goldbook.iupac.org/terms/view/A00050/html</html>
    <json>https://goldbook.iupac.org/terms/view/A00050/json</json>
    <xml>https://goldbook.iupac.org/terms/view/A00050/xml</xml>
    <plain>https://goldbook.iupac.org/terms/view/A00050/plain</plain>
  </links>
  <citation>Citation: 'accelerating voltage scan' in IUPAC Compendium of Chemical Terminology, 5th ed. International Union of Pure and Applied Chemistry; 2025. Online version 5.0.0, 2025. 10.1351/goldbook.A00050</citation>
  <license>The IUPAC Gold Book is licensed under Creative Commons Attribution-ShareAlike CC BY-SA 4.0 International (https://creativecommons.org/licenses/by-sa/4.0/) for individual terms.</license>
  <collection>If you are interested in licensing the Gold Book for commercial use, please contact the IUPAC Executive Director at executivedirector@iupac.org .</collection>
  <disclaimer>The International Union of Pure and Applied Chemistry (IUPAC) is continuously reviewing and, where needed, updating terms in the Compendium of Chemical Terminology (the IUPAC Gold Book). Users of these terms are encouraged to include the version of a term with its use and to check regularly for updates to term definitions that you are using.</disclaimer>
  <accessed>2025-02-25T06:39:16+00:00</accessed>
</term>
