<?xml version="1.0" encoding="UTF-8"?>
<term>
  <id>00025</id>
  <doi>10.1351/goldbook.A00025</doi>
  <code>A00025</code>
  <status>current</status>
  <longtitle>IUPAC Gold Book - absolute lethal dose</longtitle>
  <title>absolute lethal dose</title>
  <index>quantity</index>
  <termversion>2.3.3</termversion>
  <lastupdated>2014-02-24</lastupdated>
  <definitions>
    <item>
      <id>1</id>
      <text>Lowest amount of a substance which kills 100% of test animals under defined conditions. This value is dependent on the number of organisms used in its assessment.</text>
      <sources>
        <item>PAC, 1993, 65, 2003. 'Glossary for chemists of terms used in toxicology (IUPAC Recommendations 1993)' on page 2007 (https://doi.org/10.1351/pac199365092003)</item>
      </sources>
    </item>
  </definitions>
  <referencedin>
    <item>
      <title>Wikipedia - Bioassay (en)</title>
      <url>https://en.wikipedia.org/wiki/Bioassay</url>
    </item>
    <item>
      <title>Wikipedia - Dosis letal media (es)</title>
      <url>https://es.wikipedia.org/wiki/Dosis_letal_media</url>
    </item>
    <item>
      <title>Wikipedia - Median lethal dose (en)</title>
      <url>https://en.wikipedia.org/wiki/Median_lethal_dose</url>
    </item>
    <item>
      <title>Wikipedia - الجرعة المميتة الوسطية (ar)</title>
      <url>https://ar.wikipedia.org/wiki/الجرعة_المميتة_الوسطية</url>
    </item>
  </referencedin>
  <links>
    <html>https://goldbook.iupac.org/terms/view/A00025/html</html>
    <json>https://goldbook.iupac.org/terms/view/A00025/json</json>
    <xml>https://goldbook.iupac.org/terms/view/A00025/xml</xml>
    <plain>https://goldbook.iupac.org/terms/view/A00025/plain</plain>
  </links>
  <citation>Citation: 'absolute lethal dose' in IUPAC Compendium of Chemical Terminology, 5th ed. International Union of Pure and Applied Chemistry; 2025. Online version 5.0.0, 2025. 10.1351/goldbook.A00025</citation>
  <license>The IUPAC Gold Book is licensed under Creative Commons Attribution-ShareAlike CC BY-SA 4.0 International (https://creativecommons.org/licenses/by-sa/4.0/) for individual terms.</license>
  <collection>If you are interested in licensing the Gold Book for commercial use, please contact the IUPAC Executive Director at executivedirector@iupac.org .</collection>
  <disclaimer>The International Union of Pure and Applied Chemistry (IUPAC) is continuously reviewing and, where needed, updating terms in the Compendium of Chemical Terminology (the IUPAC Gold Book). Users of these terms are encouraged to include the version of a term with its use and to check regularly for updates to term definitions that you are using.</disclaimer>
  <accessed>2025-02-25T06:38:02+00:00</accessed>
</term>
