<?xml version="1.0" encoding="UTF-8"?>
<term>
  <id>00038</id>
  <doi>10.1351/goldbook.A00038</doi>
  <code>A00038</code>
  <status>current</status>
  <longtitle>IUPAC Gold Book - absorption cross-section, σ</longtitle>
  <title>absorption cross-section</title>
  <index>quantity</index>
  <termversion>2.3.3</termversion>
  <lastupdated>2014-02-24</lastupdated>
  <definitions>
    <item>
      <id>1</id>
      <text>Molar Napierian absorption coefficient divided by the Avogadro constant. When integrated against the logarithm of wavenumber (or frequency) it is called the integrated absorption cross-section.</text>
      <links>
        <item>
          <title>absorption coefficient</title>
          <url>https://goldbook.iupac.org/terms/view/A00037</url>
        </item>
        <item>
          <title>absorption coefficient</title>
          <url>https://goldbook.iupac.org/terms/view/A00037</url>
        </item>
        <item>
          <title>Avogadro constant</title>
          <url>https://goldbook.iupac.org/terms/view/A00543</url>
        </item>
      </links>
      <sources>
        <item>Green Book, 2nd ed., p. 32 (https://goldbook.iupac.org/files/pdf/green_book_2ed.pdf)</item>
        <item>PAC, 1990, 62, 2167. 'Glossary of atmospheric chemistry terms (Recommendations 1990)' on page 2169 (https://doi.org/10.1351/pac199062112167)</item>
        <item>PAC, 1996, 68, 2223. 'Glossary of terms used in photochemistry (IUPAC Recommendations 1996)' on page 2226 (https://doi.org/10.1351/pac199668122223)</item>
      </sources>
    </item>
  </definitions>
  <referencedin>
    <item>
      <title>Wikipedia - مقطع امتصاص (ar)</title>
      <url>https://ar.wikipedia.org/wiki/مقطع_امتصاص</url>
    </item>
  </referencedin>
  <links>
    <html>https://goldbook.iupac.org/terms/view/A00038/html</html>
    <json>https://goldbook.iupac.org/terms/view/A00038/json</json>
    <xml>https://goldbook.iupac.org/terms/view/A00038/xml</xml>
    <plain>https://goldbook.iupac.org/terms/view/A00038/plain</plain>
  </links>
  <citation>Citation: 'absorption cross-section' in IUPAC Compendium of Chemical Terminology, 5th ed. International Union of Pure and Applied Chemistry; 2025. Online version 5.0.0, 2025. 10.1351/goldbook.A00038</citation>
  <license>The IUPAC Gold Book is licensed under Creative Commons Attribution-ShareAlike CC BY-SA 4.0 International (https://creativecommons.org/licenses/by-sa/4.0/) for individual terms.</license>
  <collection>If you are interested in licensing the Gold Book for commercial use, please contact the IUPAC Executive Director at executivedirector@iupac.org .</collection>
  <disclaimer>The International Union of Pure and Applied Chemistry (IUPAC) is continuously reviewing and, where needed, updating terms in the Compendium of Chemical Terminology (the IUPAC Gold Book). Users of these terms are encouraged to include the version of a term with its use and to check regularly for updates to term definitions that you are using.</disclaimer>
  <accessed>2025-02-25T06:38:47+00:00</accessed>
</term>
