<?xml version="1.0" encoding="UTF-8"?>
<term>
  <id>00068</id>
  <doi>10.1351/goldbook.A00068</doi>
  <code>A00068</code>
  <status>current</status>
  <longtitle>IUPAC Gold Book - Acheson graphite</longtitle>
  <title>Acheson graphite</title>
  <termversion>2.0.2</termversion>
  <lastupdated>2008-10-07</lastupdated>
  <definitions>
    <item>
      <id>1</id>
      <text>A synthetic graphite made by the Acheson process.</text>
      <notes>
        <item>Reference to Acheson in combination with synthetic graphite honours the inventor of the first technical graphitization. Today the term Acheson graphite, however, is of historical interest only because it no longer covers the plurality of synthetic graphite.</item>
      </notes>
      <links>
        <item>
          <title>synthetic graphite</title>
          <url>https://goldbook.iupac.org/terms/view/S06233</url>
        </item>
        <item>
          <title>graphitization</title>
          <url>https://goldbook.iupac.org/terms/view/G02691</url>
        </item>
        <item>
          <title>graphite</title>
          <url>https://goldbook.iupac.org/terms/view/G02684</url>
        </item>
      </links>
      <sources>
        <item>PAC, 1995, 67, 473. 'Recommended terminology for the description of carbon as a solid (IUPAC Recommendations 1995)' on page 476 (https://doi.org/10.1351/pac199567030473)</item>
      </sources>
    </item>
  </definitions>
  <links>
    <html>https://goldbook.iupac.org/terms/view/A00068/html</html>
    <json>https://goldbook.iupac.org/terms/view/A00068/json</json>
    <xml>https://goldbook.iupac.org/terms/view/A00068/xml</xml>
    <plain>https://goldbook.iupac.org/terms/view/A00068/plain</plain>
  </links>
  <citation>Citation: 'Acheson graphite' in IUPAC Compendium of Chemical Terminology, 5th ed. International Union of Pure and Applied Chemistry; 2025. Online version 5.0.0, 2025. 10.1351/goldbook.A00068</citation>
  <license>The IUPAC Gold Book is licensed under Creative Commons Attribution-ShareAlike CC BY-SA 4.0 International (https://creativecommons.org/licenses/by-sa/4.0/) for individual terms.</license>
  <collection>If you are interested in licensing the Gold Book for commercial use, please contact the IUPAC Executive Director at executivedirector@iupac.org .</collection>
  <disclaimer>The International Union of Pure and Applied Chemistry (IUPAC) is continuously reviewing and, where needed, updating terms in the Compendium of Chemical Terminology (the IUPAC Gold Book). Users of these terms are encouraged to include the version of a term with its use and to check regularly for updates to term definitions that you are using.</disclaimer>
  <accessed>2025-02-25T06:40:11+00:00</accessed>
</term>
