<?xml version="1.0" encoding="UTF-8"?>
<term>
  <id>00079</id>
  <doi>10.1351/goldbook.A00079</doi>
  <code>A00079</code>
  <status>current</status>
  <longtitle>IUPAC Gold Book - acidity</longtitle>
  <title>acidity</title>
  <termversion>2.3.3</termversion>
  <lastupdated>2014-02-24</lastupdated>
  <definitions>
    <item>
      <id>1</id>
      <text>For Brønsted acids the tendency of a compound to act as a hydron donor. It can be quantitatively expressed by the acid dissociation constant of the compound in water or some other specified medium. For Lewis acids it relates to the association constants of Lewis adducts and π adducts.</text>
      <contexts>
        <of>
          <item>a compound</item>
        </of>
      </contexts>
      <links>
        <item>
          <title>Brønsted acids</title>
          <url>https://goldbook.iupac.org/terms/view/B00744</url>
        </item>
        <item>
          <title>hydron</title>
          <url>https://goldbook.iupac.org/terms/view/H02904</url>
        </item>
        <item>
          <title>Lewis acids</title>
          <url>https://goldbook.iupac.org/terms/view/L03508</url>
        </item>
        <item>
          <title>Lewis adducts</title>
          <url>https://goldbook.iupac.org/terms/view/L03510</url>
        </item>
        <item>
          <title>π adducts</title>
          <url>https://goldbook.iupac.org/terms/view/A04388</url>
        </item>
        <item>
          <title>Brønsted acids</title>
          <url>https://goldbook.iupac.org/terms/view/B00744</url>
        </item>
        <item>
          <title>hydron</title>
          <url>https://goldbook.iupac.org/terms/view/H02904</url>
        </item>
        <item>
          <title>Lewis acids</title>
          <url>https://goldbook.iupac.org/terms/view/L03508</url>
        </item>
        <item>
          <title>Lewis adducts</title>
          <url>https://goldbook.iupac.org/terms/view/L03510</url>
        </item>
        <item>
          <title>π adducts</title>
          <url>https://goldbook.iupac.org/terms/view/A04388</url>
        </item>
        <item>
          <title>dissociation</title>
          <url>https://goldbook.iupac.org/terms/view/D01801</url>
        </item>
        <item>
          <title>association</title>
          <url>https://goldbook.iupac.org/terms/view/A00472</url>
        </item>
      </links>
    </item>
    <item>
      <id>2</id>
      <text>The use of the term is mainly restricted to a medium containing Brønsted acids, where it means the tendency of the medium to hydronate a specific reference base. It is quantitatively expressed by the appropriate acidity function</text>
      <contexts>
        <of>
          <item>a medium</item>
        </of>
      </contexts>
      <links>
        <item>
          <title>Brønsted acids</title>
          <url>https://goldbook.iupac.org/terms/view/B00744</url>
        </item>
        <item>
          <title>acidity function</title>
          <url>https://goldbook.iupac.org/terms/view/A00081</url>
        </item>
      </links>
    </item>
  </definitions>
  <sources>'Glossary of terms used in physical organic chemistry (IUPAC Recommendations 1994)' Muller, P.; Pure and Applied Chemistry 1994 66(5) 1077</sources>
  <referencedin>
    <item>
      <title>Wikipedia - Acidität (de)</title>
      <url>https://de.wikipedia.org/wiki/Acidität</url>
    </item>
    <item>
      <title>Wikipedia - Constante de acidez (pt)</title>
      <url>https://pt.wikipedia.org/wiki/Constante_de_acidez</url>
    </item>
    <item>
      <title>Wikipedia - Szablon:GoldBook (pl)</title>
      <url>https://pl.wikipedia.org/wiki/Szablon:GoldBook</url>
    </item>
  </referencedin>
  <links>
    <html>https://goldbook.iupac.org/terms/view/A00079/html</html>
    <json>https://goldbook.iupac.org/terms/view/A00079/json</json>
    <xml>https://goldbook.iupac.org/terms/view/A00079/xml</xml>
    <plain>https://goldbook.iupac.org/terms/view/A00079/plain</plain>
  </links>
  <citation>Citation: 'acidity' in IUPAC Compendium of Chemical Terminology, 5th ed. International Union of Pure and Applied Chemistry; 2025. Online version 5.0.0, 2025. 10.1351/goldbook.A00079</citation>
  <license>The IUPAC Gold Book is licensed under Creative Commons Attribution-ShareAlike CC BY-SA 4.0 International (https://creativecommons.org/licenses/by-sa/4.0/) for individual terms.</license>
  <collection>If you are interested in licensing the Gold Book for commercial use, please contact the IUPAC Executive Director at executivedirector@iupac.org .</collection>
  <disclaimer>The International Union of Pure and Applied Chemistry (IUPAC) is continuously reviewing and, where needed, updating terms in the Compendium of Chemical Terminology (the IUPAC Gold Book). Users of these terms are encouraged to include the version of a term with its use and to check regularly for updates to term definitions that you are using.</disclaimer>
  <accessed>2025-02-25T06:40:52+00:00</accessed>
</term>
