<?xml version="1.0" encoding="UTF-8"?>
<term>
  <id>00007</id>
  <doi>10.1351/goldbook.A00007</doi>
  <code>A00007</code>
  <status>current</status>
  <longtitle>IUPAC Gold Book - α-elimination</longtitle>
  <title>α-elimination</title>
  <termversion>2.3.3</termversion>
  <lastupdated>2014-02-24</lastupdated>
  <definitions>
    <item>
      <id>1</id>
      <text>A transformation of the general type: [image: Not defined] where the central atom Z is commonly carbon. The reverse reaction is called α-addition.</text>
      <chemicals>
        <item>
          <type>chemimage</type>
          <title>Not defined</title>
          <file>https://goldbook.iupac.org/img/inline/A00007.png</file>
        </item>
      </chemicals>
      <links>
        <item>
          <title>transformation</title>
          <url>https://goldbook.iupac.org/terms/view/T06446</url>
        </item>
        <item>
          <title>α-addition</title>
          <url>https://goldbook.iupac.org/terms/view/A00001</url>
        </item>
        <item>
          <title>alpha-(α-)cleavage</title>
          <url>https://goldbook.iupac.org/terms/view/A00004</url>
        </item>
        <item>
          <title>transformation</title>
          <url>https://goldbook.iupac.org/terms/view/T06446</url>
        </item>
        <item>
          <title>α-addition</title>
          <url>https://goldbook.iupac.org/terms/view/A00001</url>
        </item>
        <item>
          <title>alpha-(α-)cleavage</title>
          <url>https://goldbook.iupac.org/terms/view/A00004</url>
        </item>
        <item>
          <title>central atom</title>
          <url>https://goldbook.iupac.org/terms/view/C00930</url>
        </item>
      </links>
      <sources>
        <item>PAC, 1994, 66, 1077. 'Glossary of terms used in physical organic chemistry (IUPAC Recommendations 1994)' on page 1088 (https://doi.org/10.1351/pac199466051077)</item>
      </sources>
    </item>
    <item>
      <id>2</id>
      <text>General term applied to a reaction by which a group attached to the alpha carbon of an excited chromophore is expelled either as an odd electron species or as an ionic species.</text>
      <notes>
        <item>This reaction should be distinguished from an @A00004@.</item>
      </notes>
      <links>
        <item>
          <title>chromophore</title>
          <url>https://goldbook.iupac.org/terms/view/C01076</url>
        </item>
      </links>
      <sources>
        <item>PAC, 2007, 79, 293. 'Glossary of terms used in photochemistry, 3rd edition (IUPAC Recommendations 2006)' on page 302 (https://doi.org/10.1351/pac200779030293)</item>
      </sources>
    </item>
  </definitions>
  <links>
    <html>https://goldbook.iupac.org/terms/view/A00007/html</html>
    <json>https://goldbook.iupac.org/terms/view/A00007/json</json>
    <xml>https://goldbook.iupac.org/terms/view/A00007/xml</xml>
    <plain>https://goldbook.iupac.org/terms/view/A00007/plain</plain>
  </links>
  <citation>Citation: 'α-elimination' in IUPAC Compendium of Chemical Terminology, 5th ed. International Union of Pure and Applied Chemistry; 2025. Online version 5.0.0, 2025. 10.1351/goldbook.A00007</citation>
  <license>The IUPAC Gold Book is licensed under Creative Commons Attribution-ShareAlike CC BY-SA 4.0 International (https://creativecommons.org/licenses/by-sa/4.0/) for individual terms.</license>
  <collection>If you are interested in licensing the Gold Book for commercial use, please contact the IUPAC Executive Director at executivedirector@iupac.org .</collection>
  <disclaimer>The International Union of Pure and Applied Chemistry (IUPAC) is continuously reviewing and, where needed, updating terms in the Compendium of Chemical Terminology (the IUPAC Gold Book). Users of these terms are encouraged to include the version of a term with its use and to check regularly for updates to term definitions that you are using.</disclaimer>
  <accessed>2025-02-25T07:05:39+00:00</accessed>
</term>
