<?xml version="1.0" encoding="UTF-8"?>
<term>
  <id>00093</id>
  <doi>10.1351/goldbook.A00093</doi>
  <code>A00093</code>
  <status>current</status>
  <longtitle>IUPAC Gold Book - activation</longtitle>
  <title>activation</title>
  <contains>degree of activation</contains>
  <termversion>2.3.3</termversion>
  <lastupdated>2014-02-24</lastupdated>
  <definitions>
    <item>
      <id>1</id>
      <text>This word is used in different senses:   Input of external energy into a chemical system is said to bring about activation of the system.   An added substance that increases the rate of a catalysed reaction is known as an activator, and the effect is called activation. The degree of activation ɛa is defined by: ɛa = (v - v0)/v0 = (v/v0) - 1 where v 0 is the rate of the catalysed reaction in the absence of the activator and v is the rate of the catalysed reaction in the presence of the activator.  When some of the energy required for a reaction to occur is provided by a previous exothermic chemical reaction there is said to be chemical activation.  </text>
      <links>
        <item>
          <title>activator</title>
          <url>https://goldbook.iupac.org/terms/view/A00104</url>
        </item>
        <item>
          <title>inhibition</title>
          <url>https://goldbook.iupac.org/terms/view/I03034</url>
        </item>
        <item>
          <title>activator</title>
          <url>https://goldbook.iupac.org/terms/view/A00104</url>
        </item>
        <item>
          <title>inhibition</title>
          <url>https://goldbook.iupac.org/terms/view/I03034</url>
        </item>
        <item>
          <title>chemical activation</title>
          <url>https://goldbook.iupac.org/terms/view/C01017</url>
        </item>
        <item>
          <title>activator</title>
          <url>https://goldbook.iupac.org/terms/view/A00104</url>
        </item>
        <item>
          <title>inhibition</title>
          <url>https://goldbook.iupac.org/terms/view/I03034</url>
        </item>
        <item>
          <title>chemical activation</title>
          <url>https://goldbook.iupac.org/terms/view/C01017</url>
        </item>
        <item>
          <title>catalysis</title>
          <url>https://goldbook.iupac.org/terms/view/C00874</url>
        </item>
      </links>
      <math>
        <item>
          <meaning>Degree of activation</meaning>
          <type>quantity</type>
          <alttext>ɛa</alttext>
          <latex>\varepsilon_{\text{a}}</latex>
        </item>
        <item>
          <meaning>Degree of activation equation</meaning>
          <type>equation</type>
          <alttext>ɛa = (v - v0)/v0 = (v/v0) - 1</alttext>
          <latex>\varepsilon_{\text{a}}=\frac{v\,-\,v_{0}}{v_{0}} = \frac{v}{v_{0}} - 1</latex>
        </item>
        <item>
          <alttext>v 0</alttext>
          <latex>v_{0}</latex>
        </item>
        <item>
          <alttext>v</alttext>
          <latex>v</latex>
        </item>
      </math>
      <sources>
        <item>PAC, 1996, 68, 149. 'A glossary of terms used in chemical kinetics, including reaction dynamics (IUPAC Recommendations 1996)' on page 151 (https://doi.org/10.1351/pac199668010149)</item>
      </sources>
    </item>
  </definitions>
  <links>
    <html>https://goldbook.iupac.org/terms/view/A00093/html</html>
    <json>https://goldbook.iupac.org/terms/view/A00093/json</json>
    <xml>https://goldbook.iupac.org/terms/view/A00093/xml</xml>
    <plain>https://goldbook.iupac.org/terms/view/A00093/plain</plain>
  </links>
  <citation>Citation: 'activation' in IUPAC Compendium of Chemical Terminology, 5th ed. International Union of Pure and Applied Chemistry; 2025. Online version 5.0.0, 2025. 10.1351/goldbook.A00093</citation>
  <license>The IUPAC Gold Book is licensed under Creative Commons Attribution-ShareAlike CC BY-SA 4.0 International (https://creativecommons.org/licenses/by-sa/4.0/) for individual terms.</license>
  <collection>If you are interested in licensing the Gold Book for commercial use, please contact the IUPAC Executive Director at executivedirector@iupac.org .</collection>
  <disclaimer>The International Union of Pure and Applied Chemistry (IUPAC) is continuously reviewing and, where needed, updating terms in the Compendium of Chemical Terminology (the IUPAC Gold Book). Users of these terms are encouraged to include the version of a term with its use and to check regularly for updates to term definitions that you are using.</disclaimer>
  <accessed>2025-02-25T06:41:29+00:00</accessed>
</term>
