<?xml version="1.0" encoding="UTF-8"?>
<term>
  <id>00081</id>
  <doi>10.1351/goldbook.A00081</doi>
  <code>A00081</code>
  <status>current</status>
  <longtitle>IUPAC Gold Book - acidity function</longtitle>
  <title>acidity function</title>
  <contains>basicity function, Hammett acidity function</contains>
  <termversion>2.3.3</termversion>
  <lastupdated>2014-02-24</lastupdated>
  <definitions>
    <item>
      <id>1</id>
      <text>Any function that measures the thermodynamic hydron-donating or -accepting ability of a solvent system, or a closely related thermodynamic property, such as the tendency of the lyate ion of the solvent system to form Lewis adducts. (The term 'basicity function' is not in common use in connection with basic solutions.) Acidity functions are not unique properties of the solvent system alone, but depend on the solute (or family of closely related solutes) with respect to which the thermodynamic tendency is measured. Commonly used acidity functions refer to concentrated acidic or basic solutions. Acidity functions are usually established over a range of composition of such a system by UV/VIS spectrophotometric or NMR measurements of the degree of hydronation (protonation or Lewis adduct formation) for the members of a series of structurally similar indicator bases (or acids) of different strength: the best known of these functions is the Hammett acidity function H0 (for uncharged indicator bases that are primary aromatic amines).</text>
      <links>
        <item>
          <title>hydron</title>
          <url>https://goldbook.iupac.org/terms/view/H02904</url>
        </item>
        <item>
          <title>lyate ion</title>
          <url>https://goldbook.iupac.org/terms/view/L03653</url>
        </item>
        <item>
          <title>Lewis adduct</title>
          <url>https://goldbook.iupac.org/terms/view/L03510</url>
        </item>
        <item>
          <title>hydron</title>
          <url>https://goldbook.iupac.org/terms/view/H02904</url>
        </item>
        <item>
          <title>lyate ion</title>
          <url>https://goldbook.iupac.org/terms/view/L03653</url>
        </item>
        <item>
          <title>Lewis adduct (of a compound, of a medium)</title>
          <url>https://goldbook.iupac.org/terms/view/L03510</url>
        </item>
        <item>
          <title>Acidity (of a compound, of a medium)</title>
          <url>https://goldbook.iupac.org/terms/view/A00079</url>
        </item>
        <item>
          <title>amines (of a compound, of a medium)</title>
          <url>https://goldbook.iupac.org/terms/view/A00274</url>
        </item>
      </links>
      <math>
        <item>
          <meaning>Hammett acidity function</meaning>
          <type>equation</type>
          <alttext>H0</alttext>
          <latex>H_{0}</latex>
        </item>
      </math>
      <sources>
        <item>PAC, 1994, 66, 1077. 'Glossary of terms used in physical organic chemistry (IUPAC Recommendations 1994)' on page 1081 (https://doi.org/10.1351/pac199466051077)</item>
      </sources>
    </item>
  </definitions>
  <referencedin>
    <item>
      <title>Wikipedia - Acidez (função) (pt)</title>
      <url>https://pt.wikipedia.org/wiki/Acidez_(função)</url>
    </item>
    <item>
      <title>Wikipedia - Acidity function (en)</title>
      <url>https://en.wikipedia.org/wiki/Acidity_function</url>
    </item>
    <item>
      <title>Wikipedia - Base não nucleofílica (pt)</title>
      <url>https://pt.wikipedia.org/wiki/Base_não_nucleofílica</url>
    </item>
    <item>
      <title>Wikipedia - Función de acidez (es)</title>
      <url>https://es.wikipedia.org/wiki/Función_de_acidez</url>
    </item>
    <item>
      <title>Wikipedia - Funkcija kiselosti (sr)</title>
      <url>https://sr.wikipedia.org/wiki/Funkcija_kiselosti</url>
    </item>
    <item>
      <title>Wikipedia - Função de acidez (pt)</title>
      <url>https://pt.wikipedia.org/wiki/Função_de_acidez</url>
    </item>
    <item>
      <title>Wikipedia - تابع اسیدی (fa)</title>
      <url>https://fa.wikipedia.org/wiki/تابع_اسیدی</url>
    </item>
    <item>
      <title>Wikipedia - 酸度関数 (ja)</title>
      <url>https://ja.wikipedia.org/wiki/酸度関数</url>
    </item>
  </referencedin>
  <links>
    <html>https://goldbook.iupac.org/terms/view/A00081/html</html>
    <json>https://goldbook.iupac.org/terms/view/A00081/json</json>
    <xml>https://goldbook.iupac.org/terms/view/A00081/xml</xml>
    <plain>https://goldbook.iupac.org/terms/view/A00081/plain</plain>
  </links>
  <citation>Citation: 'acidity function' in IUPAC Compendium of Chemical Terminology, 5th ed. International Union of Pure and Applied Chemistry; 2025. Online version 5.0.0, 2025. 10.1351/goldbook.A00081</citation>
  <license>The IUPAC Gold Book is licensed under Creative Commons Attribution-ShareAlike CC BY-SA 4.0 International (https://creativecommons.org/licenses/by-sa/4.0/) for individual terms.</license>
  <collection>If you are interested in licensing the Gold Book for commercial use, please contact the IUPAC Executive Director at executivedirector@iupac.org .</collection>
  <disclaimer>The International Union of Pure and Applied Chemistry (IUPAC) is continuously reviewing and, where needed, updating terms in the Compendium of Chemical Terminology (the IUPAC Gold Book). Users of these terms are encouraged to include the version of a term with its use and to check regularly for updates to term definitions that you are using.</disclaimer>
  <accessed>2025-02-25T06:40:59+00:00</accessed>
</term>
