<?xml version="1.0" encoding="UTF-8"?>
<term>
  <id>00061</id>
  <doi>10.1351/goldbook.A00061</doi>
  <code>A00061</code>
  <status>current</status>
  <longtitle>IUPAC Gold Book - acenes</longtitle>
  <title>acenes</title>
  <termversion>2.3.3</termversion>
  <lastupdated>2014-02-24</lastupdated>
  <definitions>
    <item>
      <id>1</id>
      <text>Polycyclic aromatic hydrocarbons consisting of fused benzene rings in a rectilinear arrangement. [image: Not defined]</text>
      <chemicals>
        <item>
          <type>chemimage</type>
          <title>Not defined</title>
          <file>https://goldbook.iupac.org/img/inline/A00061.png</file>
        </item>
      </chemicals>
      <links>
        <item>
          <title>hydrocarbons</title>
          <url>https://goldbook.iupac.org/terms/view/H02889</url>
        </item>
      </links>
      <sources>
        <item>PAC, 1995, 67, 1307. 'Glossary of class names of organic compounds and reactivity intermediates based on structure (IUPAC Recommendations 1995)' on page 1310 (https://doi.org/10.1351/pac199567081307)</item>
      </sources>
    </item>
  </definitions>
  <referencedin>
    <item>
      <title>Wikipedia - Acene (de)</title>
      <url>https://de.wikipedia.org/wiki/Acene</url>
    </item>
    <item>
      <title>Wikipedia - Acene (en)</title>
      <url>https://en.wikipedia.org/wiki/Acene</url>
    </item>
    <item>
      <title>Wikipedia - Aceni (it)</title>
      <url>https://it.wikipedia.org/wiki/Aceni</url>
    </item>
    <item>
      <title>Wikipedia - Aceny (pl)</title>
      <url>https://pl.wikipedia.org/wiki/Aceny</url>
    </item>
    <item>
      <title>Wikipedia - Aseenit (fi)</title>
      <url>https://fi.wikipedia.org/wiki/Aseenit</url>
    </item>
    <item>
      <title>Wikipedia - Wikipedia talk:WikiProject Chemicals (en)</title>
      <url>https://en.wikipedia.org/wiki/Wikipedia_talk:WikiProject_Chemicals</url>
    </item>
    <item>
      <title>Wikipedia - Ацены (ru)</title>
      <url>https://ru.wikipedia.org/wiki/Ацены</url>
    </item>
    <item>
      <title>Wikipedia - أسينات (كيمياء) (ar)</title>
      <url>https://ar.wikipedia.org/wiki/أسينات_(كيمياء)</url>
    </item>
    <item>
      <title>Wikipedia - アセン (ja)</title>
      <url>https://ja.wikipedia.org/wiki/アセン</url>
    </item>
  </referencedin>
  <links>
    <html>https://goldbook.iupac.org/terms/view/A00061/html</html>
    <json>https://goldbook.iupac.org/terms/view/A00061/json</json>
    <xml>https://goldbook.iupac.org/terms/view/A00061/xml</xml>
    <plain>https://goldbook.iupac.org/terms/view/A00061/plain</plain>
  </links>
  <citation>Citation: 'acenes' in IUPAC Compendium of Chemical Terminology, 5th ed. International Union of Pure and Applied Chemistry; 2025. Online version 5.0.0, 2025. 10.1351/goldbook.A00061</citation>
  <license>The IUPAC Gold Book is licensed under Creative Commons Attribution-ShareAlike CC BY-SA 4.0 International (https://creativecommons.org/licenses/by-sa/4.0/) for individual terms.</license>
  <collection>If you are interested in licensing the Gold Book for commercial use, please contact the IUPAC Executive Director at executivedirector@iupac.org .</collection>
  <disclaimer>The International Union of Pure and Applied Chemistry (IUPAC) is continuously reviewing and, where needed, updating terms in the Compendium of Chemical Terminology (the IUPAC Gold Book). Users of these terms are encouraged to include the version of a term with its use and to check regularly for updates to term definitions that you are using.</disclaimer>
  <accessed>2025-02-25T06:39:52+00:00</accessed>
</term>
