<?xml version="1.0" encoding="UTF-8"?>
<term>
  <id>00088</id>
  <doi>10.1351/goldbook.A00088</doi>
  <code>A00088</code>
  <status>current</status>
  <longtitle>IUPAC Gold Book - action spectrum</longtitle>
  <title>action spectrum</title>
  <termversion>2.3.3</termversion>
  <lastupdated>2014-02-24</lastupdated>
  <definitions>
    <item>
      <id>1</id>
      <text>A plot of a relative biological or chemical photoresponse (= Δ y) per number of incident photons against wavelength or energy of radiation under the same radiant power of light. This form of presentation is frequently used in the studies of biological or solid state systems, where the nature of the absorbing species is unknown. This type of action spectrum is sometimes called spectral responsivity or sensitivity spectrum. The precise action spectrum is a plot of the spectral or quantum) effectiveness. By contrast, a plot of the biological or chemical change or response per absorbed photon (quantum efficiency) versus wavelength is the efficiency spectrum.</text>
      <links>
        <item>
          <title>excitation spectrum</title>
          <url>https://goldbook.iupac.org/terms/view/E02253</url>
        </item>
        <item>
          <title>efficiency spectrum</title>
          <url>https://goldbook.iupac.org/terms/view/E01908</url>
        </item>
        <item>
          <title>excitation spectrum</title>
          <url>https://goldbook.iupac.org/terms/view/E02253</url>
        </item>
        <item>
          <title>efficiency spectrum</title>
          <url>https://goldbook.iupac.org/terms/view/E01908</url>
        </item>
        <item>
          <title>wavelength</title>
          <url>https://goldbook.iupac.org/terms/view/W06659</url>
        </item>
        <item>
          <title>excitation spectrum</title>
          <url>https://goldbook.iupac.org/terms/view/E02253</url>
        </item>
        <item>
          <title>efficiency spectrum</title>
          <url>https://goldbook.iupac.org/terms/view/E01908</url>
        </item>
        <item>
          <title>wavelength</title>
          <url>https://goldbook.iupac.org/terms/view/W06659</url>
        </item>
        <item>
          <title>radiant power</title>
          <url>https://goldbook.iupac.org/terms/view/R05046</url>
        </item>
        <item>
          <title>spectral responsivity</title>
          <url>https://goldbook.iupac.org/terms/view/S05829</url>
        </item>
        <item>
          <title>spectral or quantum effectiveness</title>
          <url>https://goldbook.iupac.org/terms/view/S05814</url>
        </item>
        <item>
          <title>quantum efficiency</title>
          <url>https://goldbook.iupac.org/terms/view/Q04988</url>
        </item>
      </links>
      <math>
        <item>
          <alttext>Δ y</alttext>
          <latex>\Delta y</latex>
        </item>
      </math>
      <sources>
        <item>PAC, 1996, 68, 2223. 'Glossary of terms used in photochemistry (IUPAC Recommendations 1996)' on page 2227 (https://doi.org/10.1351/pac199668122223)</item>
      </sources>
    </item>
  </definitions>
  <links>
    <html>https://goldbook.iupac.org/terms/view/A00088/html</html>
    <json>https://goldbook.iupac.org/terms/view/A00088/json</json>
    <xml>https://goldbook.iupac.org/terms/view/A00088/xml</xml>
    <plain>https://goldbook.iupac.org/terms/view/A00088/plain</plain>
  </links>
  <citation>Citation: 'action spectrum' in IUPAC Compendium of Chemical Terminology, 5th ed. International Union of Pure and Applied Chemistry; 2025. Online version 5.0.0, 2025. 10.1351/goldbook.A00088</citation>
  <license>The IUPAC Gold Book is licensed under Creative Commons Attribution-ShareAlike CC BY-SA 4.0 International (https://creativecommons.org/licenses/by-sa/4.0/) for individual terms.</license>
  <collection>If you are interested in licensing the Gold Book for commercial use, please contact the IUPAC Executive Director at executivedirector@iupac.org .</collection>
  <disclaimer>The International Union of Pure and Applied Chemistry (IUPAC) is continuously reviewing and, where needed, updating terms in the Compendium of Chemical Terminology (the IUPAC Gold Book). Users of these terms are encouraged to include the version of a term with its use and to check regularly for updates to term definitions that you are using.</disclaimer>
  <accessed>2025-02-25T06:41:14+00:00</accessed>
</term>
