<?xml version="1.0" encoding="UTF-8"?>
<term>
  <id>00027</id>
  <doi>10.1351/goldbook.A00027</doi>
  <code>A00027</code>
  <status>current</status>
  <longtitle>IUPAC Gold Book - absolute preconcentration in trace analysis</longtitle>
  <title>absolute preconcentration</title>
  <termversion>2.3.3</termversion>
  <lastupdated>2014-02-24</lastupdated>
  <definitions>
    <item>
      <id>1</id>
      <text>An operation (process) as the result of which microcomponents are transferred from the sample of larger mass into the sample of smaller mass, so that the concentration of the microcomponents is increased. Examples include the decrease in solvent volume during distillation or evaporation, and the transfer of microcomponents from an aqueous solution into a smaller volume of organic solvent by extraction.</text>
      <contexts>
        <in>
          <item>trace analysis</item>
        </in>
      </contexts>
      <links>
        <item>
          <title>evaporation</title>
          <url>https://goldbook.iupac.org/terms/view/E02227</url>
        </item>
        <item>
          <title>extraction</title>
          <url>https://goldbook.iupac.org/terms/view/E02301</url>
        </item>
      </links>
      <sources>
        <item>PAC, 1979, 51, 1195. 'Separation and Preconcentration of Trace Substances. I-Preconcentration for Inorganic Trace Analysis' on page 1197 (https://doi.org/10.1351/pac197951051195)</item>
      </sources>
    </item>
  </definitions>
  <links>
    <html>https://goldbook.iupac.org/terms/view/A00027/html</html>
    <json>https://goldbook.iupac.org/terms/view/A00027/json</json>
    <xml>https://goldbook.iupac.org/terms/view/A00027/xml</xml>
    <plain>https://goldbook.iupac.org/terms/view/A00027/plain</plain>
  </links>
  <citation>Citation: 'absolute preconcentration' in IUPAC Compendium of Chemical Terminology, 5th ed. International Union of Pure and Applied Chemistry; 2025. Online version 5.0.0, 2025. 10.1351/goldbook.A00027</citation>
  <license>The IUPAC Gold Book is licensed under Creative Commons Attribution-ShareAlike CC BY-SA 4.0 International (https://creativecommons.org/licenses/by-sa/4.0/) for individual terms.</license>
  <collection>If you are interested in licensing the Gold Book for commercial use, please contact the IUPAC Executive Director at executivedirector@iupac.org .</collection>
  <disclaimer>The International Union of Pure and Applied Chemistry (IUPAC) is continuously reviewing and, where needed, updating terms in the Compendium of Chemical Terminology (the IUPAC Gold Book). Users of these terms are encouraged to include the version of a term with its use and to check regularly for updates to term definitions that you are using.</disclaimer>
  <accessed>2025-02-25T06:38:07+00:00</accessed>
</term>
