<?xml version="1.0" encoding="UTF-8"?>
<term>
  <id>00030</id>
  <doi>10.1351/goldbook.A00030</doi>
  <code>A00030</code>
  <status>current</status>
  <longtitle>IUPAC Gold Book - absorbed dose of a substance</longtitle>
  <title>absorbed dose</title>
  <termversion>2.3.3</termversion>
  <lastupdated>2014-02-24</lastupdated>
  <definitions>
    <item>
      <id>1</id>
      <text>Amount of a substance absorbed into an organism or into organs and tissues of interest.</text>
      <contexts>
        <of>
          <item>a substance</item>
        </of>
      </contexts>
      <sources>
        <item>PAC, 1993, 65, 2003. 'Glossary for chemists of terms used in toxicology (IUPAC Recommendations 1993)' on page 2007 (https://doi.org/10.1351/pac199365092003)</item>
      </sources>
    </item>
  </definitions>
  <referencedin>
    <item>
      <title>Wikipedia - جرعة الطاقة الممتصة (ar)</title>
      <url>https://ar.wikipedia.org/wiki/جرعة_الطاقة_الممتصة</url>
    </item>
  </referencedin>
  <links>
    <html>https://goldbook.iupac.org/terms/view/A00030/html</html>
    <json>https://goldbook.iupac.org/terms/view/A00030/json</json>
    <xml>https://goldbook.iupac.org/terms/view/A00030/xml</xml>
    <plain>https://goldbook.iupac.org/terms/view/A00030/plain</plain>
  </links>
  <citation>Citation: 'absorbed dose' in IUPAC Compendium of Chemical Terminology, 5th ed. International Union of Pure and Applied Chemistry; 2025. Online version 5.0.0, 2025. 10.1351/goldbook.A00030</citation>
  <license>The IUPAC Gold Book is licensed under Creative Commons Attribution-ShareAlike CC BY-SA 4.0 International (https://creativecommons.org/licenses/by-sa/4.0/) for individual terms.</license>
  <collection>If you are interested in licensing the Gold Book for commercial use, please contact the IUPAC Executive Director at executivedirector@iupac.org .</collection>
  <disclaimer>The International Union of Pure and Applied Chemistry (IUPAC) is continuously reviewing and, where needed, updating terms in the Compendium of Chemical Terminology (the IUPAC Gold Book). Users of these terms are encouraged to include the version of a term with its use and to check regularly for updates to term definitions that you are using.</disclaimer>
  <accessed>2025-02-25T06:38:22+00:00</accessed>
</term>
