<?xml version="1.0" encoding="UTF-8"?>
<term>
  <id>00004</id>
  <doi>10.1351/goldbook.A00004</doi>
  <code>A00004</code>
  <status>current</status>
  <longtitle>IUPAC Gold Book - α-cleavage (alpha-cleavage)</longtitle>
  <title>α-cleavage</title>
  <termversion>2.3.3</termversion>
  <lastupdated>2014-02-24</lastupdated>
  <definitions>
    <item>
      <id>1</id>
      <text>The fission of a bond originating at an atom which is adjacent to one assumed to bear the charge; the definition of β-, γ-cleavage then follows automatically. The process: [image: Generalized α-cleavage reaction] would thus be described as α-fission of a ketone with expulsion of a radical R1·. The carbon atoms of the radical R1. are called the α-, β-, γ-carbons, starting with the atom nearest the functional group.</text>
      <chemicals>
        <item>
          <type>chemimage</type>
          <title>Generalized α-cleavage reaction</title>
          <file>https://goldbook.iupac.org/img/inline/A00004.png</file>
        </item>
      </chemicals>
      <links>
        <item>
          <title>functional group</title>
          <url>https://goldbook.iupac.org/terms/view/F02555</url>
        </item>
      </links>
      <sources>
        <item>PAC, 1991, 63, 1541. 'Recommendations for nomenclature and symbolism for mass spectroscopy (including an appendix of terms used in vacuum technology). (Recommendations 1991)' on page 1558 (https://doi.org/10.1351/pac199163101541)</item>
      </sources>
    </item>
    <item>
      <id>2</id>
      <text>Homolytic cleavage of a bond connecting an atom or group to an excited chromophore. Often applied to a bond connected to a carbonyl group, in which case it is called a Norrish type I photoreaction.</text>
      <notes>
        <item>This reaction should be distinguished from an alpha-(α-)elimination.</item>
      </notes>
      <links>
        <item>
          <title>chromophore</title>
          <url>https://goldbook.iupac.org/terms/view/C01076</url>
        </item>
        <item>
          <title>chromophore</title>
          <url>https://goldbook.iupac.org/terms/view/C01076</url>
        </item>
        <item>
          <title>Norrish Type I photoreaction</title>
          <url>https://goldbook.iupac.org/terms/view/N04219</url>
        </item>
        <item>
          <title>alpha-(α-)elimination</title>
          <url>https://goldbook.iupac.org/terms/view/A00007</url>
        </item>
      </links>
      <sources>
        <item>PAC, 2007, 79, 293. 'Glossary of terms used in photochemistry, 3rd edition (IUPAC Recommendations 2006)' on page 302 (https://doi.org/10.1351/pac200779030293)</item>
      </sources>
    </item>
  </definitions>
  <referencedin>
    <item>
      <title>Wikipedia - Alpha cleavage (en)</title>
      <url>https://en.wikipedia.org/wiki/Alpha_cleavage</url>
    </item>
    <item>
      <title>Wikipedia - Alpha cleavage (simple)</title>
      <url>https://simple.wikipedia.org/wiki/Alpha_cleavage</url>
    </item>
    <item>
      <title>Wikipedia - Inductive cleavage (en)</title>
      <url>https://en.wikipedia.org/wiki/Inductive_cleavage</url>
    </item>
  </referencedin>
  <links>
    <html>https://goldbook.iupac.org/terms/view/A00004/html</html>
    <json>https://goldbook.iupac.org/terms/view/A00004/json</json>
    <xml>https://goldbook.iupac.org/terms/view/A00004/xml</xml>
    <plain>https://goldbook.iupac.org/terms/view/A00004/plain</plain>
  </links>
  <citation>Citation: 'α-cleavage' in IUPAC Compendium of Chemical Terminology, 5th ed. International Union of Pure and Applied Chemistry; 2025. Online version 5.0.0, 2025. 10.1351/goldbook.A00004</citation>
  <license>The IUPAC Gold Book is licensed under Creative Commons Attribution-ShareAlike CC BY-SA 4.0 International (https://creativecommons.org/licenses/by-sa/4.0/) for individual terms.</license>
  <collection>If you are interested in licensing the Gold Book for commercial use, please contact the IUPAC Executive Director at executivedirector@iupac.org .</collection>
  <disclaimer>The International Union of Pure and Applied Chemistry (IUPAC) is continuously reviewing and, where needed, updating terms in the Compendium of Chemical Terminology (the IUPAC Gold Book). Users of these terms are encouraged to include the version of a term with its use and to check regularly for updates to term definitions that you are using.</disclaimer>
  <accessed>2025-02-25T07:05:32+00:00</accessed>
</term>
