<?xml version="1.0" encoding="UTF-8"?>
<term>
  <id>00035</id>
  <doi>10.1351/goldbook.A00035</doi>
  <code>A00035</code>
  <status>current</status>
  <longtitle>IUPAC Gold Book - absorptance</longtitle>
  <title>absorptance</title>
  <index>quantity</index>
  <termversion>2.3.3</termversion>
  <lastupdated>2014-02-24</lastupdated>
  <definitions>
    <item>
      <id>1</id>
      <text>Ratio of the absorbed to the incident radiant power. Also called absorption factor. When α ≤ 1, α ≈ Ae, where Ae is the Napierian absorbance.</text>
      <links>
        <item>
          <title>radiant power</title>
          <url>https://goldbook.iupac.org/terms/view/R05046</url>
        </item>
        <item>
          <title>radiant power</title>
          <url>https://goldbook.iupac.org/terms/view/R05046</url>
        </item>
        <item>
          <title>absorption factor</title>
          <url>https://goldbook.iupac.org/terms/view/A00039</url>
        </item>
        <item>
          <title>absorbance</title>
          <url>https://goldbook.iupac.org/terms/view/A00028</url>
        </item>
      </links>
      <math>
        <item>
          <meaning>Absorptance comparison</meaning>
          <type>math</type>
          <alttext>α ≤ 1</alttext>
          <latex>\alpha \leq 1</latex>
        </item>
        <item>
          <meaning>Absorptance comparison</meaning>
          <type>math</type>
          <alttext>α ≈ Ae</alttext>
          <latex>\alpha \approx A_{\text{e}}</latex>
        </item>
        <item>
          <meaning>Naperian absorbance</meaning>
          <type>quantity</type>
          <alttext>Ae</alttext>
          <latex>A_{\text{e}}</latex>
        </item>
      </math>
      <sources>
        <item>Green Book, 2nd ed., p. 32 (https://goldbook.iupac.org/files/pdf/green_book_2ed.pdf)</item>
        <item>PAC, 1985, 57, 105. 'Names, symbols, definitions and units of quantities in optical spectroscopy (Recommendations 1984)' on page 114 (https://doi.org/10.1351/pac198557010105)</item>
        <item>PAC, 1996, 68, 2223. 'Glossary of terms used in photochemistry (IUPAC Recommendations 1996)' on page 2226 (https://doi.org/10.1351/pac199668122223)</item>
        <item>PAC, 1996, 68, 957. 'Glossary of terms in quantities and units in Clinical Chemistry (IUPAC-IFCC Recommendations 1996)' on page 959 (https://doi.org/10.1351/pac199668040957)</item>
      </sources>
    </item>
  </definitions>
  <referencedin>
    <item>
      <title>Wikipedia - Absorptance (en)</title>
      <url>https://en.wikipedia.org/wiki/Absorptance</url>
    </item>
  </referencedin>
  <links>
    <html>https://goldbook.iupac.org/terms/view/A00035/html</html>
    <json>https://goldbook.iupac.org/terms/view/A00035/json</json>
    <xml>https://goldbook.iupac.org/terms/view/A00035/xml</xml>
    <plain>https://goldbook.iupac.org/terms/view/A00035/plain</plain>
  </links>
  <citation>Citation: 'absorptance' in IUPAC Compendium of Chemical Terminology, 5th ed. International Union of Pure and Applied Chemistry; 2025. Online version 5.0.0, 2025. 10.1351/goldbook.A00035</citation>
  <license>The IUPAC Gold Book is licensed under Creative Commons Attribution-ShareAlike CC BY-SA 4.0 International (https://creativecommons.org/licenses/by-sa/4.0/) for individual terms.</license>
  <collection>If you are interested in licensing the Gold Book for commercial use, please contact the IUPAC Executive Director at executivedirector@iupac.org .</collection>
  <disclaimer>The International Union of Pure and Applied Chemistry (IUPAC) is continuously reviewing and, where needed, updating terms in the Compendium of Chemical Terminology (the IUPAC Gold Book). Users of these terms are encouraged to include the version of a term with its use and to check regularly for updates to term definitions that you are using.</disclaimer>
  <accessed>2025-02-25T06:38:34+00:00</accessed>
</term>
