<?xml version="1.0" encoding="UTF-8"?>
<term>
  <id>00094</id>
  <doi>10.1351/goldbook.A00094</doi>
  <code>A00094</code>
  <status>current</status>
  <longtitle>IUPAC Gold Book - activation in electrochemical corrosion</longtitle>
  <title>activation</title>
  <termversion>2.3.3</termversion>
  <lastupdated>2014-02-24</lastupdated>
  <definitions>
    <item>
      <id>1</id>
      <text>The process of transition from the passive to the active state by removal of the passivating film. A necessary condition for activation is an electrode potential negative to the equilibrium potential of formation of the passivating film. Activation is achieved by cathodic currents, by a reduced substance in the adjacent solution, or by contact with an electronic conductor having a suitably negative corrosion potential.</text>
      <contexts>
        <in>
          <item>electrochemical corrosion</item>
        </in>
      </contexts>
      <links>
        <item>
          <title>passive state (in electrochemical corrosion)</title>
          <url>https://goldbook.iupac.org/terms/view/P04447</url>
        </item>
        <item>
          <title>active state (in electrochemical corrosion) (in electrochemical corrosion)</title>
          <url>https://goldbook.iupac.org/terms/view/A00111</url>
        </item>
        <item>
          <title>passive state (in electrochemical corrosion)</title>
          <url>https://goldbook.iupac.org/terms/view/P04447</url>
        </item>
        <item>
          <title>active state (in electrochemical corrosion) (in electrochemical corrosion)</title>
          <url>https://goldbook.iupac.org/terms/view/A00111</url>
        </item>
        <item>
          <title>film (in electrochemical corrosion) (in electrochemical corrosion)</title>
          <url>https://goldbook.iupac.org/terms/view/F02366</url>
        </item>
        <item>
          <title>activation (in electrochemical corrosion) (in electrochemical corrosion)</title>
          <url>https://goldbook.iupac.org/terms/view/A00093</url>
        </item>
        <item>
          <title>electrode potential (in electrochemical corrosion) (in electrochemical corrosion)</title>
          <url>https://goldbook.iupac.org/terms/view/E01956</url>
        </item>
        <item>
          <title>corrosion potential (in electrochemical corrosion) (in electrochemical corrosion)</title>
          <url>https://goldbook.iupac.org/terms/view/C01357</url>
        </item>
      </links>
      <sources>
        <item>PAC, 1989, 61, 19. 'Electrochemical corrosion nomenclature (Recommendations 1988)' on page 21 (https://doi.org/10.1351/pac198961010019)</item>
      </sources>
    </item>
  </definitions>
  <links>
    <html>https://goldbook.iupac.org/terms/view/A00094/html</html>
    <json>https://goldbook.iupac.org/terms/view/A00094/json</json>
    <xml>https://goldbook.iupac.org/terms/view/A00094/xml</xml>
    <plain>https://goldbook.iupac.org/terms/view/A00094/plain</plain>
  </links>
  <citation>Citation: 'activation' in IUPAC Compendium of Chemical Terminology, 5th ed. International Union of Pure and Applied Chemistry; 2025. Online version 5.0.0, 2025. 10.1351/goldbook.A00094</citation>
  <license>The IUPAC Gold Book is licensed under Creative Commons Attribution-ShareAlike CC BY-SA 4.0 International (https://creativecommons.org/licenses/by-sa/4.0/) for individual terms.</license>
  <collection>If you are interested in licensing the Gold Book for commercial use, please contact the IUPAC Executive Director at executivedirector@iupac.org .</collection>
  <disclaimer>The International Union of Pure and Applied Chemistry (IUPAC) is continuously reviewing and, where needed, updating terms in the Compendium of Chemical Terminology (the IUPAC Gold Book). Users of these terms are encouraged to include the version of a term with its use and to check regularly for updates to term definitions that you are using.</disclaimer>
  <accessed>2025-02-25T06:41:39+00:00</accessed>
</term>
