<?xml version="1.0" encoding="UTF-8"?>
<term>
  <id>00042</id>
  <doi>10.1351/goldbook.A00042</doi>
  <code>A00042</code>
  <status>current</status>
  <longtitle>IUPAC Gold Book - absorption pathlength</longtitle>
  <title>absorption pathlength</title>
  <termversion>2.3.3</termversion>
  <lastupdated>2014-02-24</lastupdated>
  <definitions>
    <item>
      <id>1</id>
      <text>The length of the radiation path through the absorbing medium; it is equal to the cell path length, l, in the case of single-pass cells at normal incidence of radiation.</text>
      <contexts>
        <of>
          <item>a sample cell</item>
        </of>
      </contexts>
      <math>
        <item>
          <meaning>Cell path length</meaning>
          <type>quantity</type>
          <alttext>l</alttext>
          <latex>l</latex>
        </item>
      </math>
      <sources>
        <item>PAC, 1988, 60, 1449. 'Nomenclature, symbols, units and their usage in spectrochemical analysis - VII. Molecular absorption spectroscopy, ultraviolet and visible (UV/VIS) (Recommendations 1988)' on page 1453 (https://doi.org/10.1351/pac198860091449)</item>
      </sources>
    </item>
  </definitions>
  <links>
    <html>https://goldbook.iupac.org/terms/view/A00042/html</html>
    <json>https://goldbook.iupac.org/terms/view/A00042/json</json>
    <xml>https://goldbook.iupac.org/terms/view/A00042/xml</xml>
    <plain>https://goldbook.iupac.org/terms/view/A00042/plain</plain>
  </links>
  <citation>Citation: 'absorption pathlength' in IUPAC Compendium of Chemical Terminology, 5th ed. International Union of Pure and Applied Chemistry; 2025. Online version 5.0.0, 2025. 10.1351/goldbook.A00042</citation>
  <license>The IUPAC Gold Book is licensed under Creative Commons Attribution-ShareAlike CC BY-SA 4.0 International (https://creativecommons.org/licenses/by-sa/4.0/) for individual terms.</license>
  <collection>If you are interested in licensing the Gold Book for commercial use, please contact the IUPAC Executive Director at executivedirector@iupac.org .</collection>
  <disclaimer>The International Union of Pure and Applied Chemistry (IUPAC) is continuously reviewing and, where needed, updating terms in the Compendium of Chemical Terminology (the IUPAC Gold Book). Users of these terms are encouraged to include the version of a term with its use and to check regularly for updates to term definitions that you are using.</disclaimer>
  <accessed>2025-02-25T06:38:56+00:00</accessed>
</term>
