<?xml version="1.0" encoding="UTF-8"?>
<term>
  <id>00012</id>
  <doi>10.1351/goldbook.A00012</doi>
  <code>A00012</code>
  <status>current</status>
  <longtitle>IUPAC Gold Book - A value</longtitle>
  <title>'A' value</title>
  <contains>Winstein–Holness A value</contains>
  <termversion>2.3.3</termversion>
  <lastupdated>2014-02-24</lastupdated>
  <definitions>
    <item>
      <id>1</id>
      <text>The conformational preference of an equatorial compared to an axial substituent in a monosubstituted cyclohexane. This steric substituent parameter equals ΔrG° in kcal mol-1 for the equatorial to axial equilibration on cyclohexane. The values are also known as 'Winstein–Holness' A values.</text>
      <links>
        <item>
          <title>equatorial</title>
          <url>https://goldbook.iupac.org/terms/view/E02174</url>
        </item>
        <item>
          <title>equilibration</title>
          <url>https://goldbook.iupac.org/terms/view/E02175</url>
        </item>
      </links>
      <math>
        <item>
          <meaning>Standard Gibbs free energy of reaction</meaning>
          <type>symbol</type>
          <alttext>ΔrG°</alttext>
          <latex>\Delta _{\text{r}}G^{\,\unicode{x26ac}}</latex>
        </item>
        <item>
          <meaning>Kilocalories per mole</meaning>
          <type>unit</type>
          <alttext>kcal mol-1</alttext>
          <latex>\pu{kcal mol-1}</latex>
        </item>
      </math>
      <sources>
        <item>PAC, 1994, 66, 1077. 'Glossary of terms used in physical organic chemistry (IUPAC Recommendations 1994)' on page 1087 (https://doi.org/10.1351/pac199466051077)</item>
      </sources>
    </item>
  </definitions>
  <referencedin>
    <item>
      <title>Wikipedia - Valore A (it)</title>
      <url>https://it.wikipedia.org/wiki/Valore_A</url>
    </item>
  </referencedin>
  <links>
    <html>https://goldbook.iupac.org/terms/view/A00012/html</html>
    <json>https://goldbook.iupac.org/terms/view/A00012/json</json>
    <xml>https://goldbook.iupac.org/terms/view/A00012/xml</xml>
    <plain>https://goldbook.iupac.org/terms/view/A00012/plain</plain>
  </links>
  <citation>Citation: ''A' value' in IUPAC Compendium of Chemical Terminology, 5th ed. International Union of Pure and Applied Chemistry; 2025. Online version 5.0.0, 2025. 10.1351/goldbook.A00012</citation>
  <license>The IUPAC Gold Book is licensed under Creative Commons Attribution-ShareAlike CC BY-SA 4.0 International (https://creativecommons.org/licenses/by-sa/4.0/) for individual terms.</license>
  <collection>If you are interested in licensing the Gold Book for commercial use, please contact the IUPAC Executive Director at executivedirector@iupac.org .</collection>
  <disclaimer>The International Union of Pure and Applied Chemistry (IUPAC) is continuously reviewing and, where needed, updating terms in the Compendium of Chemical Terminology (the IUPAC Gold Book). Users of these terms are encouraged to include the version of a term with its use and to check regularly for updates to term definitions that you are using.</disclaimer>
  <accessed>2025-02-25T06:37:18+00:00</accessed>
</term>
