<?xml version="1.0" encoding="UTF-8"?>
<term>
  <id>00029</id>
  <doi>10.1351/goldbook.A00029</doi>
  <code>A00029</code>
  <status>current</status>
  <longtitle>IUPAC Gold Book - absorbance matching in spectrochemical analysis</longtitle>
  <title>absorbance matching</title>
  <termversion>2.3.3</termversion>
  <lastupdated>2014-02-24</lastupdated>
  <definitions>
    <item>
      <id>1</id>
      <text>A procedure where the concentration of a known analyte may be determined by diluting the sample with solvent until the absorbance matches the absorbance of the analyte in the reference cell. This method is particularly useful if the Beer-Lambert law does not hold.</text>
      <contexts>
        <in>
          <item>spectrochemical analysis</item>
        </in>
      </contexts>
      <links>
        <item>
          <title>absorbance</title>
          <url>https://goldbook.iupac.org/terms/view/A00028</url>
        </item>
        <item>
          <title>absorbance</title>
          <url>https://goldbook.iupac.org/terms/view/A00028</url>
        </item>
        <item>
          <title>Beer-Lambert law</title>
          <url>https://goldbook.iupac.org/terms/view/B00626</url>
        </item>
      </links>
      <sources>
        <item>PAC, 1988, 60, 1449. 'Nomenclature, symbols, units and their usage in spectrochemical analysis - VII. Molecular absorption spectroscopy, ultraviolet and visible (UV/VIS) (Recommendations 1988)' on page 1456 (https://doi.org/10.1351/pac198860091449)</item>
      </sources>
    </item>
  </definitions>
  <links>
    <html>https://goldbook.iupac.org/terms/view/A00029/html</html>
    <json>https://goldbook.iupac.org/terms/view/A00029/json</json>
    <xml>https://goldbook.iupac.org/terms/view/A00029/xml</xml>
    <plain>https://goldbook.iupac.org/terms/view/A00029/plain</plain>
  </links>
  <citation>Citation: 'absorbance matching' in IUPAC Compendium of Chemical Terminology, 5th ed. International Union of Pure and Applied Chemistry; 2025. Online version 5.0.0, 2025. 10.1351/goldbook.A00029</citation>
  <license>The IUPAC Gold Book is licensed under Creative Commons Attribution-ShareAlike CC BY-SA 4.0 International (https://creativecommons.org/licenses/by-sa/4.0/) for individual terms.</license>
  <collection>If you are interested in licensing the Gold Book for commercial use, please contact the IUPAC Executive Director at executivedirector@iupac.org .</collection>
  <disclaimer>The International Union of Pure and Applied Chemistry (IUPAC) is continuously reviewing and, where needed, updating terms in the Compendium of Chemical Terminology (the IUPAC Gold Book). Users of these terms are encouraged to include the version of a term with its use and to check regularly for updates to term definitions that you are using.</disclaimer>
  <accessed>2025-02-25T06:38:10+00:00</accessed>
</term>
