<?xml version="1.0" encoding="UTF-8"?>
<term>
  <id>00105</id>
  <doi>10.1351/goldbook.A00105</doi>
  <code>A00105</code>
  <status>current</status>
  <longtitle>IUPAC Gold Book - active centre</longtitle>
  <title>active centre</title>
  <termversion>2.3.3</termversion>
  <lastupdated>2014-02-24</lastupdated>
  <definitions>
    <item>
      <id>1</id>
      <text/>
      <links>
        <item>
          <title>active site (in heterogeneous catalysis)</title>
          <url>https://goldbook.iupac.org/terms/view/A00108</url>
        </item>
      </links>
      <sources>
        <item>PAC, 1976, 46, 71. 'Manual of Symbols and Terminology for Physicochemical Quantities and Units - Appendix II. Definitions, Terminology and Symbols in Colloid and Surface Chemistry. Part II: Heterogeneous Catalysis' on page 77 (https://doi.org/10.1351/pac197646010071)</item>
        <item>PAC, 1992, 64, 143. 'Glossary for chemists of terms used in biotechnology (IUPAC Recommendations 1992)' on page 145 (https://doi.org/10.1351/pac199264010143)</item>
      </sources>
    </item>
  </definitions>
  <links>
    <html>https://goldbook.iupac.org/terms/view/A00105/html</html>
    <json>https://goldbook.iupac.org/terms/view/A00105/json</json>
    <xml>https://goldbook.iupac.org/terms/view/A00105/xml</xml>
    <plain>https://goldbook.iupac.org/terms/view/A00105/plain</plain>
  </links>
  <citation>Citation: 'active centre' in IUPAC Compendium of Chemical Terminology, 5th ed. International Union of Pure and Applied Chemistry; 2025. Online version 5.0.0, 2025. 10.1351/goldbook.A00105</citation>
  <license>The IUPAC Gold Book is licensed under Creative Commons Attribution-ShareAlike CC BY-SA 4.0 International (https://creativecommons.org/licenses/by-sa/4.0/) for individual terms.</license>
  <collection>If you are interested in licensing the Gold Book for commercial use, please contact the IUPAC Executive Director at executivedirector@iupac.org .</collection>
  <disclaimer>The International Union of Pure and Applied Chemistry (IUPAC) is continuously reviewing and, where needed, updating terms in the Compendium of Chemical Terminology (the IUPAC Gold Book). Users of these terms are encouraged to include the version of a term with its use and to check regularly for updates to term definitions that you are using.</disclaimer>
  <accessed>2025-02-25T06:41:49+00:00</accessed>
</term>
