<?xml version="1.0" encoding="UTF-8"?>
<term>
  <id>00140</id>
  <doi>10.1351/goldbook.A00140</doi>
  <code>A00140</code>
  <status>current</status>
  <longtitle>IUPAC Gold Book - adhesional wetting</longtitle>
  <title>adhesional wetting</title>
  <termversion>2.0.2</termversion>
  <lastupdated>2008-10-07</lastupdated>
  <definitions>
    <item>
      <id>1</id>
      <text>A process in which an adhesional joint is formed between two phases.</text>
      <sources>
        <item>PAC, 1972, 31, 577. 'Manual of Symbols and Terminology for Physicochemical Quantities and Units, Appendix II: Definitions, Terminology and Symbols in Colloid and Surface Chemistry' on page 597 (https://doi.org/10.1351/pac197231040577)</item>
      </sources>
    </item>
  </definitions>
  <links>
    <html>https://goldbook.iupac.org/terms/view/A00140/html</html>
    <json>https://goldbook.iupac.org/terms/view/A00140/json</json>
    <xml>https://goldbook.iupac.org/terms/view/A00140/xml</xml>
    <plain>https://goldbook.iupac.org/terms/view/A00140/plain</plain>
  </links>
  <citation>Citation: 'adhesional wetting' in IUPAC Compendium of Chemical Terminology, 5th ed. International Union of Pure and Applied Chemistry; 2025. Online version 5.0.0, 2025. 10.1351/goldbook.A00140</citation>
  <license>The IUPAC Gold Book is licensed under Creative Commons Attribution-ShareAlike CC BY-SA 4.0 International (https://creativecommons.org/licenses/by-sa/4.0/) for individual terms.</license>
  <collection>If you are interested in licensing the Gold Book for commercial use, please contact the IUPAC Executive Director at executivedirector@iupac.org .</collection>
  <disclaimer>The International Union of Pure and Applied Chemistry (IUPAC) is continuously reviewing and, where needed, updating terms in the Compendium of Chemical Terminology (the IUPAC Gold Book). Users of these terms are encouraged to include the version of a term with its use and to check regularly for updates to term definitions that you are using.</disclaimer>
  <accessed>2025-02-25T06:43:34+00:00</accessed>
</term>
