<?xml version="1.0" encoding="UTF-8"?>
<term>
  <id>00195</id>
  <doi>10.1351/goldbook.A00195</doi>
  <code>A00195</code>
  <status>current</status>
  <longtitle>IUPAC Gold Book - air pollution</longtitle>
  <title>air pollution</title>
  <termversion>2.0.2</termversion>
  <lastupdated>2008-10-07</lastupdated>
  <definitions>
    <item>
      <id>1</id>
      <text>Usually the presence of substances in the atmosphere, resulting either from human activity or natural processes, present in sufficient concentration, for a sufficient time and under circumstances such as to interfere with comfort, health or welfare of persons or the environment.</text>
      <sources>
        <item>PAC, 1990, 62, 2167. 'Glossary of atmospheric chemistry terms (Recommendations 1990)' on page 2172 (https://doi.org/10.1351/pac199062112167)</item>
      </sources>
    </item>
  </definitions>
  <referencedin>
    <item>
      <title>Wikipedia - تلوث الهواء (ar)</title>
      <url>https://ar.wikipedia.org/wiki/تلوث_الهواء</url>
    </item>
  </referencedin>
  <links>
    <html>https://goldbook.iupac.org/terms/view/A00195/html</html>
    <json>https://goldbook.iupac.org/terms/view/A00195/json</json>
    <xml>https://goldbook.iupac.org/terms/view/A00195/xml</xml>
    <plain>https://goldbook.iupac.org/terms/view/A00195/plain</plain>
  </links>
  <citation>Citation: 'air pollution' in IUPAC Compendium of Chemical Terminology, 5th ed. International Union of Pure and Applied Chemistry; 2025. Online version 5.0.0, 2025. 10.1351/goldbook.A00195</citation>
  <license>The IUPAC Gold Book is licensed under Creative Commons Attribution-ShareAlike CC BY-SA 4.0 International (https://creativecommons.org/licenses/by-sa/4.0/) for individual terms.</license>
  <collection>If you are interested in licensing the Gold Book for commercial use, please contact the IUPAC Executive Director at executivedirector@iupac.org .</collection>
  <disclaimer>The International Union of Pure and Applied Chemistry (IUPAC) is continuously reviewing and, where needed, updating terms in the Compendium of Chemical Terminology (the IUPAC Gold Book). Users of these terms are encouraged to include the version of a term with its use and to check regularly for updates to term definitions that you are using.</disclaimer>
  <accessed>2025-02-25T06:46:14+00:00</accessed>
</term>
