<?xml version="1.0" encoding="UTF-8"?>
<term>
  <id>00164</id>
  <doi>10.1351/goldbook.A00164</doi>
  <code>A00164</code>
  <status>current</status>
  <longtitle>IUPAC Gold Book - adsorption isostere</longtitle>
  <title>adsorption isostere</title>
  <termversion>2.3.3</termversion>
  <lastupdated>2014-02-24</lastupdated>
  <definitions>
    <item>
      <id>1</id>
      <text>The function relating the equilibrium pressure to the temperature at a constant value of the amount, or excess amount, of substance adsorbed by a given amount of solid.</text>
      <sources>
        <item>PAC, 1972, 31, 577. 'Manual of Symbols and Terminology for Physicochemical Quantities and Units, Appendix II: Definitions, Terminology and Symbols in Colloid and Surface Chemistry' on page 596 (https://doi.org/10.1351/pac197231040577)</item>
      </sources>
    </item>
  </definitions>
  <links>
    <html>https://goldbook.iupac.org/terms/view/A00164/html</html>
    <json>https://goldbook.iupac.org/terms/view/A00164/json</json>
    <xml>https://goldbook.iupac.org/terms/view/A00164/xml</xml>
    <plain>https://goldbook.iupac.org/terms/view/A00164/plain</plain>
  </links>
  <citation>Citation: 'adsorption isostere' in IUPAC Compendium of Chemical Terminology, 5th ed. International Union of Pure and Applied Chemistry; 2025. Online version 5.0.0, 2025. 10.1351/goldbook.A00164</citation>
  <license>The IUPAC Gold Book is licensed under Creative Commons Attribution-ShareAlike CC BY-SA 4.0 International (https://creativecommons.org/licenses/by-sa/4.0/) for individual terms.</license>
  <collection>If you are interested in licensing the Gold Book for commercial use, please contact the IUPAC Executive Director at executivedirector@iupac.org .</collection>
  <disclaimer>The International Union of Pure and Applied Chemistry (IUPAC) is continuously reviewing and, where needed, updating terms in the Compendium of Chemical Terminology (the IUPAC Gold Book). Users of these terms are encouraged to include the version of a term with its use and to check regularly for updates to term definitions that you are using.</disclaimer>
  <accessed>2025-02-25T06:44:36+00:00</accessed>
</term>
