<?xml version="1.0" encoding="UTF-8"?>
<term>
  <id>00124</id>
  <doi>10.1351/goldbook.A00124</doi>
  <code>A00124</code>
  <status>current</status>
  <longtitle>IUPAC Gold Book - acyl halides</longtitle>
  <title>acyl halides</title>
  <termversion>2.3.3</termversion>
  <lastupdated>2014-02-24</lastupdated>
  <definitions>
    <item>
      <id>1</id>
      <text>Compounds consisting of an acyl group bonded to halogen, e.g. CH3S(=O)2Cl , methanesulfonyl chloride; CH3COCl , acetyl chloride; cyclohexanecarboximidoyl chloride, [image: Not defined]</text>
      <chemicals>
        <item>
          <type>chemimage</type>
          <title>Not defined</title>
          <file>https://goldbook.iupac.org/img/inline/A00124-3.png</file>
        </item>
      </chemicals>
      <sources>
        <item>PAC, 1995, 67, 1307. 'Glossary of class names of organic compounds and reactivity intermediates based on structure (IUPAC Recommendations 1995)' on page 1311 (https://doi.org/10.1351/pac199567081307)</item>
      </sources>
    </item>
  </definitions>
  <referencedin>
    <item>
      <title>Wikipedia - Acyl halide (en)</title>
      <url>https://en.wikipedia.org/wiki/Acyl_halide</url>
    </item>
    <item>
      <title>Wikipedia - Acylhalid (da)</title>
      <url>https://da.wikipedia.org/wiki/Acylhalid</url>
    </item>
    <item>
      <title>Wikipedia - Haleto de ácido (pt)</title>
      <url>https://pt.wikipedia.org/wiki/Haleto_de_ácido</url>
    </item>
    <item>
      <title>Wikipedia - Halogenură de acil (ro)</title>
      <url>https://ro.wikipedia.org/wiki/Halogenură_de_acil</url>
    </item>
    <item>
      <title>Wikipedia - Savhalogenidek (hu)</title>
      <url>https://hu.wikipedia.org/wiki/Savhalogenidek</url>
    </item>
    <item>
      <title>Wikipedia - Ацил халид (mk)</title>
      <url>https://mk.wikipedia.org/wiki/Ацил_халид</url>
    </item>
    <item>
      <title>Wikipedia - آسیل هالید (fa)</title>
      <url>https://fa.wikipedia.org/wiki/آسیل_هالید</url>
    </item>
    <item>
      <title>Wikipedia - هاليد الأسيل (ar)</title>
      <url>https://ar.wikipedia.org/wiki/هاليد_الأسيل</url>
    </item>
    <item>
      <title>Wikipedia - அமில ஆலைடு (ta)</title>
      <url>https://ta.wikipedia.org/wiki/அமில_ஆலைடு</url>
    </item>
    <item>
      <title>Wikipedia - 酰卤 (zh)</title>
      <url>https://zh.wikipedia.org/wiki/酰卤</url>
    </item>
    <item>
      <title>Wikipedia - 酸ハロゲン化物 (ja)</title>
      <url>https://ja.wikipedia.org/wiki/酸ハロゲン化物</url>
    </item>
    <item>
      <title>Wikipedia - 아실 할라이드 (ko)</title>
      <url>https://ko.wikipedia.org/wiki/아실_할라이드</url>
    </item>
  </referencedin>
  <links>
    <html>https://goldbook.iupac.org/terms/view/A00124/html</html>
    <json>https://goldbook.iupac.org/terms/view/A00124/json</json>
    <xml>https://goldbook.iupac.org/terms/view/A00124/xml</xml>
    <plain>https://goldbook.iupac.org/terms/view/A00124/plain</plain>
  </links>
  <citation>Citation: 'acyl halides' in IUPAC Compendium of Chemical Terminology, 5th ed. International Union of Pure and Applied Chemistry; 2025. Online version 5.0.0, 2025. 10.1351/goldbook.A00124</citation>
  <license>The IUPAC Gold Book is licensed under Creative Commons Attribution-ShareAlike CC BY-SA 4.0 International (https://creativecommons.org/licenses/by-sa/4.0/) for individual terms.</license>
  <collection>If you are interested in licensing the Gold Book for commercial use, please contact the IUPAC Executive Director at executivedirector@iupac.org .</collection>
  <disclaimer>The International Union of Pure and Applied Chemistry (IUPAC) is continuously reviewing and, where needed, updating terms in the Compendium of Chemical Terminology (the IUPAC Gold Book). Users of these terms are encouraged to include the version of a term with its use and to check regularly for updates to term definitions that you are using.</disclaimer>
  <accessed>2025-02-25T06:42:40+00:00</accessed>
</term>
