<?xml version="1.0" encoding="UTF-8"?>
<term>
  <id>00126</id>
  <doi>10.1351/goldbook.A00126</doi>
  <code>A00126</code>
  <status>current</status>
  <longtitle>IUPAC Gold Book - acyloins</longtitle>
  <title>acyloins</title>
  <termversion>2.3.3</termversion>
  <lastupdated>2014-02-24</lastupdated>
  <definitions>
    <item>
      <id>1</id>
      <text>α-Hydroxy ketones, RCH(OH)C(=O)R. So named from the fact that they are formally derived from reductive coupling of carboxylic acyl groups.</text>
      <links>
        <item>
          <title>ketones</title>
          <url>https://goldbook.iupac.org/terms/view/K03386</url>
        </item>
        <item>
          <title>ketones</title>
          <url>https://goldbook.iupac.org/terms/view/K03386</url>
        </item>
        <item>
          <title>coupling</title>
          <url>https://goldbook.iupac.org/terms/view/C01025</url>
        </item>
        <item>
          <title>acyl groups</title>
          <url>https://goldbook.iupac.org/terms/view/A00123</url>
        </item>
      </links>
      <sources>
        <item>PAC, 1995, 67, 1307. 'Glossary of class names of organic compounds and reactivity intermediates based on structure (IUPAC Recommendations 1995)' on page 1312 (https://doi.org/10.1351/pac199567081307)</item>
      </sources>
    </item>
  </definitions>
  <referencedin>
    <item>
      <title>Wikipedia - Aciloină (ro)</title>
      <url>https://ro.wikipedia.org/wiki/Aciloină</url>
    </item>
    <item>
      <title>Wikipedia - Aciloína (es)</title>
      <url>https://es.wikipedia.org/wiki/Aciloína</url>
    </item>
    <item>
      <title>Wikipedia - Acyloin (en)</title>
      <url>https://en.wikipedia.org/wiki/Acyloin</url>
    </item>
    <item>
      <title>Wikipedia - Acyloín (sk)</title>
      <url>https://sk.wikipedia.org/wiki/Acyloín</url>
    </item>
    <item>
      <title>Wikipedia - Hydroxy ketone (en)</title>
      <url>https://en.wikipedia.org/wiki/Hydroxy_ketone</url>
    </item>
    <item>
      <title>Wikipedia - Hydroxyketón (sk)</title>
      <url>https://sk.wikipedia.org/wiki/Hydroxyketón</url>
    </item>
    <item>
      <title>Wikipedia - Ацилоины (ru)</title>
      <url>https://ru.wikipedia.org/wiki/Ацилоины</url>
    </item>
    <item>
      <title>Wikipedia - Ацилоїни (uk)</title>
      <url>https://uk.wikipedia.org/wiki/Ацилоїни</url>
    </item>
    <item>
      <title>Wikipedia - هیدروکسی کتون (fa)</title>
      <url>https://fa.wikipedia.org/wiki/هیدروکسی_کتون</url>
    </item>
    <item>
      <title>Wikipedia - ஐதராக்சி கீட்டோன் (ta)</title>
      <url>https://ta.wikipedia.org/wiki/ஐதராக்சி_கீட்டோன்</url>
    </item>
    <item>
      <title>Wikipedia - 아실로인 (ko)</title>
      <url>https://ko.wikipedia.org/wiki/아실로인</url>
    </item>
    <item>
      <title>Wikipedia - 하이드록시 케톤 (ko)</title>
      <url>https://ko.wikipedia.org/wiki/하이드록시_케톤</url>
    </item>
  </referencedin>
  <links>
    <html>https://goldbook.iupac.org/terms/view/A00126/html</html>
    <json>https://goldbook.iupac.org/terms/view/A00126/json</json>
    <xml>https://goldbook.iupac.org/terms/view/A00126/xml</xml>
    <plain>https://goldbook.iupac.org/terms/view/A00126/plain</plain>
  </links>
  <citation>Citation: 'acyloins' in IUPAC Compendium of Chemical Terminology, 5th ed. International Union of Pure and Applied Chemistry; 2025. Online version 5.0.0, 2025. 10.1351/goldbook.A00126</citation>
  <license>The IUPAC Gold Book is licensed under Creative Commons Attribution-ShareAlike CC BY-SA 4.0 International (https://creativecommons.org/licenses/by-sa/4.0/) for individual terms.</license>
  <collection>If you are interested in licensing the Gold Book for commercial use, please contact the IUPAC Executive Director at executivedirector@iupac.org .</collection>
  <disclaimer>The International Union of Pure and Applied Chemistry (IUPAC) is continuously reviewing and, where needed, updating terms in the Compendium of Chemical Terminology (the IUPAC Gold Book). Users of these terms are encouraged to include the version of a term with its use and to check regularly for updates to term definitions that you are using.</disclaimer>
  <accessed>2025-02-25T06:42:58+00:00</accessed>
</term>
