<?xml version="1.0" encoding="UTF-8"?>
<term>
  <id>00158</id>
  <doi>10.1351/goldbook.A00158</doi>
  <code>A00158</code>
  <status>current</status>
  <longtitle>IUPAC Gold Book - adsorption complex</longtitle>
  <title>adsorption complex</title>
  <termversion>2.3.3</termversion>
  <lastupdated>2014-02-24</lastupdated>
  <definitions>
    <item>
      <id>1</id>
      <text>The entity constituted by the adsorbate and the part of the adsorbent to which it is bound.</text>
      <links>
        <item>
          <title>adsorbate</title>
          <url>https://goldbook.iupac.org/terms/view/A00152</url>
        </item>
        <item>
          <title>adsorbent</title>
          <url>https://goldbook.iupac.org/terms/view/A00153</url>
        </item>
      </links>
      <sources>
        <item>PAC, 1972, 31, 577. 'Manual of Symbols and Terminology for Physicochemical Quantities and Units, Appendix II: Definitions, Terminology and Symbols in Colloid and Surface Chemistry' on page 584 (https://doi.org/10.1351/pac197231040577)</item>
        <item>PAC, 1976, 46, 71. 'Manual of Symbols and Terminology for Physicochemical Quantities and Units - Appendix II. Definitions, Terminology and Symbols in Colloid and Surface Chemistry. Part II: Heterogeneous Catalysis' on page 74 (https://doi.org/10.1351/pac197646010071)</item>
      </sources>
    </item>
  </definitions>
  <links>
    <html>https://goldbook.iupac.org/terms/view/A00158/html</html>
    <json>https://goldbook.iupac.org/terms/view/A00158/json</json>
    <xml>https://goldbook.iupac.org/terms/view/A00158/xml</xml>
    <plain>https://goldbook.iupac.org/terms/view/A00158/plain</plain>
  </links>
  <citation>Citation: 'adsorption complex' in IUPAC Compendium of Chemical Terminology, 5th ed. International Union of Pure and Applied Chemistry; 2025. Online version 5.0.0, 2025. 10.1351/goldbook.A00158</citation>
  <license>The IUPAC Gold Book is licensed under Creative Commons Attribution-ShareAlike CC BY-SA 4.0 International (https://creativecommons.org/licenses/by-sa/4.0/) for individual terms.</license>
  <collection>If you are interested in licensing the Gold Book for commercial use, please contact the IUPAC Executive Director at executivedirector@iupac.org .</collection>
  <disclaimer>The International Union of Pure and Applied Chemistry (IUPAC) is continuously reviewing and, where needed, updating terms in the Compendium of Chemical Terminology (the IUPAC Gold Book). Users of these terms are encouraged to include the version of a term with its use and to check regularly for updates to term definitions that you are using.</disclaimer>
  <accessed>2025-02-25T06:44:24+00:00</accessed>
</term>
