<?xml version="1.0" encoding="UTF-8"?>
<term>
  <id>00139</id>
  <doi>10.1351/goldbook.A00139</doi>
  <code>A00139</code>
  <status>current</status>
  <longtitle>IUPAC Gold Book - adduct ion in mass spectrometry</longtitle>
  <title>adduct ion</title>
  <termversion>2.3.3</termversion>
  <lastupdated>2014-02-24</lastupdated>
  <definitions>
    <item>
      <id>1</id>
      <text>An ion formed by interaction of two species, usually an ion and a molecule, and often within the ion source, to form an ion containing all the constituent atoms of one species as well as an additional atom or atoms.</text>
      <contexts>
        <in>
          <item>mass spectrometry</item>
        </in>
      </contexts>
      <links>
        <item>
          <title>constituent</title>
          <url>https://goldbook.iupac.org/terms/view/C01281</url>
        </item>
      </links>
      <sources>
        <item>PAC, 1991, 63, 1541. 'Recommendations for nomenclature and symbolism for mass spectroscopy (including an appendix of terms used in vacuum technology). (Recommendations 1991)' on page 1549 (https://doi.org/10.1351/pac199163101541)</item>
      </sources>
    </item>
  </definitions>
  <referencedin>
    <item>
      <title>Wikipedia - Adduct (en)</title>
      <url>https://en.wikipedia.org/wiki/Adduct</url>
    </item>
    <item>
      <title>Wikipedia - Addukt (de)</title>
      <url>https://de.wikipedia.org/wiki/Addukt</url>
    </item>
    <item>
      <title>Wikipedia - Adukt (cs)</title>
      <url>https://cs.wikipedia.org/wiki/Adukt</url>
    </item>
    <item>
      <title>Wikipedia - Aduto (gl)</title>
      <url>https://gl.wikipedia.org/wiki/Aduto</url>
    </item>
    <item>
      <title>Wikipedia - ناتج إضافة (ar)</title>
      <url>https://ar.wikipedia.org/wiki/ناتج_إضافة</url>
    </item>
    <item>
      <title>Wikipedia - கூட்டு விளைபொருள் (ta)</title>
      <url>https://ta.wikipedia.org/wiki/கூட்டு_விளைபொருள்</url>
    </item>
  </referencedin>
  <links>
    <html>https://goldbook.iupac.org/terms/view/A00139/html</html>
    <json>https://goldbook.iupac.org/terms/view/A00139/json</json>
    <xml>https://goldbook.iupac.org/terms/view/A00139/xml</xml>
    <plain>https://goldbook.iupac.org/terms/view/A00139/plain</plain>
  </links>
  <citation>Citation: 'adduct ion' in IUPAC Compendium of Chemical Terminology, 5th ed. International Union of Pure and Applied Chemistry; 2025. Online version 5.0.0, 2025. 10.1351/goldbook.A00139</citation>
  <license>The IUPAC Gold Book is licensed under Creative Commons Attribution-ShareAlike CC BY-SA 4.0 International (https://creativecommons.org/licenses/by-sa/4.0/) for individual terms.</license>
  <collection>If you are interested in licensing the Gold Book for commercial use, please contact the IUPAC Executive Director at executivedirector@iupac.org .</collection>
  <disclaimer>The International Union of Pure and Applied Chemistry (IUPAC) is continuously reviewing and, where needed, updating terms in the Compendium of Chemical Terminology (the IUPAC Gold Book). Users of these terms are encouraged to include the version of a term with its use and to check regularly for updates to term definitions that you are using.</disclaimer>
  <accessed>2025-02-25T06:43:32+00:00</accessed>
</term>
