<?xml version="1.0" encoding="UTF-8"?>
<term>
  <id>00109</id>
  <doi>10.1351/goldbook.A00109</doi>
  <code>A00109</code>
  <status>current</status>
  <longtitle>IUPAC Gold Book - active solid</longtitle>
  <title>active solid</title>
  <termversion>2.3.3</termversion>
  <lastupdated>2014-02-24</lastupdated>
  <definitions>
    <item>
      <id>1</id>
      <text>A porous solid with adsorptive properties by means of which chromatographic separations may be achieved. The separations resulting from this action follow laws different from those deriving from the partitioning action of the liquid phase.</text>
      <links>
        <item>
          <title>adsorptive</title>
          <url>https://goldbook.iupac.org/terms/view/A00166</url>
        </item>
      </links>
      <sources>
        <item>Orange Book, 2nd ed., p. 98 (https://media.iupac.org/publications/analytical_compendium/)</item>
      </sources>
    </item>
  </definitions>
  <links>
    <html>https://goldbook.iupac.org/terms/view/A00109/html</html>
    <json>https://goldbook.iupac.org/terms/view/A00109/json</json>
    <xml>https://goldbook.iupac.org/terms/view/A00109/xml</xml>
    <plain>https://goldbook.iupac.org/terms/view/A00109/plain</plain>
  </links>
  <citation>Citation: 'active solid' in IUPAC Compendium of Chemical Terminology, 5th ed. International Union of Pure and Applied Chemistry; 2025. Online version 5.0.0, 2025. 10.1351/goldbook.A00109</citation>
  <license>The IUPAC Gold Book is licensed under Creative Commons Attribution-ShareAlike CC BY-SA 4.0 International (https://creativecommons.org/licenses/by-sa/4.0/) for individual terms.</license>
  <collection>If you are interested in licensing the Gold Book for commercial use, please contact the IUPAC Executive Director at executivedirector@iupac.org .</collection>
  <disclaimer>The International Union of Pure and Applied Chemistry (IUPAC) is continuously reviewing and, where needed, updating terms in the Compendium of Chemical Terminology (the IUPAC Gold Book). Users of these terms are encouraged to include the version of a term with its use and to check regularly for updates to term definitions that you are using.</disclaimer>
  <accessed>2025-02-25T06:41:59+00:00</accessed>
</term>
