<?xml version="1.0" encoding="UTF-8"?>
<term>
  <id>00119</id>
  <doi>10.1351/goldbook.A00119</doi>
  <code>A00119</code>
  <status>current</status>
  <longtitle>IUPAC Gold Book - acylals</longtitle>
  <title>acylals</title>
  <termversion>2.3.3</termversion>
  <lastupdated>2014-02-24</lastupdated>
  <definitions>
    <item>
      <id>1</id>
      <text>Diesters of geminal diols; i.e. [image: Not defined] E.g. benzylidene diacetate: [image: Not defined]</text>
      <chemicals>
        <item>
          <type>chemimage</type>
          <title>Not defined</title>
          <file>https://goldbook.iupac.org/img/inline/A00119-1.png</file>
        </item>
        <item>
          <type>chemimage</type>
          <title>Not defined</title>
          <file>https://goldbook.iupac.org/img/inline/A00119-2.png</file>
        </item>
      </chemicals>
      <links>
        <item>
          <title>diols</title>
          <url>https://goldbook.iupac.org/terms/view/D01748</url>
        </item>
      </links>
      <sources>
        <item>PAC, 1995, 67, 1307. 'Glossary of class names of organic compounds and reactivity intermediates based on structure (IUPAC Recommendations 1995)' on page 1311 (https://doi.org/10.1351/pac199567081307)</item>
      </sources>
    </item>
  </definitions>
  <referencedin>
    <item>
      <title>Wikipedia - Asylaalit (fi)</title>
      <url>https://fi.wikipedia.org/wiki/Asylaalit</url>
    </item>
    <item>
      <title>Wikipedia - Ацилали (ru)</title>
      <url>https://ru.wikipedia.org/wiki/Ацилали</url>
    </item>
  </referencedin>
  <links>
    <html>https://goldbook.iupac.org/terms/view/A00119/html</html>
    <json>https://goldbook.iupac.org/terms/view/A00119/json</json>
    <xml>https://goldbook.iupac.org/terms/view/A00119/xml</xml>
    <plain>https://goldbook.iupac.org/terms/view/A00119/plain</plain>
  </links>
  <citation>Citation: 'acylals' in IUPAC Compendium of Chemical Terminology, 5th ed. International Union of Pure and Applied Chemistry; 2025. Online version 5.0.0, 2025. 10.1351/goldbook.A00119</citation>
  <license>The IUPAC Gold Book is licensed under Creative Commons Attribution-ShareAlike CC BY-SA 4.0 International (https://creativecommons.org/licenses/by-sa/4.0/) for individual terms.</license>
  <collection>If you are interested in licensing the Gold Book for commercial use, please contact the IUPAC Executive Director at executivedirector@iupac.org .</collection>
  <disclaimer>The International Union of Pure and Applied Chemistry (IUPAC) is continuously reviewing and, where needed, updating terms in the Compendium of Chemical Terminology (the IUPAC Gold Book). Users of these terms are encouraged to include the version of a term with its use and to check regularly for updates to term definitions that you are using.</disclaimer>
  <accessed>2025-02-25T06:42:52+00:00</accessed>
</term>
