<?xml version="1.0" encoding="UTF-8"?>
<term>
  <id>00101</id>
  <doi>10.1351/goldbook.A00101</doi>
  <code>A00101</code>
  <status>current</status>
  <longtitle>IUPAC Gold Book - activation cross-section</longtitle>
  <title>activation cross-section</title>
  <termversion>2.0.2</termversion>
  <lastupdated>2008-10-07</lastupdated>
  <definitions>
    <item>
      <id>1</id>
      <text>The cross-section for the formation of a radionuclide by a specified reaction.</text>
      <links>
        <item>
          <title>cross-section</title>
          <url>https://goldbook.iupac.org/terms/view/R05169</url>
        </item>
        <item>
          <title>radionuclide</title>
          <url>https://goldbook.iupac.org/terms/view/R05116</url>
        </item>
      </links>
      <sources>
        <item>Orange Book, 2nd ed., p. 217 (https://media.iupac.org/publications/analytical_compendium/)</item>
        <item>PAC, 1994, 66, 2513. 'Nomenclature for radioanalytical chemistry (IUPAC Recommendations 1994)' on page 2517 (https://doi.org/10.1351/pac199466122513)</item>
      </sources>
    </item>
  </definitions>
  <links>
    <html>https://goldbook.iupac.org/terms/view/A00101/html</html>
    <json>https://goldbook.iupac.org/terms/view/A00101/json</json>
    <xml>https://goldbook.iupac.org/terms/view/A00101/xml</xml>
    <plain>https://goldbook.iupac.org/terms/view/A00101/plain</plain>
  </links>
  <citation>Citation: 'activation cross-section' in IUPAC Compendium of Chemical Terminology, 5th ed. International Union of Pure and Applied Chemistry; 2025. Online version 5.0.0, 2025. 10.1351/goldbook.A00101</citation>
  <license>The IUPAC Gold Book is licensed under Creative Commons Attribution-ShareAlike CC BY-SA 4.0 International (https://creativecommons.org/licenses/by-sa/4.0/) for individual terms.</license>
  <collection>If you are interested in licensing the Gold Book for commercial use, please contact the IUPAC Executive Director at executivedirector@iupac.org .</collection>
  <disclaimer>The International Union of Pure and Applied Chemistry (IUPAC) is continuously reviewing and, where needed, updating terms in the Compendium of Chemical Terminology (the IUPAC Gold Book). Users of these terms are encouraged to include the version of a term with its use and to check regularly for updates to term definitions that you are using.</disclaimer>
  <accessed>2025-02-25T06:41:34+00:00</accessed>
</term>
