<?xml version="1.0" encoding="UTF-8"?>
<term>
  <id>00111</id>
  <doi>10.1351/goldbook.A00111</doi>
  <code>A00111</code>
  <status>current</status>
  <longtitle>IUPAC Gold Book - active state, in electrochemical corrosion</longtitle>
  <title>active state</title>
  <termversion>2.0.2</termversion>
  <lastupdated>2008-10-07</lastupdated>
  <definitions>
    <item>
      <id>1</id>
      <text>Corrosion in the active state occurs by direct transfer (which may involve one or several steps) of metal ions from the metallic phase to the adjacent electrolyte. The corrosion current of an active metal usually increases when the electrode potential is made more positive, other conditions remaining constant.</text>
      <contexts>
        <in>
          <item>electrochemical corrosion</item>
        </in>
      </contexts>
      <links>
        <item>
          <title>corrosion</title>
          <url>https://goldbook.iupac.org/terms/view/C01351</url>
        </item>
        <item>
          <title>corrosion current</title>
          <url>https://goldbook.iupac.org/terms/view/C01354</url>
        </item>
        <item>
          <title>electrode potential</title>
          <url>https://goldbook.iupac.org/terms/view/E01956</url>
        </item>
      </links>
      <sources>
        <item>PAC, 1989, 61, 19. 'Electrochemical corrosion nomenclature (Recommendations 1988)' on page 21 (https://doi.org/10.1351/pac198961010019)</item>
      </sources>
    </item>
  </definitions>
  <links>
    <html>https://goldbook.iupac.org/terms/view/A00111/html</html>
    <json>https://goldbook.iupac.org/terms/view/A00111/json</json>
    <xml>https://goldbook.iupac.org/terms/view/A00111/xml</xml>
    <plain>https://goldbook.iupac.org/terms/view/A00111/plain</plain>
  </links>
  <citation>Citation: 'active state' in IUPAC Compendium of Chemical Terminology, 5th ed. International Union of Pure and Applied Chemistry; 2025. Online version 5.0.0, 2025. 10.1351/goldbook.A00111</citation>
  <license>The IUPAC Gold Book is licensed under Creative Commons Attribution-ShareAlike CC BY-SA 4.0 International (https://creativecommons.org/licenses/by-sa/4.0/) for individual terms.</license>
  <collection>If you are interested in licensing the Gold Book for commercial use, please contact the IUPAC Executive Director at executivedirector@iupac.org .</collection>
  <disclaimer>The International Union of Pure and Applied Chemistry (IUPAC) is continuously reviewing and, where needed, updating terms in the Compendium of Chemical Terminology (the IUPAC Gold Book). Users of these terms are encouraged to include the version of a term with its use and to check regularly for updates to term definitions that you are using.</disclaimer>
  <accessed>2025-02-25T06:42:04+00:00</accessed>
</term>
