<?xml version="1.0" encoding="UTF-8"?>
<term>
  <id>00187</id>
  <doi>10.1351/goldbook.A00187</doi>
  <code>A00187</code>
  <status>current</status>
  <longtitle>IUPAC Gold Book - agostic</longtitle>
  <title>agostic</title>
  <termversion>2.3.3</termversion>
  <lastupdated>2014-02-24</lastupdated>
  <definitions>
    <item>
      <id>1</id>
      <text>The term designates structures in which a hydrogen atom is bonded to both a carbon atom and a metal atom. The term is also used to characterize the interaction between a CH bond and an unsaturated metal centre, and to describe similar bonding of a transition metal with Si–H compounds. The expression 'µ-hydrido-bridged' is also used to describe the bridging hydrogen.</text>
      <sources>
        <item>PAC, 1994, 66, 1077. 'Glossary of terms used in physical organic chemistry (IUPAC Recommendations 1994)' on page 1082 (https://doi.org/10.1351/pac199466051077)</item>
      </sources>
    </item>
  </definitions>
  <referencedin>
    <item>
      <title>Wikipedia - Interacció agòstica (ca)</title>
      <url>https://ca.wikipedia.org/wiki/Interacció_agòstica</url>
    </item>
    <item>
      <title>Wikipedia - Interacción agóstica (es)</title>
      <url>https://es.wikipedia.org/wiki/Interacción_agóstica</url>
    </item>
    <item>
      <title>Wikipedia - Interaksi agostik (id)</title>
      <url>https://id.wikipedia.org/wiki/Interaksi_agostik</url>
    </item>
  </referencedin>
  <links>
    <html>https://goldbook.iupac.org/terms/view/A00187/html</html>
    <json>https://goldbook.iupac.org/terms/view/A00187/json</json>
    <xml>https://goldbook.iupac.org/terms/view/A00187/xml</xml>
    <plain>https://goldbook.iupac.org/terms/view/A00187/plain</plain>
  </links>
  <citation>Citation: 'agostic' in IUPAC Compendium of Chemical Terminology, 5th ed. International Union of Pure and Applied Chemistry; 2025. Online version 5.0.0, 2025. 10.1351/goldbook.A00187</citation>
  <license>The IUPAC Gold Book is licensed under Creative Commons Attribution-ShareAlike CC BY-SA 4.0 International (https://creativecommons.org/licenses/by-sa/4.0/) for individual terms.</license>
  <collection>If you are interested in licensing the Gold Book for commercial use, please contact the IUPAC Executive Director at executivedirector@iupac.org .</collection>
  <disclaimer>The International Union of Pure and Applied Chemistry (IUPAC) is continuously reviewing and, where needed, updating terms in the Compendium of Chemical Terminology (the IUPAC Gold Book). Users of these terms are encouraged to include the version of a term with its use and to check regularly for updates to term definitions that you are using.</disclaimer>
  <accessed>2025-02-25T06:45:57+00:00</accessed>
</term>
