<?xml version="1.0" encoding="UTF-8"?>
<term>
  <id>00132</id>
  <doi>10.1351/goldbook.A00132</doi>
  <code>A00132</code>
  <status>current</status>
  <longtitle>IUPAC Gold Book - addition</longtitle>
  <title>addition</title>
  <termversion>2.0.2</termversion>
  <lastupdated>2008-10-07</lastupdated>
  <definitions>
    <item>
      <id>1</id>
      <text>Refers to addition reaction or addition transformation.</text>
      <links>
        <item>
          <title>addition reaction</title>
          <url>https://goldbook.iupac.org/terms/view/A00133</url>
        </item>
        <item>
          <title>transformation</title>
          <url>https://goldbook.iupac.org/terms/view/T06446</url>
        </item>
      </links>
    </item>
    <item>
      <id>2</id>
      <text>Loosely, the formation of an adduct. (For an example, see Lewis acid.)</text>
      <links>
        <item>
          <title>adduct</title>
          <url>https://goldbook.iupac.org/terms/view/A00138</url>
        </item>
        <item>
          <title>Lewis acid</title>
          <url>https://goldbook.iupac.org/terms/view/L03508</url>
        </item>
      </links>
    </item>
    <item>
      <id>3</id>
      <text>Loosely, any association or attachment.</text>
      <links>
        <item>
          <title>association</title>
          <url>https://goldbook.iupac.org/terms/view/A00472</url>
        </item>
        <item>
          <title>attachment</title>
          <url>https://goldbook.iupac.org/terms/view/A00512</url>
        </item>
      </links>
    </item>
  </definitions>
  <sources>'Glossary of terms used in physical organic chemistry (IUPAC Recommendations 1994)' Muller, P.; Pure and Applied Chemistry 1994 66(5) 1077</sources>
  <links>
    <html>https://goldbook.iupac.org/terms/view/A00132/html</html>
    <json>https://goldbook.iupac.org/terms/view/A00132/json</json>
    <xml>https://goldbook.iupac.org/terms/view/A00132/xml</xml>
    <plain>https://goldbook.iupac.org/terms/view/A00132/plain</plain>
  </links>
  <citation>Citation: 'addition' in IUPAC Compendium of Chemical Terminology, 5th ed. International Union of Pure and Applied Chemistry; 2025. Online version 5.0.0, 2025. 10.1351/goldbook.A00132</citation>
  <license>The IUPAC Gold Book is licensed under Creative Commons Attribution-ShareAlike CC BY-SA 4.0 International (https://creativecommons.org/licenses/by-sa/4.0/) for individual terms.</license>
  <collection>If you are interested in licensing the Gold Book for commercial use, please contact the IUPAC Executive Director at executivedirector@iupac.org .</collection>
  <disclaimer>The International Union of Pure and Applied Chemistry (IUPAC) is continuously reviewing and, where needed, updating terms in the Compendium of Chemical Terminology (the IUPAC Gold Book). Users of these terms are encouraged to include the version of a term with its use and to check regularly for updates to term definitions that you are using.</disclaimer>
  <accessed>2025-02-25T06:43:08+00:00</accessed>
</term>
