<?xml version="1.0" encoding="UTF-8"?>
<term>
  <id>00103</id>
  <doi>10.1351/goldbook.A00103</doi>
  <code>A00103</code>
  <status>current</status>
  <longtitle>IUPAC Gold Book - activation reaction</longtitle>
  <title>activation reaction</title>
  <termversion>2.3.3</termversion>
  <lastupdated>2014-02-24</lastupdated>
  <definitions>
    <item>
      <id>1</id>
      <text>Process leading from the reactants to the formation of an activated complex or transition state.</text>
      <links>
        <item>
          <title>activated complex</title>
          <url>https://goldbook.iupac.org/terms/view/A00092</url>
        </item>
        <item>
          <title>transition state</title>
          <url>https://goldbook.iupac.org/terms/view/T06468</url>
        </item>
      </links>
      <sources>
        <item>Physical Chemistry Division, unpublished</item>
      </sources>
    </item>
  </definitions>
  <links>
    <html>https://goldbook.iupac.org/terms/view/A00103/html</html>
    <json>https://goldbook.iupac.org/terms/view/A00103/json</json>
    <xml>https://goldbook.iupac.org/terms/view/A00103/xml</xml>
    <plain>https://goldbook.iupac.org/terms/view/A00103/plain</plain>
  </links>
  <citation>Citation: 'activation reaction' in IUPAC Compendium of Chemical Terminology, 5th ed. International Union of Pure and Applied Chemistry; 2025. Online version 5.0.0, 2025. 10.1351/goldbook.A00103</citation>
  <license>The IUPAC Gold Book is licensed under Creative Commons Attribution-ShareAlike CC BY-SA 4.0 International (https://creativecommons.org/licenses/by-sa/4.0/) for individual terms.</license>
  <collection>If you are interested in licensing the Gold Book for commercial use, please contact the IUPAC Executive Director at executivedirector@iupac.org .</collection>
  <disclaimer>The International Union of Pure and Applied Chemistry (IUPAC) is continuously reviewing and, where needed, updating terms in the Compendium of Chemical Terminology (the IUPAC Gold Book). Users of these terms are encouraged to include the version of a term with its use and to check regularly for updates to term definitions that you are using.</disclaimer>
  <accessed>2025-02-25T06:41:44+00:00</accessed>
</term>
