<?xml version="1.0" encoding="UTF-8"?>
<term>
  <id>00123</id>
  <doi>10.1351/goldbook.A00123</doi>
  <code>A00123</code>
  <status>current</status>
  <longtitle>IUPAC Gold Book - acyl groups</longtitle>
  <title>acyl groups</title>
  <termversion>2.3.3</termversion>
  <lastupdated>2014-02-24</lastupdated>
  <definitions>
    <item>
      <id>1</id>
      <text>Groups formed by removing one or more hydroxy groups from oxoacids that have the general structure RkE(=O)l(OH)m (l ≠ 0), and replacement analogues of such acyl groups. In organic chemistry an unspecified acyl group is commonly a carboxylic acyl group. E.g. [image: Not defined]</text>
      <chemicals>
        <item>
          <type>chemimage</type>
          <title>Not defined</title>
          <file>https://goldbook.iupac.org/img/inline/A00123.png</file>
        </item>
      </chemicals>
      <links>
        <item>
          <title>oxoacids</title>
          <url>https://goldbook.iupac.org/terms/view/O04374</url>
        </item>
      </links>
      <sources>
        <item>PAC, 1995, 67, 1307. 'Glossary of class names of organic compounds and reactivity intermediates based on structure (IUPAC Recommendations 1995)' on page 1311 (https://doi.org/10.1351/pac199567081307)</item>
      </sources>
    </item>
  </definitions>
  <referencedin>
    <item>
      <title>Wikipedia - Acil (ro)</title>
      <url>https://ro.wikipedia.org/wiki/Acil</url>
    </item>
    <item>
      <title>Wikipedia - Acil (sh)</title>
      <url>https://sh.wikipedia.org/wiki/Acil</url>
    </item>
    <item>
      <title>Wikipedia - Acil (sr)</title>
      <url>https://sr.wikipedia.org/wiki/Acil</url>
    </item>
    <item>
      <title>Wikipedia - Acilcsoport (hu)</title>
      <url>https://hu.wikipedia.org/wiki/Acilcsoport</url>
    </item>
    <item>
      <title>Wikipedia - Acile (it)</title>
      <url>https://it.wikipedia.org/wiki/Acile</url>
    </item>
    <item>
      <title>Wikipedia - Acilo (gl)</title>
      <url>https://gl.wikipedia.org/wiki/Acilo</url>
    </item>
    <item>
      <title>Wikipedia - Acilo graxo coencima A (gl)</title>
      <url>https://gl.wikipedia.org/wiki/Acilo_graxo_coencima_A</url>
    </item>
    <item>
      <title>Wikipedia - Acyl (vi)</title>
      <url>https://vi.wikipedia.org/wiki/Acyl</url>
    </item>
    <item>
      <title>Wikipedia - Acyl group (en)</title>
      <url>https://en.wikipedia.org/wiki/Acyl_group</url>
    </item>
    <item>
      <title>Wikipedia - Acyl halide (en)</title>
      <url>https://en.wikipedia.org/wiki/Acyl_halide</url>
    </item>
    <item>
      <title>Wikipedia - Acylhalid (da)</title>
      <url>https://da.wikipedia.org/wiki/Acylhalid</url>
    </item>
    <item>
      <title>Wikipedia - Asil (kimya) (tr)</title>
      <url>https://tr.wikipedia.org/wiki/Asil_(kimya)</url>
    </item>
    <item>
      <title>Wikipedia - Asil halida (id)</title>
      <url>https://id.wikipedia.org/wiki/Asil_halida</url>
    </item>
    <item>
      <title>Wikipedia - Carbenium ion (en)</title>
      <url>https://en.wikipedia.org/wiki/Carbenium_ion</url>
    </item>
    <item>
      <title>Wikipedia - Carbonile (it)</title>
      <url>https://it.wikipedia.org/wiki/Carbonile</url>
    </item>
    <item>
      <title>Wikipedia - Grup acil (ca)</title>
      <url>https://ca.wikipedia.org/wiki/Grup_acil</url>
    </item>
    <item>
      <title>Wikipedia - Grupa acylowa (pl)</title>
      <url>https://pl.wikipedia.org/wiki/Grupa_acylowa</url>
    </item>
    <item>
      <title>Wikipedia - Halogenură de acil (ro)</title>
      <url>https://ro.wikipedia.org/wiki/Halogenură_de_acil</url>
    </item>
    <item>
      <title>Wikipedia - Karbeniový ion (cs)</title>
      <url>https://cs.wikipedia.org/wiki/Karbeniový_ion</url>
    </item>
    <item>
      <title>Wikipedia - Savhalogenidek (hu)</title>
      <url>https://hu.wikipedia.org/wiki/Savhalogenidek</url>
    </item>
    <item>
      <title>Wikipedia - אציל (כימיה) (he)</title>
      <url>https://he.wikipedia.org/wiki/אציל_(כימיה)</url>
    </item>
    <item>
      <title>Wikipedia - آسیل (fa)</title>
      <url>https://fa.wikipedia.org/wiki/آسیل</url>
    </item>
    <item>
      <title>Wikipedia - آسیل هالید (fa)</title>
      <url>https://fa.wikipedia.org/wiki/آسیل_هالید</url>
    </item>
    <item>
      <title>Wikipedia - أسيل (ar)</title>
      <url>https://ar.wikipedia.org/wiki/أسيل</url>
    </item>
    <item>
      <title>Wikipedia - مجموعة أسيل (ar)</title>
      <url>https://ar.wikipedia.org/wiki/مجموعة_أسيل</url>
    </item>
    <item>
      <title>Wikipedia - هاليد الأسيل (ar)</title>
      <url>https://ar.wikipedia.org/wiki/هاليد_الأسيل</url>
    </item>
    <item>
      <title>Wikipedia - அமில ஆலைடு (ta)</title>
      <url>https://ta.wikipedia.org/wiki/அமில_ஆலைடு</url>
    </item>
    <item>
      <title>Wikipedia - アシル基 (ja)</title>
      <url>https://ja.wikipedia.org/wiki/アシル基</url>
    </item>
    <item>
      <title>Wikipedia - カルボン酸 (ja)</title>
      <url>https://ja.wikipedia.org/wiki/カルボン酸</url>
    </item>
    <item>
      <title>Wikipedia - 酰卤 (zh)</title>
      <url>https://zh.wikipedia.org/wiki/酰卤</url>
    </item>
    <item>
      <title>Wikipedia - 酰基 (zh)</title>
      <url>https://zh.wikipedia.org/wiki/酰基</url>
    </item>
    <item>
      <title>Wikipedia - 아실 할라이드 (ko)</title>
      <url>https://ko.wikipedia.org/wiki/아실_할라이드</url>
    </item>
    <item>
      <title>Wikipedia - 아실기 (ko)</title>
      <url>https://ko.wikipedia.org/wiki/아실기</url>
    </item>
  </referencedin>
  <links>
    <html>https://goldbook.iupac.org/terms/view/A00123/html</html>
    <json>https://goldbook.iupac.org/terms/view/A00123/json</json>
    <xml>https://goldbook.iupac.org/terms/view/A00123/xml</xml>
    <plain>https://goldbook.iupac.org/terms/view/A00123/plain</plain>
  </links>
  <citation>Citation: 'acyl groups' in IUPAC Compendium of Chemical Terminology, 5th ed. International Union of Pure and Applied Chemistry; 2025. Online version 5.0.0, 2025. 10.1351/goldbook.A00123</citation>
  <license>The IUPAC Gold Book is licensed under Creative Commons Attribution-ShareAlike CC BY-SA 4.0 International (https://creativecommons.org/licenses/by-sa/4.0/) for individual terms.</license>
  <collection>If you are interested in licensing the Gold Book for commercial use, please contact the IUPAC Executive Director at executivedirector@iupac.org .</collection>
  <disclaimer>The International Union of Pure and Applied Chemistry (IUPAC) is continuously reviewing and, where needed, updating terms in the Compendium of Chemical Terminology (the IUPAC Gold Book). Users of these terms are encouraged to include the version of a term with its use and to check regularly for updates to term definitions that you are using.</disclaimer>
  <accessed>2025-02-25T06:42:36+00:00</accessed>
</term>
