<?xml version="1.0" encoding="UTF-8"?>
<term>
  <id>00168</id>
  <doi>10.1351/goldbook.A00168</doi>
  <code>A00168</code>
  <status>current</status>
  <longtitle>IUPAC Gold Book - advection in atmospheric chemistry</longtitle>
  <title>advection</title>
  <termversion>2.3.3</termversion>
  <lastupdated>2014-02-24</lastupdated>
  <definitions>
    <item>
      <id>1</id>
      <text>The transport of air, its properties (such as heat), trace materials, fog, cold air, etc., solely by mass motion of the atmosphere, generally in a horizontal direction.</text>
      <contexts>
        <in>
          <item>atmospheric chemistry</item>
        </in>
      </contexts>
      <links>
        <item>
          <title>fog</title>
          <url>https://goldbook.iupac.org/terms/view/F02470</url>
        </item>
      </links>
      <sources>
        <item>PAC, 1990, 62, 2167. 'Glossary of atmospheric chemistry terms (Recommendations 1990)' on page 2171 (https://doi.org/10.1351/pac199062112167)</item>
      </sources>
    </item>
  </definitions>
  <referencedin>
    <item>
      <title>Wikipedia - Avvezione (it)</title>
      <url>https://it.wikipedia.org/wiki/Avvezione</url>
    </item>
    <item>
      <title>Wikipedia - تأفق (ar)</title>
      <url>https://ar.wikipedia.org/wiki/تأفق</url>
    </item>
    <item>
      <title>Wikipedia - نقل (موائع) (ar)</title>
      <url>https://ar.wikipedia.org/wiki/نقل_(موائع)</url>
    </item>
  </referencedin>
  <links>
    <html>https://goldbook.iupac.org/terms/view/A00168/html</html>
    <json>https://goldbook.iupac.org/terms/view/A00168/json</json>
    <xml>https://goldbook.iupac.org/terms/view/A00168/xml</xml>
    <plain>https://goldbook.iupac.org/terms/view/A00168/plain</plain>
  </links>
  <citation>Citation: 'advection' in IUPAC Compendium of Chemical Terminology, 5th ed. International Union of Pure and Applied Chemistry; 2025. Online version 5.0.0, 2025. 10.1351/goldbook.A00168</citation>
  <license>The IUPAC Gold Book is licensed under Creative Commons Attribution-ShareAlike CC BY-SA 4.0 International (https://creativecommons.org/licenses/by-sa/4.0/) for individual terms.</license>
  <collection>If you are interested in licensing the Gold Book for commercial use, please contact the IUPAC Executive Director at executivedirector@iupac.org .</collection>
  <disclaimer>The International Union of Pure and Applied Chemistry (IUPAC) is continuously reviewing and, where needed, updating terms in the Compendium of Chemical Terminology (the IUPAC Gold Book). Users of these terms are encouraged to include the version of a term with its use and to check regularly for updates to term definitions that you are using.</disclaimer>
  <accessed>2025-02-25T06:44:49+00:00</accessed>
</term>
