<?xml version="1.0" encoding="UTF-8"?>
<term>
  <id>00137</id>
  <doi>10.1351/goldbook.A00137</doi>
  <code>A00137</code>
  <status>current</status>
  <longtitle>IUPAC Gold Book - additivity principle</longtitle>
  <title>additivity principle</title>
  <termversion>2.3.3</termversion>
  <lastupdated>2014-02-24</lastupdated>
  <definitions>
    <item>
      <id>1</id>
      <text>The hypothesis that each of several structural features of a molecular entity makes a separate and additive contribution to a property of the substance concerned. More specifically, it is the hypothesis that each of the several substituent groups in a parent molecule makes a separate and additive contribution to the standard Gibbs energy change (or Gibbs energy of activation) corresponding to a particular equilibrium (or rate of reaction).</text>
      <links>
        <item>
          <title>transferability</title>
          <url>https://goldbook.iupac.org/terms/view/T06441</url>
        </item>
        <item>
          <title>transferability</title>
          <url>https://goldbook.iupac.org/terms/view/T06441</url>
        </item>
        <item>
          <title>molecular entity</title>
          <url>https://goldbook.iupac.org/terms/view/M03986</url>
        </item>
        <item>
          <title>substituent</title>
          <url>https://goldbook.iupac.org/terms/view/S06076</url>
        </item>
        <item>
          <title>Gibbs energy of activation</title>
          <url>https://goldbook.iupac.org/terms/view/G02631</url>
        </item>
        <item>
          <title>rate of reaction</title>
          <url>https://goldbook.iupac.org/terms/view/R05156</url>
        </item>
        <item>
          <title>transferability</title>
          <url>https://goldbook.iupac.org/terms/view/T06441</url>
        </item>
        <item>
          <title>molecular entity</title>
          <url>https://goldbook.iupac.org/terms/view/M03986</url>
        </item>
        <item>
          <title>substituent</title>
          <url>https://goldbook.iupac.org/terms/view/S06076</url>
        </item>
        <item>
          <title>Gibbs energy of activation</title>
          <url>https://goldbook.iupac.org/terms/view/G02631</url>
        </item>
        <item>
          <title>rate of reaction</title>
          <url>https://goldbook.iupac.org/terms/view/R05156</url>
        </item>
        <item>
          <title>additive</title>
          <url>https://goldbook.iupac.org/terms/view/A00134</url>
        </item>
      </links>
      <sources>
        <item>PAC, 1994, 66, 1077. 'Glossary of terms used in physical organic chemistry (IUPAC Recommendations 1994)' on page 1081 (https://doi.org/10.1351/pac199466051077)</item>
      </sources>
    </item>
  </definitions>
  <links>
    <html>https://goldbook.iupac.org/terms/view/A00137/html</html>
    <json>https://goldbook.iupac.org/terms/view/A00137/json</json>
    <xml>https://goldbook.iupac.org/terms/view/A00137/xml</xml>
    <plain>https://goldbook.iupac.org/terms/view/A00137/plain</plain>
  </links>
  <citation>Citation: 'additivity principle' in IUPAC Compendium of Chemical Terminology, 5th ed. International Union of Pure and Applied Chemistry; 2025. Online version 5.0.0, 2025. 10.1351/goldbook.A00137</citation>
  <license>The IUPAC Gold Book is licensed under Creative Commons Attribution-ShareAlike CC BY-SA 4.0 International (https://creativecommons.org/licenses/by-sa/4.0/) for individual terms.</license>
  <collection>If you are interested in licensing the Gold Book for commercial use, please contact the IUPAC Executive Director at executivedirector@iupac.org .</collection>
  <disclaimer>The International Union of Pure and Applied Chemistry (IUPAC) is continuously reviewing and, where needed, updating terms in the Compendium of Chemical Terminology (the IUPAC Gold Book). Users of these terms are encouraged to include the version of a term with its use and to check regularly for updates to term definitions that you are using.</disclaimer>
  <accessed>2025-02-25T06:43:23+00:00</accessed>
</term>
