<?xml version="1.0" encoding="UTF-8"?>
<term>
  <id>00177</id>
  <doi>10.1351/goldbook.A00177</doi>
  <code>A00177</code>
  <status>current</status>
  <longtitle>IUPAC Gold Book - affinity chromatography</longtitle>
  <title>affinity chromatography</title>
  <termversion>2.3.3</termversion>
  <lastupdated>2014-02-24</lastupdated>
  <definitions>
    <item>
      <id>1</id>
      <text>An expression characterizing the particular variant of chromatography in which the unique biological specificity of the analyte and ligand interaction is utilized for the separation.</text>
      <links>
        <item>
          <title>chromatography</title>
          <url>https://goldbook.iupac.org/terms/view/C01075</url>
        </item>
      </links>
      <sources>
        <item>PAC, 1992, 64, 143. 'Glossary for chemists of terms used in biotechnology (IUPAC Recommendations 1992)' on page 145 (https://doi.org/10.1351/pac199264010143)</item>
        <item>PAC, 1993, 65, 819. 'Nomenclature for chromatography (IUPAC Recommendations 1993)' on page 826 (https://doi.org/10.1351/pac199365040819)</item>
      </sources>
    </item>
  </definitions>
  <referencedin>
    <item>
      <title>Wikipedia - استشراب انجذابي (ar)</title>
      <url>https://ar.wikipedia.org/wiki/استشراب_انجذابي</url>
    </item>
    <item>
      <title>Wikipedia - كروماتوغرافيا الإلفة (ar)</title>
      <url>https://ar.wikipedia.org/wiki/كروماتوغرافيا_الإلفة</url>
    </item>
  </referencedin>
  <links>
    <html>https://goldbook.iupac.org/terms/view/A00177/html</html>
    <json>https://goldbook.iupac.org/terms/view/A00177/json</json>
    <xml>https://goldbook.iupac.org/terms/view/A00177/xml</xml>
    <plain>https://goldbook.iupac.org/terms/view/A00177/plain</plain>
  </links>
  <citation>Citation: 'affinity chromatography' in IUPAC Compendium of Chemical Terminology, 5th ed. International Union of Pure and Applied Chemistry; 2025. Online version 5.0.0, 2025. 10.1351/goldbook.A00177</citation>
  <license>The IUPAC Gold Book is licensed under Creative Commons Attribution-ShareAlike CC BY-SA 4.0 International (https://creativecommons.org/licenses/by-sa/4.0/) for individual terms.</license>
  <collection>If you are interested in licensing the Gold Book for commercial use, please contact the IUPAC Executive Director at executivedirector@iupac.org .</collection>
  <disclaimer>The International Union of Pure and Applied Chemistry (IUPAC) is continuously reviewing and, where needed, updating terms in the Compendium of Chemical Terminology (the IUPAC Gold Book). Users of these terms are encouraged to include the version of a term with its use and to check regularly for updates to term definitions that you are using.</disclaimer>
  <accessed>2025-02-25T06:45:20+00:00</accessed>
</term>
