<?xml version="1.0" encoding="UTF-8"?>
<term>
  <id>00184</id>
  <doi>10.1351/goldbook.A00184</doi>
  <code>A00184</code>
  <status>current</status>
  <longtitle>IUPAC Gold Book - aggregate in catalysis</longtitle>
  <title>aggregate</title>
  <contains>agglomerate <span class="in">in catalysis</span>, primary particle <span class="in">in catalysis</span></contains>
  <termversion>2.3.3</termversion>
  <lastupdated>2014-02-24</lastupdated>
  <definitions>
    <item>
      <id>1</id>
      <text>Certain materials used as catalysts or supports consist of spheroids smaller than 10 nm in diameter, cemented into larger entities. A primary particle should be defined as the smallest discrete identifiable entity and the method of identification should be mentioned (e.g. transmissionelectron microscopy, scanning electron microscopy). An assemblage of such primary particles exhibiting an identifiable collective behaviour (e.g. chemical nature of the aggregated primary particles, texture of the aggregate, resistance to mechanical separation upon grinding) constitutes an aggregate. When describing the aggregates the criterion of identification should be mentioned. Strongly bonded aggregates are called agglomerates.</text>
      <contexts>
        <in>
          <item>catalysis</item>
        </in>
      </contexts>
      <links>
        <item>
          <title>transmission</title>
          <url>https://goldbook.iupac.org/terms/view/T06477</url>
        </item>
        <item>
          <title>electron microscopy</title>
          <url>https://goldbook.iupac.org/terms/view/E02002</url>
        </item>
        <item>
          <title>resistance</title>
          <url>https://goldbook.iupac.org/terms/view/R05315</url>
        </item>
      </links>
      <math>
        <item>
          <alttext>10 nm</alttext>
          <latex>10\ \text{nm}</latex>
        </item>
      </math>
      <sources>
        <item>PAC, 1991, 63, 1227. 'Manual on catalyst characterization (Recommendations 1991)' on page 1231 (https://doi.org/10.1351/pac199163091227)</item>
      </sources>
    </item>
  </definitions>
  <links>
    <html>https://goldbook.iupac.org/terms/view/A00184/html</html>
    <json>https://goldbook.iupac.org/terms/view/A00184/json</json>
    <xml>https://goldbook.iupac.org/terms/view/A00184/xml</xml>
    <plain>https://goldbook.iupac.org/terms/view/A00184/plain</plain>
  </links>
  <citation>Citation: 'aggregate' in IUPAC Compendium of Chemical Terminology, 5th ed. International Union of Pure and Applied Chemistry; 2025. Online version 5.0.0, 2025. 10.1351/goldbook.A00184</citation>
  <license>The IUPAC Gold Book is licensed under Creative Commons Attribution-ShareAlike CC BY-SA 4.0 International (https://creativecommons.org/licenses/by-sa/4.0/) for individual terms.</license>
  <collection>If you are interested in licensing the Gold Book for commercial use, please contact the IUPAC Executive Director at executivedirector@iupac.org .</collection>
  <disclaimer>The International Union of Pure and Applied Chemistry (IUPAC) is continuously reviewing and, where needed, updating terms in the Compendium of Chemical Terminology (the IUPAC Gold Book). Users of these terms are encouraged to include the version of a term with its use and to check regularly for updates to term definitions that you are using.</disclaimer>
  <accessed>2025-02-25T06:45:43+00:00</accessed>
</term>
