<?xml version="1.0" encoding="UTF-8"?>
<term>
  <id>00148</id>
  <doi>10.1351/goldbook.A00148</doi>
  <code>A00148</code>
  <status>current</status>
  <longtitle>IUPAC Gold Book - adjacent re-entry model in polymer crystals</longtitle>
  <title>adjacent re-entry model</title>
  <termversion>2.3.3</termversion>
  <lastupdated>2014-02-24</lastupdated>
  <definitions>
    <item>
      <id>1</id>
      <text>A model of crystallinity in which chain folds regularly connect adjacent stems.</text>
      <contexts>
        <in>
          <item>polymer crystals</item>
        </in>
      </contexts>
      <links>
        <item>
          <title>crystallinity</title>
          <url>https://goldbook.iupac.org/terms/view/C01433</url>
        </item>
      </links>
      <sources>
        <item>Purple Book, 1st ed., p. 84 (http://old.iupac.org/publications/books/author/metanomski.html)</item>
      </sources>
    </item>
  </definitions>
  <links>
    <html>https://goldbook.iupac.org/terms/view/A00148/html</html>
    <json>https://goldbook.iupac.org/terms/view/A00148/json</json>
    <xml>https://goldbook.iupac.org/terms/view/A00148/xml</xml>
    <plain>https://goldbook.iupac.org/terms/view/A00148/plain</plain>
  </links>
  <citation>Citation: 'adjacent re-entry model' in IUPAC Compendium of Chemical Terminology, 5th ed. International Union of Pure and Applied Chemistry; 2025. Online version 5.0.0, 2025. 10.1351/goldbook.A00148</citation>
  <license>The IUPAC Gold Book is licensed under Creative Commons Attribution-ShareAlike CC BY-SA 4.0 International (https://creativecommons.org/licenses/by-sa/4.0/) for individual terms.</license>
  <collection>If you are interested in licensing the Gold Book for commercial use, please contact the IUPAC Executive Director at executivedirector@iupac.org .</collection>
  <disclaimer>The International Union of Pure and Applied Chemistry (IUPAC) is continuously reviewing and, where needed, updating terms in the Compendium of Chemical Terminology (the IUPAC Gold Book). Users of these terms are encouraged to include the version of a term with its use and to check regularly for updates to term definitions that you are using.</disclaimer>
  <accessed>2025-02-25T06:43:57+00:00</accessed>
</term>
