<?xml version="1.0" encoding="UTF-8"?>
<term>
  <id>00199</id>
  <doi>10.1351/goldbook.A00199</doi>
  <code>A00199</code>
  <status>current</status>
  <longtitle>IUPAC Gold Book - air resource management in atmospheric chemistry</longtitle>
  <title>air resource management</title>
  <termversion>2.3.3</termversion>
  <lastupdated>2014-02-24</lastupdated>
  <definitions>
    <item>
      <id>1</id>
      <text>The detailed planning and the implementation of air pollution control programs designed to preserve the health and welfare of the people in the region, the plant and animal life, physical property, good visibility and other factors which determine the air quality and the maintenance of an aesthetically acceptable environment.</text>
      <contexts>
        <in>
          <item>atmospheric chemistry</item>
        </in>
      </contexts>
      <links>
        <item>
          <title>air pollution</title>
          <url>https://goldbook.iupac.org/terms/view/A00195</url>
        </item>
      </links>
      <sources>
        <item>PAC, 1990, 62, 2167. 'Glossary of atmospheric chemistry terms (Recommendations 1990)' on page 2173 (https://doi.org/10.1351/pac199062112167)</item>
      </sources>
    </item>
  </definitions>
  <links>
    <html>https://goldbook.iupac.org/terms/view/A00199/html</html>
    <json>https://goldbook.iupac.org/terms/view/A00199/json</json>
    <xml>https://goldbook.iupac.org/terms/view/A00199/xml</xml>
    <plain>https://goldbook.iupac.org/terms/view/A00199/plain</plain>
  </links>
  <citation>Citation: 'air resource management' in IUPAC Compendium of Chemical Terminology, 5th ed. International Union of Pure and Applied Chemistry; 2025. Online version 5.0.0, 2025. 10.1351/goldbook.A00199</citation>
  <license>The IUPAC Gold Book is licensed under Creative Commons Attribution-ShareAlike CC BY-SA 4.0 International (https://creativecommons.org/licenses/by-sa/4.0/) for individual terms.</license>
  <collection>If you are interested in licensing the Gold Book for commercial use, please contact the IUPAC Executive Director at executivedirector@iupac.org .</collection>
  <disclaimer>The International Union of Pure and Applied Chemistry (IUPAC) is continuously reviewing and, where needed, updating terms in the Compendium of Chemical Terminology (the IUPAC Gold Book). Users of these terms are encouraged to include the version of a term with its use and to check regularly for updates to term definitions that you are using.</disclaimer>
  <accessed>2025-02-25T06:46:25+00:00</accessed>
</term>
