<?xml version="1.0" encoding="UTF-8"?>
<term>
  <id>00129</id>
  <doi>10.1351/goldbook.A00129</doi>
  <code>A00129</code>
  <status>current</status>
  <longtitle>IUPAC Gold Book - acyl species</longtitle>
  <title>acyl species</title>
  <termversion>2.0.2</termversion>
  <lastupdated>2008-10-07</lastupdated>
  <definitions>
    <item>
      <id>1</id>
      <text>Acyl intermediates include acyl anions, acyl radicals and acyl cations (synonym acylium ions) which are formally derived from oxoacidsRkE(=O)l(OH)m (l ≠ 0) by removal of a hydroxyl cationHO+ , a hydroxyl radical HO. or a hydroxyl anionHO− , respectively, and replacement analogues of such intermediates. Acyl anions, radicals and cations can formally be represented by canonical forms having a negative charge, an unpaired electron or a positive charge on the acid-generating element of the oxoacid. Acyl anions. E.g. [image: Not defined]Acyl radicals. E.g. [image: Not defined] Acyl cations. E.g. [image: Not defined]</text>
      <chemicals>
        <item>
          <type>chemimage</type>
          <title>Not defined</title>
          <file>https://goldbook.iupac.org/img/inline/A00129-1.png</file>
        </item>
        <item>
          <type>chemimage</type>
          <title>Not defined</title>
          <file>https://goldbook.iupac.org/img/inline/A00129-2.png</file>
        </item>
        <item>
          <type>chemimage</type>
          <title>Not defined</title>
          <file>https://goldbook.iupac.org/img/inline/A00129-3.png</file>
        </item>
      </chemicals>
      <links>
        <item>
          <title>acyl groups</title>
          <url>https://goldbook.iupac.org/terms/view/A00123</url>
        </item>
        <item>
          <title>acyl groups</title>
          <url>https://goldbook.iupac.org/terms/view/A00123</url>
        </item>
        <item>
          <title>intermediates</title>
          <url>https://goldbook.iupac.org/terms/view/I03096</url>
        </item>
        <item>
          <title>acyl anions</title>
          <url>https://goldbook.iupac.org/terms/view/A00120</url>
        </item>
        <item>
          <title>acyl radicals</title>
          <url>https://goldbook.iupac.org/terms/view/A00128</url>
        </item>
        <item>
          <title>acyl cations</title>
          <url>https://goldbook.iupac.org/terms/view/A00122</url>
        </item>
        <item>
          <title>acylium ions</title>
          <url>https://goldbook.iupac.org/terms/view/A00125</url>
        </item>
        <item>
          <title>oxoacids</title>
          <url>https://goldbook.iupac.org/terms/view/O04374</url>
        </item>
        <item>
          <title>cation</title>
          <url>https://goldbook.iupac.org/terms/view/C00907</url>
        </item>
        <item>
          <title>anion</title>
          <url>https://goldbook.iupac.org/terms/view/A00358</url>
        </item>
      </links>
      <sources>
        <item>PAC, 1993, 65, 1357. 'Revised nomenclature for radicals, ions, radical ions and related species (IUPAC Recommendations 1993)' on page 1357 (https://doi.org/10.1351/pac199365061357)</item>
        <item>PAC, 1995, 67, 1307. 'Glossary of class names of organic compounds and reactivity intermediates based on structure (IUPAC Recommendations 1995)' on page 1312 (https://doi.org/10.1351/pac199567081307)</item>
      </sources>
    </item>
  </definitions>
  <referencedin>
    <item>
      <title>Wikipedia - Acilcsoport (hu)</title>
      <url>https://hu.wikipedia.org/wiki/Acilcsoport</url>
    </item>
    <item>
      <title>Wikipedia - Acile (it)</title>
      <url>https://it.wikipedia.org/wiki/Acile</url>
    </item>
    <item>
      <title>Wikipedia - Acyl group (en)</title>
      <url>https://en.wikipedia.org/wiki/Acyl_group</url>
    </item>
    <item>
      <title>Wikipedia - Wikipedia:Redaktion Chemie (de)</title>
      <url>https://de.wikipedia.org/wiki/Wikipedia:Redaktion_Chemie</url>
    </item>
    <item>
      <title>Wikipedia - 아실기 (ko)</title>
      <url>https://ko.wikipedia.org/wiki/아실기</url>
    </item>
  </referencedin>
  <links>
    <html>https://goldbook.iupac.org/terms/view/A00129/html</html>
    <json>https://goldbook.iupac.org/terms/view/A00129/json</json>
    <xml>https://goldbook.iupac.org/terms/view/A00129/xml</xml>
    <plain>https://goldbook.iupac.org/terms/view/A00129/plain</plain>
  </links>
  <citation>Citation: 'acyl species' in IUPAC Compendium of Chemical Terminology, 5th ed. International Union of Pure and Applied Chemistry; 2025. Online version 5.0.0, 2025. 10.1351/goldbook.A00129</citation>
  <license>The IUPAC Gold Book is licensed under Creative Commons Attribution-ShareAlike CC BY-SA 4.0 International (https://creativecommons.org/licenses/by-sa/4.0/) for individual terms.</license>
  <collection>If you are interested in licensing the Gold Book for commercial use, please contact the IUPAC Executive Director at executivedirector@iupac.org .</collection>
  <disclaimer>The International Union of Pure and Applied Chemistry (IUPAC) is continuously reviewing and, where needed, updating terms in the Compendium of Chemical Terminology (the IUPAC Gold Book). Users of these terms are encouraged to include the version of a term with its use and to check regularly for updates to term definitions that you are using.</disclaimer>
  <accessed>2025-02-25T06:42:49+00:00</accessed>
</term>
