<?xml version="1.0" encoding="UTF-8"?>
<term>
  <id>00159</id>
  <doi>10.1351/goldbook.A00159</doi>
  <code>A00159</code>
  <status>current</status>
  <longtitle>IUPAC Gold Book - adsorption current</longtitle>
  <title>adsorption current</title>
  <termversion>2.3.3</termversion>
  <lastupdated>2014-02-24</lastupdated>
  <definitions>
    <item>
      <id>1</id>
      <text>A faradaic current whose magnitude depends on the applied potential, and, at any particular applied potential, on the rate or extent of the adsorption of an electroactive substance (or the product obtained from the reduction or oxidation of an electroactive substance) onto the surface of the indicator or working electrode.</text>
      <links>
        <item>
          <title>limiting adsorption current</title>
          <url>https://goldbook.iupac.org/terms/view/L03529</url>
        </item>
        <item>
          <title>limiting adsorption current</title>
          <url>https://goldbook.iupac.org/terms/view/L03529</url>
        </item>
        <item>
          <title>faradaic current</title>
          <url>https://goldbook.iupac.org/terms/view/F02321</url>
        </item>
        <item>
          <title>applied potential</title>
          <url>https://goldbook.iupac.org/terms/view/A00424</url>
        </item>
        <item>
          <title>indicator</title>
          <url>https://goldbook.iupac.org/terms/view/I03006</url>
        </item>
        <item>
          <title>working electrode</title>
          <url>https://goldbook.iupac.org/terms/view/W06686</url>
        </item>
        <item>
          <title>limiting adsorption current</title>
          <url>https://goldbook.iupac.org/terms/view/L03529</url>
        </item>
        <item>
          <title>faradaic current</title>
          <url>https://goldbook.iupac.org/terms/view/F02321</url>
        </item>
        <item>
          <title>applied potential</title>
          <url>https://goldbook.iupac.org/terms/view/A00424</url>
        </item>
        <item>
          <title>indicator</title>
          <url>https://goldbook.iupac.org/terms/view/I03006</url>
        </item>
        <item>
          <title>working electrode</title>
          <url>https://goldbook.iupac.org/terms/view/W06686</url>
        </item>
        <item>
          <title>electroactive substance</title>
          <url>https://goldbook.iupac.org/terms/view/E01940</url>
        </item>
        <item>
          <title>oxidation</title>
          <url>https://goldbook.iupac.org/terms/view/O04362</url>
        </item>
      </links>
      <sources>
        <item>PAC, 1985, 57, 1491. 'Recommended terms, symbols, and definitions for electroanalytical chemistry (Recommendations 1985)' on page 1494 (https://doi.org/10.1351/pac198557101491)</item>
      </sources>
    </item>
  </definitions>
  <referencedin>
    <item>
      <title>Wikipedia - Адсорбційний струм (uk)</title>
      <url>https://uk.wikipedia.org/wiki/Адсорбційний_струм</url>
    </item>
  </referencedin>
  <links>
    <html>https://goldbook.iupac.org/terms/view/A00159/html</html>
    <json>https://goldbook.iupac.org/terms/view/A00159/json</json>
    <xml>https://goldbook.iupac.org/terms/view/A00159/xml</xml>
    <plain>https://goldbook.iupac.org/terms/view/A00159/plain</plain>
  </links>
  <citation>Citation: 'adsorption current' in IUPAC Compendium of Chemical Terminology, 5th ed. International Union of Pure and Applied Chemistry; 2025. Online version 5.0.0, 2025. 10.1351/goldbook.A00159</citation>
  <license>The IUPAC Gold Book is licensed under Creative Commons Attribution-ShareAlike CC BY-SA 4.0 International (https://creativecommons.org/licenses/by-sa/4.0/) for individual terms.</license>
  <collection>If you are interested in licensing the Gold Book for commercial use, please contact the IUPAC Executive Director at executivedirector@iupac.org .</collection>
  <disclaimer>The International Union of Pure and Applied Chemistry (IUPAC) is continuously reviewing and, where needed, updating terms in the Compendium of Chemical Terminology (the IUPAC Gold Book). Users of these terms are encouraged to include the version of a term with its use and to check regularly for updates to term definitions that you are using.</disclaimer>
  <accessed>2025-02-25T06:44:27+00:00</accessed>
</term>
