<?xml version="1.0" encoding="UTF-8"?>
<term>
  <id>00116</id>
  <doi>10.1351/goldbook.A00116</doi>
  <code>A00116</code>
  <status>current</status>
  <longtitle>IUPAC Gold Book - activity coefficient</longtitle>
  <title>activity coefficient</title>
  <index>quantity</index>
  <termversion>2.3.3</termversion>
  <lastupdated>2014-02-24</lastupdated>
  <definitions>
    <item>
      <id>1</id>
      <text>The activity coefficientfB of a substance B in a liquid or solid mixture containing mole fractions x B,x C, ... of the substances B, C, ... is a dimensionless quantity defined in terms of the chemical potentialµ B of B in the mixture by: R T ln(xB fB)=μB(cd,T,P,x)−μ∗B(cd,T,p) denotes the set of mole fractions x B,x C, ... . The activity coefficientγ B of a solute B in a solution (especially a dilute liquid solution) containing molalities m B,m C, ... of solutes B, C, ... in a solvent A is a dimensionless quantity defined in terms of the chemical potentialµ B by: </text>
      <links>
        <item>
          <title>coefficient</title>
          <url>https://goldbook.iupac.org/terms/view/C01124</url>
        </item>
        <item>
          <title>mole</title>
          <url>https://goldbook.iupac.org/terms/view/M03980</url>
        </item>
        <item>
          <title>chemical potential</title>
          <url>https://goldbook.iupac.org/terms/view/C01032</url>
        </item>
      </links>
      <math>
        <item>
          <alttext>fB</alttext>
          <latex>f_{\text{B}}</latex>
        </item>
        <item>
          <alttext>x B</alttext>
          <latex>x_{\text{B}}</latex>
        </item>
        <item>
          <alttext>x C</alttext>
          <latex>x_{\text{C}}</latex>
        </item>
        <item>
          <alttext>µ B</alttext>
          <latex>\mu _{\text{B}}</latex>
        </item>
        <item>
          <meaning>Activity coefficient</meaning>
          <type>equation</type>
          <alttext>R T ln(xB fB)=μB(cd,T,P,x)−μ∗B(cd,T,p)</alttext>
          <latex>R\ T\ \ln (x_{\text{B}}\ f_{\text{B}})=\mu _{\text{B}}\left(\text{cd},\,T,\,P,\,x\right)- \mu _{\text{B}}^{*}\left(\text{cd},\,T,\,p\right)</latex>
        </item>
        <item>
          <alttext>x</alttext>
          <latex>x</latex>
        </item>
        <item>
          <alttext>x B</alttext>
          <latex>x_{\text{B}}</latex>
        </item>
        <item>
          <alttext>x C</alttext>
          <latex>x_{\text{C}}</latex>
        </item>
        <item>
          <alttext>γ B</alttext>
          <latex>\gamma _{\text{B}}</latex>
        </item>
        <item>
          <alttext>m B</alttext>
          <latex>m_{\text{B}}</latex>
        </item>
        <item>
          <alttext>m C</alttext>
          <latex>m_{\text{C}}</latex>
        </item>
        <item>
          <alttext>µ B</alttext>
          <latex>\mu _{\text{B}}</latex>
        </item>
        <item>
          <meaning>Activity coefficient</meaning>
          <type>equation</type>
          <alttext>R T ln(mB γBm⊖)=μB−{μB−R T ln(mBm⊖)}∞</alttext>
          <latex>R\ T\ \ln \left(\frac{m_{\text{B}}\ \gamma _{\text{B}}}{m^{\ominus}}\right)=\mu _{\text{B}}- \left\{\mu _{\text{B}}- R\ T\ \ln \left(\frac{m_{\text{B}}}{m^{\ominus }}\right)\right\}^{\infty }</latex>
        </item>
      </math>
      <sources>
        <item>PAC, 1990, 62, 2167. 'Glossary of atmospheric chemistry terms (Recommendations 1990)' on page 2171 (https://doi.org/10.1351/pac199062112167)</item>
        <item>PAC, 1994, 66, 533. 'Standard quantities in chemical thermodynamics. Fugacities, activities and equilibrium constants for pure and mixed phases (IUPAC Recommendations 1994)' on page 543 (https://doi.org/10.1351/pac199466030533)</item>
        <item>PAC, 1996, 68, 957. 'Glossary of terms in quantities and units in Clinical Chemistry (IUPAC-IFCC Recommendations 1996)' on page 960 (https://doi.org/10.1351/pac199668040957)</item>
      </sources>
    </item>
  </definitions>
  <referencedin>
    <item>
      <title>Wikipedia - Activity coefficient (en)</title>
      <url>https://en.wikipedia.org/wiki/Activity_coefficient</url>
    </item>
    <item>
      <title>Wikipedia - Aktivitetskoeffisient (no)</title>
      <url>https://no.wikipedia.org/wiki/Aktivitetskoeffisient</url>
    </item>
    <item>
      <title>Wikipedia - Aktivitási együttható (hu)</title>
      <url>https://hu.wikipedia.org/wiki/Aktivitási_együttható</url>
    </item>
    <item>
      <title>Wikipedia - Coefficiente di attività (it)</title>
      <url>https://it.wikipedia.org/wiki/Coefficiente_di_attività</url>
    </item>
    <item>
      <title>Wikipedia - Coeficiente de actividad (es)</title>
      <url>https://es.wikipedia.org/wiki/Coeficiente_de_actividad</url>
    </item>
    <item>
      <title>Wikipedia - Koefisien aktivitas (id)</title>
      <url>https://id.wikipedia.org/wiki/Koefisien_aktivitas</url>
    </item>
    <item>
      <title>Wikipedia - معامل فاعلية (ar)</title>
      <url>https://ar.wikipedia.org/wiki/معامل_فاعلية</url>
    </item>
    <item>
      <title>Wikipedia - 活度系数 (zh)</title>
      <url>https://zh.wikipedia.org/wiki/活度系数</url>
    </item>
  </referencedin>
  <links>
    <html>https://goldbook.iupac.org/terms/view/A00116/html</html>
    <json>https://goldbook.iupac.org/terms/view/A00116/json</json>
    <xml>https://goldbook.iupac.org/terms/view/A00116/xml</xml>
    <plain>https://goldbook.iupac.org/terms/view/A00116/plain</plain>
  </links>
  <citation>Citation: 'activity coefficient' in IUPAC Compendium of Chemical Terminology, 5th ed. International Union of Pure and Applied Chemistry; 2025. Online version 5.0.0, 2025. 10.1351/goldbook.A00116</citation>
  <license>The IUPAC Gold Book is licensed under Creative Commons Attribution-ShareAlike CC BY-SA 4.0 International (https://creativecommons.org/licenses/by-sa/4.0/) for individual terms.</license>
  <collection>If you are interested in licensing the Gold Book for commercial use, please contact the IUPAC Executive Director at executivedirector@iupac.org .</collection>
  <disclaimer>The International Union of Pure and Applied Chemistry (IUPAC) is continuously reviewing and, where needed, updating terms in the Compendium of Chemical Terminology (the IUPAC Gold Book). Users of these terms are encouraged to include the version of a term with its use and to check regularly for updates to term definitions that you are using.</disclaimer>
  <accessed>2025-02-25T06:42:16+00:00</accessed>
</term>
