<?xml version="1.0" encoding="UTF-8"?>
<term>
  <id>00144</id>
  <doi>10.1351/goldbook.A00144</doi>
  <code>A00144</code>
  <status>current</status>
  <longtitle>IUPAC Gold Book - adiabatic lapse rate, in atmospheric chemistry</longtitle>
  <title>adiabatic lapse rate</title>
  <termversion>2.0.2</termversion>
  <lastupdated>2008-10-07</lastupdated>
  <definitions>
    <item>
      <id>1</id>
      <text>The rate of decrease in temperature with increase in altitude of an air parcel which is expanding slowly to a lower atmospheric pressure without exchange of heat; for a descending parcel it is the rate of increase in temperature with decrease in altitude. Theory predicts that for dry air it is equal to the acceleration of gravity divided by the specific heat of dry air at constant pressure (approximately 9.8 °C km-1). The moist adiabatic lapse rate is less than the dry adiabatic lapse rate and depends on the moisture content of the air mass.</text>
      <contexts>
        <in>
          <item>atmospheric chemistry</item>
        </in>
      </contexts>
      <links>
        <item>
          <title>acceleration</title>
          <url>https://goldbook.iupac.org/terms/view/A00051</url>
        </item>
        <item>
          <title>adiabatic</title>
          <url>https://goldbook.iupac.org/terms/view/A00141</url>
        </item>
      </links>
      <math>
        <item>
          <alttext>9.8 °C km-1</alttext>
          <latex>9.8\ ^{\unicode{x26ac}} \text{C}\ \text{km}^{-1}</latex>
        </item>
      </math>
      <sources>
        <item>PAC, 1990, 62, 2167. 'Glossary of atmospheric chemistry terms (Recommendations 1990)' on page 2171 (https://doi.org/10.1351/pac199062112167)</item>
      </sources>
    </item>
  </definitions>
  <referencedin>
    <item>
      <title>Wikipedia - Alpine climate (en)</title>
      <url>https://en.wikipedia.org/wiki/Alpine_climate</url>
    </item>
    <item>
      <title>Wikipedia - Bantay (ilo)</title>
      <url>https://ilo.wikipedia.org/wiki/Bantay</url>
    </item>
    <item>
      <title>Wikipedia - Iklim alp (ms)</title>
      <url>https://ms.wikipedia.org/wiki/Iklim_alp</url>
    </item>
    <item>
      <title>Wikipedia - Klima malore (sq)</title>
      <url>https://sq.wikipedia.org/wiki/Klima_malore</url>
    </item>
    <item>
      <title>Wikipedia - Monto (eo)</title>
      <url>https://eo.wikipedia.org/wiki/Monto</url>
    </item>
    <item>
      <title>Wikipedia - Pembicaraan:Teori bencana Toba (id)</title>
      <url>https://id.wikipedia.org/wiki/Pembicaraan:Teori_bencana_Toba</url>
    </item>
    <item>
      <title>Wikipedia - Stopa opadanja temperature u troposferi (hr)</title>
      <url>https://hr.wikipedia.org/wiki/Stopa_opadanja_temperature_u_troposferi</url>
    </item>
    <item>
      <title>Wikipedia - Stopa opadanja temperature u troposferi (sh)</title>
      <url>https://sh.wikipedia.org/wiki/Stopa_opadanja_temperature_u_troposferi</url>
    </item>
    <item>
      <title>Wikipedia - Teori bencana Toba (id)</title>
      <url>https://id.wikipedia.org/wiki/Teori_bencana_Toba</url>
    </item>
    <item>
      <title>Wikipedia - Teoria da catástrofe de Toba (pt)</title>
      <url>https://pt.wikipedia.org/wiki/Teoria_da_catástrofe_de_Toba</url>
    </item>
    <item>
      <title>Wikipedia - Teoría de la catástrofe de Toba (es)</title>
      <url>https://es.wikipedia.org/wiki/Teoría_de_la_catástrofe_de_Toba</url>
    </item>
    <item>
      <title>Wikipedia - Thảm họa Toba (vi)</title>
      <url>https://vi.wikipedia.org/wiki/Thảm_họa_Toba</url>
    </item>
    <item>
      <title>Wikipedia - Toba catastrophe theory (en)</title>
      <url>https://en.wikipedia.org/wiki/Toba_catastrophe_theory</url>
    </item>
    <item>
      <title>Wikipedia - Younger Toba eruption (en)</title>
      <url>https://en.wikipedia.org/wiki/Younger_Toba_eruption</url>
    </item>
    <item>
      <title>Wikipedia - Планинска клима (mk)</title>
      <url>https://mk.wikipedia.org/wiki/Планинска_клима</url>
    </item>
    <item>
      <title>Wikipedia - אקלים אלפיני (he)</title>
      <url>https://he.wikipedia.org/wiki/אקלים_אלפיני</url>
    </item>
    <item>
      <title>Wikipedia - معدل السقوط (ar)</title>
      <url>https://ar.wikipedia.org/wiki/معدل_السقوط</url>
    </item>
    <item>
      <title>Wikipedia - مناخ ألبي (ar)</title>
      <url>https://ar.wikipedia.org/wiki/مناخ_ألبي</url>
    </item>
    <item>
      <title>Wikipedia - अल्पाइन जलवायु (hi)</title>
      <url>https://hi.wikipedia.org/wiki/अल्पाइन_जलवायु</url>
    </item>
    <item>
      <title>Wikipedia - 気温減率 (ja)</title>
      <url>https://ja.wikipedia.org/wiki/気温減率</url>
    </item>
    <item>
      <title>Wikipedia - 氣溫垂直遞減率 (zh)</title>
      <url>https://zh.wikipedia.org/wiki/氣溫垂直遞減率</url>
    </item>
  </referencedin>
  <links>
    <html>https://goldbook.iupac.org/terms/view/A00144/html</html>
    <json>https://goldbook.iupac.org/terms/view/A00144/json</json>
    <xml>https://goldbook.iupac.org/terms/view/A00144/xml</xml>
    <plain>https://goldbook.iupac.org/terms/view/A00144/plain</plain>
  </links>
  <citation>Citation: 'adiabatic lapse rate' in IUPAC Compendium of Chemical Terminology, 5th ed. International Union of Pure and Applied Chemistry; 2025. Online version 5.0.0, 2025. 10.1351/goldbook.A00144</citation>
  <license>The IUPAC Gold Book is licensed under Creative Commons Attribution-ShareAlike CC BY-SA 4.0 International (https://creativecommons.org/licenses/by-sa/4.0/) for individual terms.</license>
  <collection>If you are interested in licensing the Gold Book for commercial use, please contact the IUPAC Executive Director at executivedirector@iupac.org .</collection>
  <disclaimer>The International Union of Pure and Applied Chemistry (IUPAC) is continuously reviewing and, where needed, updating terms in the Compendium of Chemical Terminology (the IUPAC Gold Book). Users of these terms are encouraged to include the version of a term with its use and to check regularly for updates to term definitions that you are using.</disclaimer>
  <accessed>2025-02-25T06:43:48+00:00</accessed>
</term>
