<?xml version="1.0" encoding="UTF-8"?>
<term>
  <id>00146</id>
  <doi>10.1351/goldbook.A00146</doi>
  <code>A00146</code>
  <status>current</status>
  <longtitle>IUPAC Gold Book - adiabatic transition-state theory</longtitle>
  <title>adiabatic transition-state theory</title>
  <termversion>2.3.3</termversion>
  <lastupdated>2014-02-24</lastupdated>
  <definitions>
    <item>
      <id>1</id>
      <text>A form of transition-state theory in which the system is assumed to preserve its internal quantum states as it moves over the potential-energy surface. A detailed state-to-state scattering theory version of adiabatic transition-state theory has been referred to as the adiabaticchannel model.</text>
      <links>
        <item>
          <title>transition-state theory</title>
          <url>https://goldbook.iupac.org/terms/view/T06470</url>
        </item>
        <item>
          <title>potential-energy (reaction) surface</title>
          <url>https://goldbook.iupac.org/terms/view/P04780</url>
        </item>
        <item>
          <title>transition-state theory</title>
          <url>https://goldbook.iupac.org/terms/view/T06470</url>
        </item>
        <item>
          <title>potential-energy (reaction) surface</title>
          <url>https://goldbook.iupac.org/terms/view/P04780</url>
        </item>
        <item>
          <title>scattering</title>
          <url>https://goldbook.iupac.org/terms/view/S05487</url>
        </item>
        <item>
          <title>adiabatic</title>
          <url>https://goldbook.iupac.org/terms/view/A00141</url>
        </item>
        <item>
          <title>channel</title>
          <url>https://goldbook.iupac.org/terms/view/C00970</url>
        </item>
      </links>
      <sources>
        <item>PAC, 1996, 68, 149. 'A glossary of terms used in chemical kinetics, including reaction dynamics (IUPAC Recommendations 1996)' on page 152 (https://doi.org/10.1351/pac199668010149)</item>
      </sources>
    </item>
  </definitions>
  <links>
    <html>https://goldbook.iupac.org/terms/view/A00146/html</html>
    <json>https://goldbook.iupac.org/terms/view/A00146/json</json>
    <xml>https://goldbook.iupac.org/terms/view/A00146/xml</xml>
    <plain>https://goldbook.iupac.org/terms/view/A00146/plain</plain>
  </links>
  <citation>Citation: 'adiabatic transition-state theory' in IUPAC Compendium of Chemical Terminology, 5th ed. International Union of Pure and Applied Chemistry; 2025. Online version 5.0.0, 2025. 10.1351/goldbook.A00146</citation>
  <license>The IUPAC Gold Book is licensed under Creative Commons Attribution-ShareAlike CC BY-SA 4.0 International (https://creativecommons.org/licenses/by-sa/4.0/) for individual terms.</license>
  <collection>If you are interested in licensing the Gold Book for commercial use, please contact the IUPAC Executive Director at executivedirector@iupac.org .</collection>
  <disclaimer>The International Union of Pure and Applied Chemistry (IUPAC) is continuously reviewing and, where needed, updating terms in the Compendium of Chemical Terminology (the IUPAC Gold Book). Users of these terms are encouraged to include the version of a term with its use and to check regularly for updates to term definitions that you are using.</disclaimer>
  <accessed>2025-02-25T06:43:52+00:00</accessed>
</term>
