<?xml version="1.0" encoding="UTF-8"?>
<term>
  <id>00145</id>
  <doi>10.1351/goldbook.A00145</doi>
  <code>A00145</code>
  <status>current</status>
  <longtitle>IUPAC Gold Book - adiabatic photoreaction</longtitle>
  <title>adiabatic photoreaction</title>
  <termversion>2.0.2</termversion>
  <lastupdated>2008-10-07</lastupdated>
  <definitions>
    <item>
      <id>1</id>
      <text>Within the 'Born-Oppenheimer' approximation, a reaction of an excited state species that occurs on a single 'potential-energy surface'.</text>
      <links>
        <item>
          <title>diabatic photoreaction</title>
          <url>https://goldbook.iupac.org/terms/view/D01660</url>
        </item>
        <item>
          <title>diabatic photoreaction</title>
          <url>https://goldbook.iupac.org/terms/view/D01660</url>
        </item>
        <item>
          <title>excited state</title>
          <url>https://goldbook.iupac.org/terms/view/E02257</url>
        </item>
      </links>
      <sources>
        <item>PAC, 1996, 68, 2223. 'Glossary of terms used in photochemistry (IUPAC Recommendations 1996)' on page 2227 (https://doi.org/10.1351/pac199668122223)</item>
      </sources>
    </item>
  </definitions>
  <links>
    <html>https://goldbook.iupac.org/terms/view/A00145/html</html>
    <json>https://goldbook.iupac.org/terms/view/A00145/json</json>
    <xml>https://goldbook.iupac.org/terms/view/A00145/xml</xml>
    <plain>https://goldbook.iupac.org/terms/view/A00145/plain</plain>
  </links>
  <citation>Citation: 'adiabatic photoreaction' in IUPAC Compendium of Chemical Terminology, 5th ed. International Union of Pure and Applied Chemistry; 2025. Online version 5.0.0, 2025. 10.1351/goldbook.A00145</citation>
  <license>The IUPAC Gold Book is licensed under Creative Commons Attribution-ShareAlike CC BY-SA 4.0 International (https://creativecommons.org/licenses/by-sa/4.0/) for individual terms.</license>
  <collection>If you are interested in licensing the Gold Book for commercial use, please contact the IUPAC Executive Director at executivedirector@iupac.org .</collection>
  <disclaimer>The International Union of Pure and Applied Chemistry (IUPAC) is continuously reviewing and, where needed, updating terms in the Compendium of Chemical Terminology (the IUPAC Gold Book). Users of these terms are encouraged to include the version of a term with its use and to check regularly for updates to term definitions that you are using.</disclaimer>
  <accessed>2025-02-25T06:43:50+00:00</accessed>
</term>
