<?xml version="1.0" encoding="UTF-8"?>
<term>
  <id>00170</id>
  <doi>10.1351/goldbook.A00170</doi>
  <code>A00170</code>
  <status>current</status>
  <longtitle>IUPAC Gold Book - aerobe</longtitle>
  <title>aerobe</title>
  <termversion>2.3.3</termversion>
  <lastupdated>2014-02-24</lastupdated>
  <definitions>
    <item>
      <id>1</id>
      <text>An organism that needs oxygen for respiration and hence for growth.</text>
      <sources>
        <item>PAC, 1992, 64, 143. 'Glossary for chemists of terms used in biotechnology (IUPAC Recommendations 1992)' on page 145 (https://doi.org/10.1351/pac199264010143)</item>
      </sources>
    </item>
  </definitions>
  <links>
    <html>https://goldbook.iupac.org/terms/view/A00170/html</html>
    <json>https://goldbook.iupac.org/terms/view/A00170/json</json>
    <xml>https://goldbook.iupac.org/terms/view/A00170/xml</xml>
    <plain>https://goldbook.iupac.org/terms/view/A00170/plain</plain>
  </links>
  <citation>Citation: 'aerobe' in IUPAC Compendium of Chemical Terminology, 5th ed. International Union of Pure and Applied Chemistry; 2025. Online version 5.0.0, 2025. 10.1351/goldbook.A00170</citation>
  <license>The IUPAC Gold Book is licensed under Creative Commons Attribution-ShareAlike CC BY-SA 4.0 International (https://creativecommons.org/licenses/by-sa/4.0/) for individual terms.</license>
  <collection>If you are interested in licensing the Gold Book for commercial use, please contact the IUPAC Executive Director at executivedirector@iupac.org .</collection>
  <disclaimer>The International Union of Pure and Applied Chemistry (IUPAC) is continuously reviewing and, where needed, updating terms in the Compendium of Chemical Terminology (the IUPAC Gold Book). Users of these terms are encouraged to include the version of a term with its use and to check regularly for updates to term definitions that you are using.</disclaimer>
  <accessed>2025-02-25T06:44:56+00:00</accessed>
</term>
