<?xml version="1.0" encoding="UTF-8"?>
<term>
  <id>00104</id>
  <doi>10.1351/goldbook.A00104</doi>
  <code>A00104</code>
  <status>current</status>
  <longtitle>IUPAC Gold Book - activator</longtitle>
  <title>activator</title>
  <contains>enzyme activator</contains>
  <termversion>2.3.3</termversion>
  <lastupdated>2014-02-24</lastupdated>
  <definitions>
    <item>
      <id>1</id>
      <text>A substance, other than the catalyst or one of the substrates, that increases the rate of a catalysed reaction without itself being consumed; the process is called activation. An activator of an enzyme-catalysed reaction may be called enzyme activator, if it acts by binding to the enzyme.</text>
      <links>
        <item>
          <title>effector</title>
          <url>https://goldbook.iupac.org/terms/view/E01901</url>
        </item>
        <item>
          <title>effector</title>
          <url>https://goldbook.iupac.org/terms/view/E01901</url>
        </item>
        <item>
          <title>catalyst</title>
          <url>https://goldbook.iupac.org/terms/view/C00876</url>
        </item>
        <item>
          <title>effector</title>
          <url>https://goldbook.iupac.org/terms/view/E01901</url>
        </item>
        <item>
          <title>catalyst</title>
          <url>https://goldbook.iupac.org/terms/view/C00876</url>
        </item>
        <item>
          <title>activation</title>
          <url>https://goldbook.iupac.org/terms/view/A00093</url>
        </item>
      </links>
      <sources>
        <item>PAC, 1993, 65, 2291. 'Nomenclature of kinetic methods of analysis (IUPAC Recommendations 1993)' on page 2292 (https://doi.org/10.1351/pac199365102291)</item>
      </sources>
    </item>
  </definitions>
  <links>
    <html>https://goldbook.iupac.org/terms/view/A00104/html</html>
    <json>https://goldbook.iupac.org/terms/view/A00104/json</json>
    <xml>https://goldbook.iupac.org/terms/view/A00104/xml</xml>
    <plain>https://goldbook.iupac.org/terms/view/A00104/plain</plain>
  </links>
  <citation>Citation: 'activator' in IUPAC Compendium of Chemical Terminology, 5th ed. International Union of Pure and Applied Chemistry; 2025. Online version 5.0.0, 2025. 10.1351/goldbook.A00104</citation>
  <license>The IUPAC Gold Book is licensed under Creative Commons Attribution-ShareAlike CC BY-SA 4.0 International (https://creativecommons.org/licenses/by-sa/4.0/) for individual terms.</license>
  <collection>If you are interested in licensing the Gold Book for commercial use, please contact the IUPAC Executive Director at executivedirector@iupac.org .</collection>
  <disclaimer>The International Union of Pure and Applied Chemistry (IUPAC) is continuously reviewing and, where needed, updating terms in the Compendium of Chemical Terminology (the IUPAC Gold Book). Users of these terms are encouraged to include the version of a term with its use and to check regularly for updates to term definitions that you are using.</disclaimer>
  <accessed>2025-02-25T06:41:47+00:00</accessed>
</term>
