<?xml version="1.0" encoding="UTF-8"?>
<term>
  <id>00112</id>
  <doi>10.1351/goldbook.A00112</doi>
  <code>A00112</code>
  <status>current</status>
  <longtitle>IUPAC Gold Book - active transport in biology</longtitle>
  <title>active transport</title>
  <termversion>2.0.2</termversion>
  <lastupdated>2008-10-07</lastupdated>
  <definitions>
    <item>
      <id>1</id>
      <text>The carriage of a solute across a biological membrane from low to high concentration which requires the expenditure of (metabolic) energy.</text>
      <contexts>
        <in>
          <item>biology</item>
        </in>
      </contexts>
      <links>
        <item>
          <title>membrane</title>
          <url>https://goldbook.iupac.org/terms/view/MT06878</url>
        </item>
      </links>
      <sources>
        <item>PAC, 1992, 64, 143. 'Glossary for chemists of terms used in biotechnology (IUPAC Recommendations 1992)' on page 145 (https://doi.org/10.1351/pac199264010143)</item>
      </sources>
    </item>
  </definitions>
  <referencedin>
    <item>
      <title>Wikipedia - نقل نشط (ar)</title>
      <url>https://ar.wikipedia.org/wiki/نقل_نشط</url>
    </item>
  </referencedin>
  <links>
    <html>https://goldbook.iupac.org/terms/view/A00112/html</html>
    <json>https://goldbook.iupac.org/terms/view/A00112/json</json>
    <xml>https://goldbook.iupac.org/terms/view/A00112/xml</xml>
    <plain>https://goldbook.iupac.org/terms/view/A00112/plain</plain>
  </links>
  <citation>Citation: 'active transport' in IUPAC Compendium of Chemical Terminology, 5th ed. International Union of Pure and Applied Chemistry; 2025. Online version 5.0.0, 2025. 10.1351/goldbook.A00112</citation>
  <license>The IUPAC Gold Book is licensed under Creative Commons Attribution-ShareAlike CC BY-SA 4.0 International (https://creativecommons.org/licenses/by-sa/4.0/) for individual terms.</license>
  <collection>If you are interested in licensing the Gold Book for commercial use, please contact the IUPAC Executive Director at executivedirector@iupac.org .</collection>
  <disclaimer>The International Union of Pure and Applied Chemistry (IUPAC) is continuously reviewing and, where needed, updating terms in the Compendium of Chemical Terminology (the IUPAC Gold Book). Users of these terms are encouraged to include the version of a term with its use and to check regularly for updates to term definitions that you are using.</disclaimer>
  <accessed>2025-02-25T06:42:06+00:00</accessed>
</term>
