<?xml version="1.0" encoding="UTF-8"?>
<term>
  <id>00186</id>
  <doi>10.1351/goldbook.A00186</doi>
  <code>A00186</code>
  <status>current</status>
  <longtitle>IUPAC Gold Book - agonist</longtitle>
  <title>agonist</title>
  <termversion/>
  <definitions>
    <item>
      <id>1</id>
      <text>Substance which binds to cell receptors normally responding to naturally occurring substances and which produces a response of its own.</text>
      <links>
        <item>
          <title>antagonist</title>
          <url>https://goldbook.iupac.org/terms/view/A00376</url>
        </item>
      </links>
      <sources>
        <item>PAC, 1993, 65, 2003. 'Glossary for chemists of terms used in toxicology (IUPAC Recommendations 1993)' on page 2011 (https://doi.org/10.1351/pac199365092003)</item>
      </sources>
    </item>
  </definitions>
  <referencedin>
    <item>
      <title>Wikipedia - ناهض (علم الأدوية) (ar)</title>
      <url>https://ar.wikipedia.org/wiki/ناهض_(علم_الأدوية)</url>
    </item>
  </referencedin>
  <links>
    <html>https://goldbook.iupac.org/terms/view/A00186/html</html>
    <json>https://goldbook.iupac.org/terms/view/A00186/json</json>
    <xml>https://goldbook.iupac.org/terms/view/A00186/xml</xml>
    <plain>https://goldbook.iupac.org/terms/view/A00186/plain</plain>
  </links>
  <citation>Citation: 'agonist' in IUPAC Compendium of Chemical Terminology, 5th ed. International Union of Pure and Applied Chemistry; 2025. Online version 5.0.0, 2025. 10.1351/goldbook.A00186</citation>
  <license>The IUPAC Gold Book is licensed under Creative Commons Attribution-ShareAlike CC BY-SA 4.0 International (https://creativecommons.org/licenses/by-sa/4.0/) for individual terms.</license>
  <collection>If you are interested in licensing the Gold Book for commercial use, please contact the IUPAC Executive Director at executivedirector@iupac.org .</collection>
  <disclaimer>The International Union of Pure and Applied Chemistry (IUPAC) is continuously reviewing and, where needed, updating terms in the Compendium of Chemical Terminology (the IUPAC Gold Book). Users of these terms are encouraged to include the version of a term with its use and to check regularly for updates to term definitions that you are using.</disclaimer>
  <accessed>2025-02-25T06:45:53+00:00</accessed>
</term>
