<?xml version="1.0" encoding="UTF-8"?>
<term>
  <id>00136</id>
  <doi>10.1351/goldbook.A00136</doi>
  <code>A00136</code>
  <status>current</status>
  <longtitle>IUPAC Gold Book - additivity of mass spectra</longtitle>
  <title>additivity</title>
  <termversion>2.3.3</termversion>
  <lastupdated>2014-02-24</lastupdated>
  <definitions>
    <item>
      <id>1</id>
      <text>The process by which each chemical species present in the ion source at a certain partial pressure makes a contribution to the total mass spectrum which is the same as that which it would give if that chemical species alone were present in the ion source at a pressure equal to this certain partial pressure.</text>
      <contexts>
        <of>
          <item>mass spectra</item>
        </of>
      </contexts>
      <links>
        <item>
          <title>partial pressure</title>
          <url>https://goldbook.iupac.org/terms/view/P04420</url>
        </item>
        <item>
          <title>mass spectrum</title>
          <url>https://goldbook.iupac.org/terms/view/M03749</url>
        </item>
      </links>
      <sources>
        <item>Orange Book, 2nd ed., p. 206 (https://media.iupac.org/publications/analytical_compendium/)</item>
      </sources>
    </item>
  </definitions>
  <links>
    <html>https://goldbook.iupac.org/terms/view/A00136/html</html>
    <json>https://goldbook.iupac.org/terms/view/A00136/json</json>
    <xml>https://goldbook.iupac.org/terms/view/A00136/xml</xml>
    <plain>https://goldbook.iupac.org/terms/view/A00136/plain</plain>
  </links>
  <citation>Citation: 'additivity' in IUPAC Compendium of Chemical Terminology, 5th ed. International Union of Pure and Applied Chemistry; 2025. Online version 5.0.0, 2025. 10.1351/goldbook.A00136</citation>
  <license>The IUPAC Gold Book is licensed under Creative Commons Attribution-ShareAlike CC BY-SA 4.0 International (https://creativecommons.org/licenses/by-sa/4.0/) for individual terms.</license>
  <collection>If you are interested in licensing the Gold Book for commercial use, please contact the IUPAC Executive Director at executivedirector@iupac.org .</collection>
  <disclaimer>The International Union of Pure and Applied Chemistry (IUPAC) is continuously reviewing and, where needed, updating terms in the Compendium of Chemical Terminology (the IUPAC Gold Book). Users of these terms are encouraged to include the version of a term with its use and to check regularly for updates to term definitions that you are using.</disclaimer>
  <accessed>2025-02-25T06:43:21+00:00</accessed>
</term>
