<?xml version="1.0" encoding="UTF-8"?>
<term>
  <id>00150</id>
  <doi>10.1351/goldbook.A00150</doi>
  <code>A00150</code>
  <status>current</status>
  <longtitle>IUPAC Gold Book - adjuvant</longtitle>
  <title>adjuvant</title>
  <termversion>2.3.3</termversion>
  <lastupdated>2014-02-24</lastupdated>
  <definitions>
    <item>
      <id>1</id>
      <text>A substance added to a drug to speed or increase the action of the main component.</text>
      <contexts>
        <in>
          <item>pharmacology</item>
        </in>
      </contexts>
      <links>
        <item>
          <title>drug</title>
          <url>https://goldbook.iupac.org/terms/view/D01863</url>
        </item>
      </links>
    </item>
    <item>
      <id>2</id>
      <text>A substance (such as aluminium hydroxide) or an organism (such as bovine tuberculosis bacillus) which increases the response to an antigen.</text>
      <contexts>
        <in>
          <item>immunology</item>
        </in>
      </contexts>
      <links>
        <item>
          <title>antigen</title>
          <url>https://goldbook.iupac.org/terms/view/A00394</url>
        </item>
      </links>
    </item>
  </definitions>
  <sources>'Glossary for chemists of terms used in toxicology (IUPAC Recommendations 1993)' Duffus, J.; Pure and Applied Chemistry 1993 65(9) 2003</sources>
  <links>
    <html>https://goldbook.iupac.org/terms/view/A00150/html</html>
    <json>https://goldbook.iupac.org/terms/view/A00150/json</json>
    <xml>https://goldbook.iupac.org/terms/view/A00150/xml</xml>
    <plain>https://goldbook.iupac.org/terms/view/A00150/plain</plain>
  </links>
  <citation>Citation: 'adjuvant' in IUPAC Compendium of Chemical Terminology, 5th ed. International Union of Pure and Applied Chemistry; 2025. Online version 5.0.0, 2025. 10.1351/goldbook.A00150</citation>
  <license>The IUPAC Gold Book is licensed under Creative Commons Attribution-ShareAlike CC BY-SA 4.0 International (https://creativecommons.org/licenses/by-sa/4.0/) for individual terms.</license>
  <collection>If you are interested in licensing the Gold Book for commercial use, please contact the IUPAC Executive Director at executivedirector@iupac.org .</collection>
  <disclaimer>The International Union of Pure and Applied Chemistry (IUPAC) is continuously reviewing and, where needed, updating terms in the Compendium of Chemical Terminology (the IUPAC Gold Book). Users of these terms are encouraged to include the version of a term with its use and to check regularly for updates to term definitions that you are using.</disclaimer>
  <accessed>2025-02-25T06:44:02+00:00</accessed>
</term>
