<?xml version="1.0" encoding="UTF-8"?>
<term>
  <id>00179</id>
  <doi>10.1351/goldbook.A00179</doi>
  <code>A00179</code>
  <status>current</status>
  <longtitle>IUPAC Gold Book - after mass analysis, in mass spectrometry</longtitle>
  <title>after mass analysis</title>
  <termversion>2.0.2</termversion>
  <lastupdated>2008-10-07</lastupdated>
  <definitions>
    <item>
      <id>1</id>
      <text>The sum of all the separate ion currents carried by the different ions contributing to the spectrum.</text>
      <contexts>
        <in>
          <item>mass spectrometry</item>
        </in>
      </contexts>
      <sources>
        <item>Orange Book, 2nd ed., p. 206 (https://media.iupac.org/publications/analytical_compendium/)</item>
      </sources>
    </item>
  </definitions>
  <links>
    <html>https://goldbook.iupac.org/terms/view/A00179/html</html>
    <json>https://goldbook.iupac.org/terms/view/A00179/json</json>
    <xml>https://goldbook.iupac.org/terms/view/A00179/xml</xml>
    <plain>https://goldbook.iupac.org/terms/view/A00179/plain</plain>
  </links>
  <citation>Citation: 'after mass analysis' in IUPAC Compendium of Chemical Terminology, 5th ed. International Union of Pure and Applied Chemistry; 2025. Online version 5.0.0, 2025. 10.1351/goldbook.A00179</citation>
  <license>The IUPAC Gold Book is licensed under Creative Commons Attribution-ShareAlike CC BY-SA 4.0 International (https://creativecommons.org/licenses/by-sa/4.0/) for individual terms.</license>
  <collection>If you are interested in licensing the Gold Book for commercial use, please contact the IUPAC Executive Director at executivedirector@iupac.org .</collection>
  <disclaimer>The International Union of Pure and Applied Chemistry (IUPAC) is continuously reviewing and, where needed, updating terms in the Compendium of Chemical Terminology (the IUPAC Gold Book). Users of these terms are encouraged to include the version of a term with its use and to check regularly for updates to term definitions that you are using.</disclaimer>
  <accessed>2025-02-25T06:45:26+00:00</accessed>
</term>
