<?xml version="1.0" encoding="UTF-8"?>
<term>
  <id>00157</id>
  <doi>10.1351/goldbook.A00157</doi>
  <code>A00157</code>
  <status>current</status>
  <longtitle>IUPAC Gold Book - adsorption chromatography</longtitle>
  <title>adsorption chromatography</title>
  <termversion>2.3.3</termversion>
  <lastupdated>2014-02-24</lastupdated>
  <definitions>
    <item>
      <id>1</id>
      <text>Chromatography in which separation is based mainly on differences between the adsorption affinities of the sample components for the surface of an active solid.</text>
      <links>
        <item>
          <title>chromatography</title>
          <url>https://goldbook.iupac.org/terms/view/C01075</url>
        </item>
        <item>
          <title>active solid</title>
          <url>https://goldbook.iupac.org/terms/view/A00109</url>
        </item>
      </links>
      <sources>
        <item>Orange Book, 2nd ed., p. 94 (https://media.iupac.org/publications/analytical_compendium/)</item>
        <item>PAC, 1993, 65, 819. 'Nomenclature for chromatography (IUPAC Recommendations 1993)' on page 826 (https://doi.org/10.1351/pac199365040819)</item>
      </sources>
    </item>
  </definitions>
  <links>
    <html>https://goldbook.iupac.org/terms/view/A00157/html</html>
    <json>https://goldbook.iupac.org/terms/view/A00157/json</json>
    <xml>https://goldbook.iupac.org/terms/view/A00157/xml</xml>
    <plain>https://goldbook.iupac.org/terms/view/A00157/plain</plain>
  </links>
  <citation>Citation: 'adsorption chromatography' in IUPAC Compendium of Chemical Terminology, 5th ed. International Union of Pure and Applied Chemistry; 2025. Online version 5.0.0, 2025. 10.1351/goldbook.A00157</citation>
  <license>The IUPAC Gold Book is licensed under Creative Commons Attribution-ShareAlike CC BY-SA 4.0 International (https://creativecommons.org/licenses/by-sa/4.0/) for individual terms.</license>
  <collection>If you are interested in licensing the Gold Book for commercial use, please contact the IUPAC Executive Director at executivedirector@iupac.org .</collection>
  <disclaimer>The International Union of Pure and Applied Chemistry (IUPAC) is continuously reviewing and, where needed, updating terms in the Compendium of Chemical Terminology (the IUPAC Gold Book). Users of these terms are encouraged to include the version of a term with its use and to check regularly for updates to term definitions that you are using.</disclaimer>
  <accessed>2025-02-25T06:44:23+00:00</accessed>
</term>
