<?xml version="1.0" encoding="UTF-8"?>
<term>
  <id>00143</id>
  <doi>10.1351/goldbook.A00143</doi>
  <code>A00143</code>
  <status>current</status>
  <longtitle>IUPAC Gold Book - adiabatic ionization in mass spectrometry</longtitle>
  <title>adiabatic ionization</title>
  <termversion>2.3.3</termversion>
  <lastupdated>2014-02-24</lastupdated>
  <definitions>
    <item>
      <id>1</id>
      <text>A process whereby an electron is either removed from or added to an atom or molecule producing an ion in its ground state.</text>
      <contexts>
        <in>
          <item>mass spectrometry</item>
        </in>
      </contexts>
      <links>
        <item>
          <title>ground state</title>
          <url>https://goldbook.iupac.org/terms/view/G02704</url>
        </item>
      </links>
      <sources>
        <item>PAC, 1991, 63, 1541. 'Recommendations for nomenclature and symbolism for mass spectroscopy (including an appendix of terms used in vacuum technology). (Recommendations 1991)' on page 1547 (https://doi.org/10.1351/pac199163101541)</item>
      </sources>
    </item>
  </definitions>
  <referencedin>
    <item>
      <title>Wikipedia - Ionización (es)</title>
      <url>https://es.wikipedia.org/wiki/Ionización</url>
    </item>
    <item>
      <title>Wikipedia - Ionization (en)</title>
      <url>https://en.wikipedia.org/wiki/Ionization</url>
    </item>
    <item>
      <title>Wikipedia - আয়নন (bn)</title>
      <url>https://bn.wikipedia.org/wiki/আয়নন</url>
    </item>
    <item>
      <title>Wikipedia - আয়নিকরণ (bn)</title>
      <url>https://bn.wikipedia.org/wiki/আয়নিকরণ</url>
    </item>
    <item>
      <title>Wikipedia - అయనీకరణం (te)</title>
      <url>https://te.wikipedia.org/wiki/అయనీకరణం</url>
    </item>
  </referencedin>
  <links>
    <html>https://goldbook.iupac.org/terms/view/A00143/html</html>
    <json>https://goldbook.iupac.org/terms/view/A00143/json</json>
    <xml>https://goldbook.iupac.org/terms/view/A00143/xml</xml>
    <plain>https://goldbook.iupac.org/terms/view/A00143/plain</plain>
  </links>
  <citation>Citation: 'adiabatic ionization' in IUPAC Compendium of Chemical Terminology, 5th ed. International Union of Pure and Applied Chemistry; 2025. Online version 5.0.0, 2025. 10.1351/goldbook.A00143</citation>
  <license>The IUPAC Gold Book is licensed under Creative Commons Attribution-ShareAlike CC BY-SA 4.0 International (https://creativecommons.org/licenses/by-sa/4.0/) for individual terms.</license>
  <collection>If you are interested in licensing the Gold Book for commercial use, please contact the IUPAC Executive Director at executivedirector@iupac.org .</collection>
  <disclaimer>The International Union of Pure and Applied Chemistry (IUPAC) is continuously reviewing and, where needed, updating terms in the Compendium of Chemical Terminology (the IUPAC Gold Book). Users of these terms are encouraged to include the version of a term with its use and to check regularly for updates to term definitions that you are using.</disclaimer>
  <accessed>2025-02-25T06:43:42+00:00</accessed>
</term>
