<?xml version="1.0" encoding="UTF-8"?>
<term>
  <id>00194</id>
  <doi>10.1351/goldbook.A00194</doi>
  <code>A00194</code>
  <status>current</status>
  <longtitle>IUPAC Gold Book - air pollutant</longtitle>
  <title>air pollutant</title>
  <termversion>2.3.3</termversion>
  <lastupdated>2014-02-24</lastupdated>
  <definitions>
    <item>
      <id>1</id>
      <text>A substance, gaseous material or aerosol which has been introduced into the air (either by human activity or by natural processes) in sufficient concentration to produce a measurable effect on humans, animals, vegetation or materials (monuments, etc.): SO2, NO2, H2S, CO, hydrocarbons, etc.</text>
      <links>
        <item>
          <title>aerosol</title>
          <url>https://goldbook.iupac.org/terms/view/A00176</url>
        </item>
        <item>
          <title>hydrocarbons</title>
          <url>https://goldbook.iupac.org/terms/view/H02889</url>
        </item>
      </links>
      <sources>
        <item>PAC, 1990, 62, 2167. 'Glossary of atmospheric chemistry terms (Recommendations 1990)' on page 2172 (https://doi.org/10.1351/pac199062112167)</item>
      </sources>
    </item>
  </definitions>
  <links>
    <html>https://goldbook.iupac.org/terms/view/A00194/html</html>
    <json>https://goldbook.iupac.org/terms/view/A00194/json</json>
    <xml>https://goldbook.iupac.org/terms/view/A00194/xml</xml>
    <plain>https://goldbook.iupac.org/terms/view/A00194/plain</plain>
  </links>
  <citation>Citation: 'air pollutant' in IUPAC Compendium of Chemical Terminology, 5th ed. International Union of Pure and Applied Chemistry; 2025. Online version 5.0.0, 2025. 10.1351/goldbook.A00194</citation>
  <license>The IUPAC Gold Book is licensed under Creative Commons Attribution-ShareAlike CC BY-SA 4.0 International (https://creativecommons.org/licenses/by-sa/4.0/) for individual terms.</license>
  <collection>If you are interested in licensing the Gold Book for commercial use, please contact the IUPAC Executive Director at executivedirector@iupac.org .</collection>
  <disclaimer>The International Union of Pure and Applied Chemistry (IUPAC) is continuously reviewing and, where needed, updating terms in the Compendium of Chemical Terminology (the IUPAC Gold Book). Users of these terms are encouraged to include the version of a term with its use and to check regularly for updates to term definitions that you are using.</disclaimer>
  <accessed>2025-02-25T06:46:12+00:00</accessed>
</term>
