<?xml version="1.0" encoding="UTF-8"?>
<term>
  <id>00142</id>
  <doi>10.1351/goldbook.A00142</doi>
  <code>A00142</code>
  <status>current</status>
  <longtitle>IUPAC Gold Book - adiabatic electron transfer</longtitle>
  <title>adiabatic electron transfer</title>
  <termversion>2.3.3</termversion>
  <lastupdated>2014-02-24</lastupdated>
  <definitions>
    <item>
      <id>1</id>
      <text>Electron transfer process in which the reacting system remains on a single electronic surface in passing from reactants to products. For adiabaticelectron transfer the electronic transmission factor is close to unity.</text>
      <links>
        <item>
          <title>diabatic electron transfer</title>
          <url>https://goldbook.iupac.org/terms/view/D01659</url>
        </item>
        <item>
          <title>diabatic electron transfer</title>
          <url>https://goldbook.iupac.org/terms/view/D01659</url>
        </item>
        <item>
          <title>electron transfer</title>
          <url>https://goldbook.iupac.org/terms/view/E02011</url>
        </item>
        <item>
          <title>diabatic electron transfer</title>
          <url>https://goldbook.iupac.org/terms/view/D01659</url>
        </item>
        <item>
          <title>electron transfer</title>
          <url>https://goldbook.iupac.org/terms/view/E02011</url>
        </item>
        <item>
          <title>adiabatic</title>
          <url>https://goldbook.iupac.org/terms/view/A00141</url>
        </item>
        <item>
          <title>transmission factor</title>
          <url>https://goldbook.iupac.org/terms/view/T06482</url>
        </item>
        <item>
          <title>diabatic electron transfer</title>
          <url>https://goldbook.iupac.org/terms/view/D01659</url>
        </item>
        <item>
          <title>electron transfer</title>
          <url>https://goldbook.iupac.org/terms/view/E02011</url>
        </item>
        <item>
          <title>adiabatic</title>
          <url>https://goldbook.iupac.org/terms/view/A00141</url>
        </item>
        <item>
          <title>transmission factor</title>
          <url>https://goldbook.iupac.org/terms/view/T06482</url>
        </item>
        <item>
          <title>Marcus equation</title>
          <url>https://goldbook.iupac.org/terms/view/M03702</url>
        </item>
      </links>
      <sources>
        <item>PAC, 1996, 68, 2223. 'Glossary of terms used in photochemistry (IUPAC Recommendations 1996)' on page 2227 (https://doi.org/10.1351/pac199668122223)</item>
      </sources>
    </item>
  </definitions>
  <links>
    <html>https://goldbook.iupac.org/terms/view/A00142/html</html>
    <json>https://goldbook.iupac.org/terms/view/A00142/json</json>
    <xml>https://goldbook.iupac.org/terms/view/A00142/xml</xml>
    <plain>https://goldbook.iupac.org/terms/view/A00142/plain</plain>
  </links>
  <citation>Citation: 'adiabatic electron transfer' in IUPAC Compendium of Chemical Terminology, 5th ed. International Union of Pure and Applied Chemistry; 2025. Online version 5.0.0, 2025. 10.1351/goldbook.A00142</citation>
  <license>The IUPAC Gold Book is licensed under Creative Commons Attribution-ShareAlike CC BY-SA 4.0 International (https://creativecommons.org/licenses/by-sa/4.0/) for individual terms.</license>
  <collection>If you are interested in licensing the Gold Book for commercial use, please contact the IUPAC Executive Director at executivedirector@iupac.org .</collection>
  <disclaimer>The International Union of Pure and Applied Chemistry (IUPAC) is continuously reviewing and, where needed, updating terms in the Compendium of Chemical Terminology (the IUPAC Gold Book). Users of these terms are encouraged to include the version of a term with its use and to check regularly for updates to term definitions that you are using.</disclaimer>
  <accessed>2025-02-25T06:43:39+00:00</accessed>
</term>
