<?xml version="1.0" encoding="UTF-8"?>
<term>
  <id>00190</id>
  <doi>10.1351/goldbook.A00190</doi>
  <code>A00190</code>
  <status>current</status>
  <longtitle>IUPAC Gold Book - air contaminant in atmospheric chemistry</longtitle>
  <title>air contaminant</title>
  <termversion>2.3.3</termversion>
  <lastupdated>2014-02-24</lastupdated>
  <definitions>
    <item>
      <id>1</id>
      <text>A substance, gaseous material or aerosol, which is present in an air mass at levels greater than in clean air. An air contaminant has been added commonly by anthropogenic activity.</text>
      <contexts>
        <in>
          <item>atmospheric chemistry</item>
        </in>
      </contexts>
      <links>
        <item>
          <title>air pollutant</title>
          <url>https://goldbook.iupac.org/terms/view/A00194</url>
        </item>
        <item>
          <title>air pollutant</title>
          <url>https://goldbook.iupac.org/terms/view/A00194</url>
        </item>
        <item>
          <title>aerosol</title>
          <url>https://goldbook.iupac.org/terms/view/A00176</url>
        </item>
      </links>
      <sources>
        <item>PAC, 1990, 62, 2167. 'Glossary of atmospheric chemistry terms (Recommendations 1990)' on page 2182 (https://doi.org/10.1351/pac199062112167)</item>
      </sources>
    </item>
  </definitions>
  <referencedin>
    <item>
      <title>Wikipedia - تلوث الهواء (ar)</title>
      <url>https://ar.wikipedia.org/wiki/تلوث_الهواء</url>
    </item>
  </referencedin>
  <links>
    <html>https://goldbook.iupac.org/terms/view/A00190/html</html>
    <json>https://goldbook.iupac.org/terms/view/A00190/json</json>
    <xml>https://goldbook.iupac.org/terms/view/A00190/xml</xml>
    <plain>https://goldbook.iupac.org/terms/view/A00190/plain</plain>
  </links>
  <citation>Citation: 'air contaminant' in IUPAC Compendium of Chemical Terminology, 5th ed. International Union of Pure and Applied Chemistry; 2025. Online version 5.0.0, 2025. 10.1351/goldbook.A00190</citation>
  <license>The IUPAC Gold Book is licensed under Creative Commons Attribution-ShareAlike CC BY-SA 4.0 International (https://creativecommons.org/licenses/by-sa/4.0/) for individual terms.</license>
  <collection>If you are interested in licensing the Gold Book for commercial use, please contact the IUPAC Executive Director at executivedirector@iupac.org .</collection>
  <disclaimer>The International Union of Pure and Applied Chemistry (IUPAC) is continuously reviewing and, where needed, updating terms in the Compendium of Chemical Terminology (the IUPAC Gold Book). Users of these terms are encouraged to include the version of a term with its use and to check regularly for updates to term definitions that you are using.</disclaimer>
  <accessed>2025-02-25T06:46:05+00:00</accessed>
</term>
