<?xml version="1.0" encoding="UTF-8"?>
<term>
  <id>00191</id>
  <doi>10.1351/goldbook.A00191</doi>
  <code>A00191</code>
  <status>current</status>
  <longtitle>IUPAC Gold Book - air-lift bioreactor</longtitle>
  <title>air-lift bioreactor</title>
  <termversion>2.3.3</termversion>
  <lastupdated>2014-02-24</lastupdated>
  <definitions>
    <item>
      <id>1</id>
      <text>A bioreactor in which the reaction medium is kept mixed and gassed by introduction of air or another gas (mixture) at the base of a column-like reactor equipped either with a draught tube or another device (e.g. external tube) by which the reactor volume is separated into a gassed and an ungassed region thus generating a vertically circulating flow.</text>
      <links>
        <item>
          <title>bioreactor</title>
          <url>https://goldbook.iupac.org/terms/view/B00662</url>
        </item>
      </links>
      <sources>
        <item>PAC, 1992, 64, 143. 'Glossary for chemists of terms used in biotechnology (IUPAC Recommendations 1992)' on page 146 (https://doi.org/10.1351/pac199264010143)</item>
      </sources>
    </item>
  </definitions>
  <links>
    <html>https://goldbook.iupac.org/terms/view/A00191/html</html>
    <json>https://goldbook.iupac.org/terms/view/A00191/json</json>
    <xml>https://goldbook.iupac.org/terms/view/A00191/xml</xml>
    <plain>https://goldbook.iupac.org/terms/view/A00191/plain</plain>
  </links>
  <citation>Citation: 'air-lift bioreactor' in IUPAC Compendium of Chemical Terminology, 5th ed. International Union of Pure and Applied Chemistry; 2025. Online version 5.0.0, 2025. 10.1351/goldbook.A00191</citation>
  <license>The IUPAC Gold Book is licensed under Creative Commons Attribution-ShareAlike CC BY-SA 4.0 International (https://creativecommons.org/licenses/by-sa/4.0/) for individual terms.</license>
  <collection>If you are interested in licensing the Gold Book for commercial use, please contact the IUPAC Executive Director at executivedirector@iupac.org .</collection>
  <disclaimer>The International Union of Pure and Applied Chemistry (IUPAC) is continuously reviewing and, where needed, updating terms in the Compendium of Chemical Terminology (the IUPAC Gold Book). Users of these terms are encouraged to include the version of a term with its use and to check regularly for updates to term definitions that you are using.</disclaimer>
  <accessed>2025-02-25T06:46:29+00:00</accessed>
</term>
