<?xml version="1.0" encoding="UTF-8"?>
<term>
  <id>00176</id>
  <doi>10.1351/goldbook.A00176</doi>
  <code>A00176</code>
  <status>current</status>
  <longtitle>IUPAC Gold Book - aerosol</longtitle>
  <title>aerosol</title>
  <termversion>2.3.3</termversion>
  <lastupdated>2014-02-24</lastupdated>
  <definitions>
    <item>
      <id>1</id>
      <text>Sol in which the dispersed phase is a solid, a liquid or a mixture of both and the continuous phase is a gas (usually air).</text>
      <notes>
        <item>Owing to their size, the particles of the dispersed phase have a comparatively small settling velocity and hence exhibit some degree of stability in the earth's gravitational field.</item>
        <item>An aerosol can be characterized by its chemical composition, its radioactivity (if any), the particle size distribution, the electrical charge and the optical properties.</item>
        <item>Modified from previous definition, within which particles with equivalent diameters usually between 0.01 and 100 µm are specified. This extends beyond the size range specified for a colloidal system. To avoid confusion the definition proposed here is recommended.</item>
      </notes>
      <links>
        <item>
          <title>sol</title>
          <url>https://goldbook.iupac.org/terms/view/S05727</url>
        </item>
        <item>
          <title>settling velocity</title>
          <url>https://goldbook.iupac.org/terms/view/S05631</url>
        </item>
        <item>
          <title>radioactivity</title>
          <url>https://goldbook.iupac.org/terms/view/R05092</url>
        </item>
        <item>
          <title>colloidal</title>
          <url>https://goldbook.iupac.org/terms/view/C01172</url>
        </item>
      </links>
      <math>
        <item>
          <meaning>Length</meaning>
          <type>numeric value</type>
          <alttext>0.01</alttext>
          <latex>0.01</latex>
        </item>
        <item>
          <meaning>Length</meaning>
          <type>numeric value with unit</type>
          <alttext>100 µm</alttext>
          <latex>100\ \unicode[Times]{x3BC}\text{m}</latex>
        </item>
      </math>
      <sources>
        <item>PAC, 2007, 79, 1801. 'Definitions of terms relating to the structure and processing of sols, gels, networks, and inorganic-organic hybrid materials (IUPAC Recommendations 2007)' on page 1805 (https://doi.org/10.1351/pac200779101801)</item>
      </sources>
    </item>
  </definitions>
  <referencedin>
    <item>
      <title>Wikipedia - Aerosol (it)</title>
      <url>https://it.wikipedia.org/wiki/Aerosol</url>
    </item>
    <item>
      <title>Wikipedia - Aeroszol (hu)</title>
      <url>https://hu.wikipedia.org/wiki/Aeroszol</url>
    </item>
    <item>
      <title>Wikipedia - Aerozol (pl)</title>
      <url>https://pl.wikipedia.org/wiki/Aerozol</url>
    </item>
    <item>
      <title>Wikipedia - Bioaeroszol (hu)</title>
      <url>https://hu.wikipedia.org/wiki/Bioaeroszol</url>
    </item>
    <item>
      <title>Wikipedia - エアロゾル (ja)</title>
      <url>https://ja.wikipedia.org/wiki/エアロゾル</url>
    </item>
  </referencedin>
  <links>
    <html>https://goldbook.iupac.org/terms/view/A00176/html</html>
    <json>https://goldbook.iupac.org/terms/view/A00176/json</json>
    <xml>https://goldbook.iupac.org/terms/view/A00176/xml</xml>
    <plain>https://goldbook.iupac.org/terms/view/A00176/plain</plain>
  </links>
  <citation>Citation: 'aerosol' in IUPAC Compendium of Chemical Terminology, 5th ed. International Union of Pure and Applied Chemistry; 2025. Online version 5.0.0, 2025. 10.1351/goldbook.A00176</citation>
  <license>The IUPAC Gold Book is licensed under Creative Commons Attribution-ShareAlike CC BY-SA 4.0 International (https://creativecommons.org/licenses/by-sa/4.0/) for individual terms.</license>
  <collection>If you are interested in licensing the Gold Book for commercial use, please contact the IUPAC Executive Director at executivedirector@iupac.org .</collection>
  <disclaimer>The International Union of Pure and Applied Chemistry (IUPAC) is continuously reviewing and, where needed, updating terms in the Compendium of Chemical Terminology (the IUPAC Gold Book). Users of these terms are encouraged to include the version of a term with its use and to check regularly for updates to term definitions that you are using.</disclaimer>
  <accessed>2025-02-25T06:45:13+00:00</accessed>
</term>
