<?xml version="1.0" encoding="UTF-8"?>
<term>
  <id>00121</id>
  <doi>10.1351/goldbook.A00121</doi>
  <code>A00121</code>
  <status>current</status>
  <longtitle>IUPAC Gold Book - acyl carbenes</longtitle>
  <title>acyl carbenes</title>
  <termversion>2.3.3</termversion>
  <lastupdated>2014-02-24</lastupdated>
  <definitions>
    <item>
      <id>1</id>
      <text>Any compound [image: Not defined]. In organic chemistry, an unspecified acyl carbene is commonly a carboxylic acyl carbene, [image: Not defined].</text>
      <chemicals>
        <item>
          <type>chemimage</type>
          <title>Not defined</title>
          <file>https://goldbook.iupac.org/img/inline/A00121-1.png</file>
        </item>
        <item>
          <type>chemimage</type>
          <title>Not defined</title>
          <file>https://goldbook.iupac.org/img/inline/A00121-2.png</file>
        </item>
      </chemicals>
      <sources>
        <item>PAC, 1995, 67, 1307. 'Glossary of class names of organic compounds and reactivity intermediates based on structure (IUPAC Recommendations 1995)' on page 1311 (https://doi.org/10.1351/pac199567081307)</item>
      </sources>
    </item>
  </definitions>
  <referencedin>
    <item>
      <title>Wikipedia - Reacción de Arndt-Eistert (es)</title>
      <url>https://es.wikipedia.org/wiki/Reacción_de_Arndt-Eistert</url>
    </item>
  </referencedin>
  <links>
    <html>https://goldbook.iupac.org/terms/view/A00121/html</html>
    <json>https://goldbook.iupac.org/terms/view/A00121/json</json>
    <xml>https://goldbook.iupac.org/terms/view/A00121/xml</xml>
    <plain>https://goldbook.iupac.org/terms/view/A00121/plain</plain>
  </links>
  <citation>Citation: 'acyl carbenes' in IUPAC Compendium of Chemical Terminology, 5th ed. International Union of Pure and Applied Chemistry; 2025. Online version 5.0.0, 2025. 10.1351/goldbook.A00121</citation>
  <license>The IUPAC Gold Book is licensed under Creative Commons Attribution-ShareAlike CC BY-SA 4.0 International (https://creativecommons.org/licenses/by-sa/4.0/) for individual terms.</license>
  <collection>If you are interested in licensing the Gold Book for commercial use, please contact the IUPAC Executive Director at executivedirector@iupac.org .</collection>
  <disclaimer>The International Union of Pure and Applied Chemistry (IUPAC) is continuously reviewing and, where needed, updating terms in the Compendium of Chemical Terminology (the IUPAC Gold Book). Users of these terms are encouraged to include the version of a term with its use and to check regularly for updates to term definitions that you are using.</disclaimer>
  <accessed>2025-02-25T06:42:27+00:00</accessed>
</term>
