<?xml version="1.0" encoding="UTF-8"?>
<term>
  <id>00156</id>
  <doi>10.1351/goldbook.A00156</doi>
  <code>A00156</code>
  <status>current</status>
  <longtitle>IUPAC Gold Book - adsorption capacity</longtitle>
  <title>adsorption capacity</title>
  <termversion>2.3.3</termversion>
  <lastupdated>2014-02-24</lastupdated>
  <definitions>
    <item>
      <id>1</id>
      <text>For strongly adsorbed solutes of limited solubility, the value of the amount of adsorbed substance reached in a saturated solution is called the adsorption capacity of the adsorbent for a specific solute; its value depends also, in general, on the nature and, in the case of more than two components, on the relative composition of the bulk liquid.</text>
      <links>
        <item>
          <title>solubility</title>
          <url>https://goldbook.iupac.org/terms/view/S05740</url>
        </item>
        <item>
          <title>saturated solution</title>
          <url>https://goldbook.iupac.org/terms/view/S05471</url>
        </item>
        <item>
          <title>solubility</title>
          <url>https://goldbook.iupac.org/terms/view/S05740</url>
        </item>
        <item>
          <title>saturated solution</title>
          <url>https://goldbook.iupac.org/terms/view/S05471</url>
        </item>
        <item>
          <title>adsorbent</title>
          <url>https://goldbook.iupac.org/terms/view/A00153</url>
        </item>
      </links>
      <sources>
        <item>PAC, 1972, 31, 577. 'Manual of Symbols and Terminology for Physicochemical Quantities and Units, Appendix II: Definitions, Terminology and Symbols in Colloid and Surface Chemistry' on page 594 (https://doi.org/10.1351/pac197231040577)</item>
      </sources>
    </item>
  </definitions>
  <links>
    <html>https://goldbook.iupac.org/terms/view/A00156/html</html>
    <json>https://goldbook.iupac.org/terms/view/A00156/json</json>
    <xml>https://goldbook.iupac.org/terms/view/A00156/xml</xml>
    <plain>https://goldbook.iupac.org/terms/view/A00156/plain</plain>
  </links>
  <citation>Citation: 'adsorption capacity' in IUPAC Compendium of Chemical Terminology, 5th ed. International Union of Pure and Applied Chemistry; 2025. Online version 5.0.0, 2025. 10.1351/goldbook.A00156</citation>
  <license>The IUPAC Gold Book is licensed under Creative Commons Attribution-ShareAlike CC BY-SA 4.0 International (https://creativecommons.org/licenses/by-sa/4.0/) for individual terms.</license>
  <collection>If you are interested in licensing the Gold Book for commercial use, please contact the IUPAC Executive Director at executivedirector@iupac.org .</collection>
  <disclaimer>The International Union of Pure and Applied Chemistry (IUPAC) is continuously reviewing and, where needed, updating terms in the Compendium of Chemical Terminology (the IUPAC Gold Book). Users of these terms are encouraged to include the version of a term with its use and to check regularly for updates to term definitions that you are using.</disclaimer>
  <accessed>2025-02-25T06:44:20+00:00</accessed>
</term>
