<?xml version="1.0" encoding="UTF-8"?>
<term>
  <id>00193</id>
  <doi>10.1351/goldbook.A00193</doi>
  <code>A00193</code>
  <status>current</status>
  <longtitle>IUPAC Gold Book - air monitoring station in atmospheric chemistry</longtitle>
  <title>air monitoring station</title>
  <abbrevs>
    <item>BAPMoN</item>
    <item>WMO</item>
  </abbrevs>
  <termversion>2.3.3</termversion>
  <lastupdated>2014-02-24</lastupdated>
  <definitions>
    <item>
      <id>1</id>
      <text>A site at which monitoring of the concentration of one or more pollutants is carried out (e.g. the BAPMoN stations, Background Air Pollution Monitoring Network of the WMO, World Meteorological Organization).</text>
      <contexts>
        <in>
          <item>atmospheric chemistry</item>
        </in>
      </contexts>
      <links>
        <item>
          <title>monitoring</title>
          <url>https://goldbook.iupac.org/terms/view/MT06831</url>
        </item>
        <item>
          <title>Air Pollution</title>
          <url>https://goldbook.iupac.org/terms/view/A00195</url>
        </item>
        <item>
          <title>Network</title>
          <url>https://goldbook.iupac.org/terms/view/NT07562</url>
        </item>
      </links>
      <sources>
        <item>PAC, 1990, 62, 2167. 'Glossary of atmospheric chemistry terms (Recommendations 1990)' on page 2172 (https://doi.org/10.1351/pac199062112167)</item>
      </sources>
    </item>
  </definitions>
  <links>
    <html>https://goldbook.iupac.org/terms/view/A00193/html</html>
    <json>https://goldbook.iupac.org/terms/view/A00193/json</json>
    <xml>https://goldbook.iupac.org/terms/view/A00193/xml</xml>
    <plain>https://goldbook.iupac.org/terms/view/A00193/plain</plain>
  </links>
  <citation>Citation: 'air monitoring station' in IUPAC Compendium of Chemical Terminology, 5th ed. International Union of Pure and Applied Chemistry; 2025. Online version 5.0.0, 2025. 10.1351/goldbook.A00193</citation>
  <license>The IUPAC Gold Book is licensed under Creative Commons Attribution-ShareAlike CC BY-SA 4.0 International (https://creativecommons.org/licenses/by-sa/4.0/) for individual terms.</license>
  <collection>If you are interested in licensing the Gold Book for commercial use, please contact the IUPAC Executive Director at executivedirector@iupac.org .</collection>
  <disclaimer>The International Union of Pure and Applied Chemistry (IUPAC) is continuously reviewing and, where needed, updating terms in the Compendium of Chemical Terminology (the IUPAC Gold Book). Users of these terms are encouraged to include the version of a term with its use and to check regularly for updates to term definitions that you are using.</disclaimer>
  <accessed>2025-02-25T06:46:10+00:00</accessed>
</term>
