<?xml version="1.0" encoding="UTF-8"?>
<term>
  <id>00182</id>
  <doi>10.1351/goldbook.A00182</doi>
  <code>A00182</code>
  <status>current</status>
  <longtitle>IUPAC Gold Book - agglomeration (except in polymer science)</longtitle>
  <title>agglomeration (except in polymer science)</title>
  <contains>coagulation, flocculation</contains>
  <termversion>2.3.3</termversion>
  <lastupdated>2014-02-24</lastupdated>
  <definitions>
    <item>
      <id>1</id>
      <text>Process of contact and adhesion whereby dispersed particles are held together by weak physical interactions ultimately leading to phase separation by the formation of precipitates of larger than colloidal size.</text>
      <notes>
        <item>Agglomeration is a reversible process.</item>
        <item>The definition proposed here is recommended for distinguishing agglomeration from aggregation.</item>
      </notes>
      <links>
        <item>
          <title>phase separation</title>
          <url>https://goldbook.iupac.org/terms/view/P04534</url>
        </item>
        <item>
          <title>colloidal</title>
          <url>https://goldbook.iupac.org/terms/view/C01172</url>
        </item>
      </links>
      <sources>
        <item>PAC, 2007, 79, 1801. 'Definitions of terms relating to the structure and processing of sols, gels, networks, and inorganic-organic hybrid materials (IUPAC Recommendations 2007)' on page 1821 (https://doi.org/10.1351/pac200779101801)</item>
      </sources>
    </item>
  </definitions>
  <referencedin>
    <item>
      <title>Wikipedia - Flocculation (en)</title>
      <url>https://en.wikipedia.org/wiki/Flocculation</url>
    </item>
    <item>
      <title>Wikipedia - Flokulasi (id)</title>
      <url>https://id.wikipedia.org/wiki/Flokulasi</url>
    </item>
    <item>
      <title>Wikipedia - Talk:Sodium silicate (en)</title>
      <url>https://en.wikipedia.org/wiki/Talk:Sodium_silicate</url>
    </item>
  </referencedin>
  <links>
    <html>https://goldbook.iupac.org/terms/view/A00182/html</html>
    <json>https://goldbook.iupac.org/terms/view/A00182/json</json>
    <xml>https://goldbook.iupac.org/terms/view/A00182/xml</xml>
    <plain>https://goldbook.iupac.org/terms/view/A00182/plain</plain>
  </links>
  <citation>Citation: 'agglomeration (except in polymer science)' in IUPAC Compendium of Chemical Terminology, 5th ed. International Union of Pure and Applied Chemistry; 2025. Online version 5.0.0, 2025. 10.1351/goldbook.A00182</citation>
  <license>The IUPAC Gold Book is licensed under Creative Commons Attribution-ShareAlike CC BY-SA 4.0 International (https://creativecommons.org/licenses/by-sa/4.0/) for individual terms.</license>
  <collection>If you are interested in licensing the Gold Book for commercial use, please contact the IUPAC Executive Director at executivedirector@iupac.org .</collection>
  <disclaimer>The International Union of Pure and Applied Chemistry (IUPAC) is continuously reviewing and, where needed, updating terms in the Compendium of Chemical Terminology (the IUPAC Gold Book). Users of these terms are encouraged to include the version of a term with its use and to check regularly for updates to term definitions that you are using.</disclaimer>
  <accessed>2025-02-25T06:45:36+00:00</accessed>
</term>
