<?xml version="1.0" encoding="UTF-8"?>
<term>
  <id>00133</id>
  <doi>10.1351/goldbook.A00133</doi>
  <code>A00133</code>
  <status>current</status>
  <longtitle>IUPAC Gold Book - addition reaction</longtitle>
  <title>addition reaction</title>
  <termversion>2.3.3</termversion>
  <lastupdated>2014-02-24</lastupdated>
  <definitions>
    <item>
      <id>1</id>
      <text>A chemical reaction of two or more reacting molecular entities, resulting in a single reaction product containing all atoms of all components, with formation of two chemical bonds and a net reduction in bond multiplicity in at least one of the reactants. The reverse process is called an elimination reaction. The addition may occur at only one site (α-addition, 1/1/addition), at two adjacent sites (1/2/addition) or at two non-adjacent sites (1/3/- or 1/4/addition, etc.). For example: [image: Not defined] [image: Not defined] If the reagent or the source of the addends of an addition are not specified, then it is called an addition transformation.</text>
      <chemicals>
        <item>
          <type>chemimage</type>
          <title>Not defined</title>
          <file>https://goldbook.iupac.org/img/inline/A00133-1.png</file>
        </item>
        <item>
          <type>chemimage</type>
          <title>Not defined</title>
          <file>https://goldbook.iupac.org/img/inline/A00133-2.png</file>
        </item>
      </chemicals>
      <links>
        <item>
          <title>addition</title>
          <url>https://goldbook.iupac.org/terms/view/A00132</url>
        </item>
        <item>
          <title>α-addition</title>
          <url>https://goldbook.iupac.org/terms/view/A00001</url>
        </item>
        <item>
          <title>cheletropic reaction</title>
          <url>https://goldbook.iupac.org/terms/view/C01014</url>
        </item>
        <item>
          <title>cycloaddition</title>
          <url>https://goldbook.iupac.org/terms/view/C01496</url>
        </item>
        <item>
          <title>addition</title>
          <url>https://goldbook.iupac.org/terms/view/A00132</url>
        </item>
        <item>
          <title>α-addition</title>
          <url>https://goldbook.iupac.org/terms/view/A00001</url>
        </item>
        <item>
          <title>cheletropic reaction</title>
          <url>https://goldbook.iupac.org/terms/view/C01014</url>
        </item>
        <item>
          <title>cycloaddition</title>
          <url>https://goldbook.iupac.org/terms/view/C01496</url>
        </item>
        <item>
          <title>chemical reaction</title>
          <url>https://goldbook.iupac.org/terms/view/C01033</url>
        </item>
        <item>
          <title>molecular</title>
          <url>https://goldbook.iupac.org/terms/view/M03986</url>
        </item>
        <item>
          <title>elimination</title>
          <url>https://goldbook.iupac.org/terms/view/E02038</url>
        </item>
        <item>
          <title>addition</title>
          <url>https://goldbook.iupac.org/terms/view/A00132</url>
        </item>
        <item>
          <title>α-addition</title>
          <url>https://goldbook.iupac.org/terms/view/A00001</url>
        </item>
        <item>
          <title>cheletropic reaction</title>
          <url>https://goldbook.iupac.org/terms/view/C01014</url>
        </item>
        <item>
          <title>cycloaddition</title>
          <url>https://goldbook.iupac.org/terms/view/C01496</url>
        </item>
        <item>
          <title>chemical reaction</title>
          <url>https://goldbook.iupac.org/terms/view/C01033</url>
        </item>
        <item>
          <title>molecular</title>
          <url>https://goldbook.iupac.org/terms/view/M03986</url>
        </item>
        <item>
          <title>elimination</title>
          <url>https://goldbook.iupac.org/terms/view/E02038</url>
        </item>
        <item>
          <title>reagent</title>
          <url>https://goldbook.iupac.org/terms/view/R05190</url>
        </item>
        <item>
          <title>transformation</title>
          <url>https://goldbook.iupac.org/terms/view/T06446</url>
        </item>
      </links>
      <sources>
        <item>PAC, 1994, 66, 1077. 'Glossary of terms used in physical organic chemistry (IUPAC Recommendations 1994)' on page 1081 (https://doi.org/10.1351/pac199466051077)</item>
      </sources>
    </item>
  </definitions>
  <referencedin>
    <item>
      <title>Wikipedia - Reacción de adición (es)</title>
      <url>https://es.wikipedia.org/wiki/Reacción_de_adición</url>
    </item>
    <item>
      <title>Wikipedia - Reazione di addizione (it)</title>
      <url>https://it.wikipedia.org/wiki/Reazione_di_addizione</url>
    </item>
    <item>
      <title>Wikipedia - Reação de adição (pt)</title>
      <url>https://pt.wikipedia.org/wiki/Reação_de_adição</url>
    </item>
    <item>
      <title>Wikipedia - תגובת סיפוח (he)</title>
      <url>https://he.wikipedia.org/wiki/תגובת_סיפוח</url>
    </item>
    <item>
      <title>Wikipedia - تفاعل إضافة (ar)</title>
      <url>https://ar.wikipedia.org/wiki/تفاعل_إضافة</url>
    </item>
  </referencedin>
  <links>
    <html>https://goldbook.iupac.org/terms/view/A00133/html</html>
    <json>https://goldbook.iupac.org/terms/view/A00133/json</json>
    <xml>https://goldbook.iupac.org/terms/view/A00133/xml</xml>
    <plain>https://goldbook.iupac.org/terms/view/A00133/plain</plain>
  </links>
  <citation>Citation: 'addition reaction' in IUPAC Compendium of Chemical Terminology, 5th ed. International Union of Pure and Applied Chemistry; 2025. Online version 5.0.0, 2025. 10.1351/goldbook.A00133</citation>
  <license>The IUPAC Gold Book is licensed under Creative Commons Attribution-ShareAlike CC BY-SA 4.0 International (https://creativecommons.org/licenses/by-sa/4.0/) for individual terms.</license>
  <collection>If you are interested in licensing the Gold Book for commercial use, please contact the IUPAC Executive Director at executivedirector@iupac.org .</collection>
  <disclaimer>The International Union of Pure and Applied Chemistry (IUPAC) is continuously reviewing and, where needed, updating terms in the Compendium of Chemical Terminology (the IUPAC Gold Book). Users of these terms are encouraged to include the version of a term with its use and to check regularly for updates to term definitions that you are using.</disclaimer>
  <accessed>2025-02-25T06:43:11+00:00</accessed>
</term>
