<?xml version="1.0" encoding="UTF-8"?>
<term>
  <id>00201</id>
  <doi>10.1351/goldbook.A00201</doi>
  <code>A00201</code>
  <status>current</status>
  <longtitle>IUPAC Gold Book - Aitken particles</longtitle>
  <title>Aitken particles</title>
  <termversion>2.0.2</termversion>
  <lastupdated>2008-10-07</lastupdated>
  <definitions>
    <item>
      <id>1</id>
      <text>Aerosol particles below 0.1 µm in diameter. These generally are the most numerous among all particles in the air. Their concentrations can be determined with the Aitken counter which measures total particle number density. Owing to their small size, Aitken particles contribute little to the total mass concentration of all aerosol particles; this is determined primarily by particles of diameter &gt; 0.1 µm.</text>
      <links>
        <item>
          <title>Aerosol</title>
          <url>https://goldbook.iupac.org/terms/view/A00176</url>
        </item>
        <item>
          <title>number density</title>
          <url>https://goldbook.iupac.org/terms/view/N04262</url>
        </item>
      </links>
      <math>
        <item>
          <alttext>0.1 µm</alttext>
          <latex>0.1\ \unicode[Times]{x3BC}\text{m}</latex>
        </item>
        <item>
          <alttext>&gt; 0.1 µm</alttext>
          <latex>&gt; 0.1\ \unicode[Times]{x3BC}\text{m}</latex>
        </item>
      </math>
      <sources>
        <item>PAC, 1990, 62, 2167. 'Glossary of atmospheric chemistry terms (Recommendations 1990)' on page 2173 (https://doi.org/10.1351/pac199062112167)</item>
      </sources>
    </item>
  </definitions>
  <links>
    <html>https://goldbook.iupac.org/terms/view/A00201/html</html>
    <json>https://goldbook.iupac.org/terms/view/A00201/json</json>
    <xml>https://goldbook.iupac.org/terms/view/A00201/xml</xml>
    <plain>https://goldbook.iupac.org/terms/view/A00201/plain</plain>
  </links>
  <citation>Citation: 'Aitken particles' in IUPAC Compendium of Chemical Terminology, 5th ed. International Union of Pure and Applied Chemistry; 2025. Online version 5.0.0, 2025. 10.1351/goldbook.A00201</citation>
  <license>The IUPAC Gold Book is licensed under Creative Commons Attribution-ShareAlike CC BY-SA 4.0 International (https://creativecommons.org/licenses/by-sa/4.0/) for individual terms.</license>
  <collection>If you are interested in licensing the Gold Book for commercial use, please contact the IUPAC Executive Director at executivedirector@iupac.org .</collection>
  <disclaimer>The International Union of Pure and Applied Chemistry (IUPAC) is continuously reviewing and, where needed, updating terms in the Compendium of Chemical Terminology (the IUPAC Gold Book). Users of these terms are encouraged to include the version of a term with its use and to check regularly for updates to term definitions that you are using.</disclaimer>
  <accessed>2025-02-25T06:46:32+00:00</accessed>
</term>
