<?xml version="1.0" encoding="UTF-8"?>
<term>
  <id>00269</id>
  <doi>10.1351/goldbook.A00269</doi>
  <code>A00269</code>
  <status>current</status>
  <longtitle>IUPAC Gold Book - amidrazones</longtitle>
  <title>amidrazones</title>
  <contains>amide hydrazones, hydrazide imides</contains>
  <termversion>2.3.3</termversion>
  <lastupdated>2014-02-24</lastupdated>
  <definitions>
    <item>
      <id>1</id>
      <text>Compounds having the structure RC(=NH)NHNH2 or RC(NH2)=NNH2 , formally derived from carboxylic acids. These tautomers are named hydrazide imides and amide hydrazones, respectively. Also included are N-hydrocarbyl derivatives.</text>
      <links>
        <item>
          <title>carboxylic acids</title>
          <url>https://goldbook.iupac.org/terms/view/C00852</url>
        </item>
      </links>
      <sources>
        <item>PAC, 1995, 67, 1307. 'Glossary of class names of organic compounds and reactivity intermediates based on structure (IUPAC Recommendations 1995)' on page 1316 (https://doi.org/10.1351/pac199567081307)</item>
      </sources>
    </item>
  </definitions>
  <referencedin>
    <item>
      <title>Wikipedia - Amidratsonit (fi)</title>
      <url>https://fi.wikipedia.org/wiki/Amidratsonit</url>
    </item>
    <item>
      <title>Wikipedia - Amidrazone (en)</title>
      <url>https://en.wikipedia.org/wiki/Amidrazone</url>
    </item>
    <item>
      <title>Wikipedia - آمیدرازون (fa)</title>
      <url>https://fa.wikipedia.org/wiki/آمیدرازون</url>
    </item>
    <item>
      <title>Wikipedia - أميدرازون (ar)</title>
      <url>https://ar.wikipedia.org/wiki/أميدرازون</url>
    </item>
  </referencedin>
  <links>
    <html>https://goldbook.iupac.org/terms/view/A00269/html</html>
    <json>https://goldbook.iupac.org/terms/view/A00269/json</json>
    <xml>https://goldbook.iupac.org/terms/view/A00269/xml</xml>
    <plain>https://goldbook.iupac.org/terms/view/A00269/plain</plain>
  </links>
  <citation>Citation: 'amidrazones' in IUPAC Compendium of Chemical Terminology, 5th ed. International Union of Pure and Applied Chemistry; 2025. Online version 5.0.0, 2025. 10.1351/goldbook.A00269</citation>
  <license>The IUPAC Gold Book is licensed under Creative Commons Attribution-ShareAlike CC BY-SA 4.0 International (https://creativecommons.org/licenses/by-sa/4.0/) for individual terms.</license>
  <collection>If you are interested in licensing the Gold Book for commercial use, please contact the IUPAC Executive Director at executivedirector@iupac.org .</collection>
  <disclaimer>The International Union of Pure and Applied Chemistry (IUPAC) is continuously reviewing and, where needed, updating terms in the Compendium of Chemical Terminology (the IUPAC Gold Book). Users of these terms are encouraged to include the version of a term with its use and to check regularly for updates to term definitions that you are using.</disclaimer>
  <accessed>2025-02-25T06:50:47+00:00</accessed>
</term>
