<?xml version="1.0" encoding="UTF-8"?>
<term>
  <id>00262</id>
  <doi>10.1351/goldbook.A00262</doi>
  <code>A00262</code>
  <status>current</status>
  <longtitle>IUPAC Gold Book - Ames/salmonella test</longtitle>
  <title>Ames/salmonella test</title>
  <termversion>2.3.3</termversion>
  <lastupdated>2014-02-24</lastupdated>
  <definitions>
    <item>
      <id>1</id>
      <text>A screening test employed in predicting the mutagenic and the potential carcinogenic activities of chemicals in the environment. It employs Ames test strains of salmonella bacteria (his-) which lack the ability to produce histidine. The compound to be tested, the bacteria and a small amount of histidine (insufficient to permit colony growth but enough to allow sufficient growth for expression of mutations) are added to agar. The bacteria are allowed to incubate for about 63 h at 37°C. If a significant increase in colonies above background is observed in the sample containing the test compound, then it is concluded that the chemical tested is a direct mutagen for the particular Ames strain of bacteria. This is taken as a qualitative indication of the possible carcinogenic activity of this chemical in other biological systems. This procedure seems to be of qualitative value in a preliminary screening of potential carcinogens.</text>
      <links>
        <item>
          <title>mutagen</title>
          <url>https://goldbook.iupac.org/terms/view/MT06833</url>
        </item>
        <item>
          <title>strain</title>
          <url>https://goldbook.iupac.org/terms/view/S06037</url>
        </item>
      </links>
      <math>
        <item>
          <alttext>63 h</alttext>
          <latex>63\ \text{h}</latex>
        </item>
        <item>
          <alttext>37°C</alttext>
          <latex>37\ ^{\,\unicode{x26ac}}\text{C}</latex>
        </item>
      </math>
      <sources>
        <item>PAC, 1990, 62, 2167. 'Glossary of atmospheric chemistry terms (Recommendations 1990)' on page 2173 (https://doi.org/10.1351/pac199062112167)</item>
      </sources>
    </item>
  </definitions>
  <links>
    <html>https://goldbook.iupac.org/terms/view/A00262/html</html>
    <json>https://goldbook.iupac.org/terms/view/A00262/json</json>
    <xml>https://goldbook.iupac.org/terms/view/A00262/xml</xml>
    <plain>https://goldbook.iupac.org/terms/view/A00262/plain</plain>
  </links>
  <citation>Citation: 'Ames/salmonella test' in IUPAC Compendium of Chemical Terminology, 5th ed. International Union of Pure and Applied Chemistry; 2025. Online version 5.0.0, 2025. 10.1351/goldbook.A00262</citation>
  <license>The IUPAC Gold Book is licensed under Creative Commons Attribution-ShareAlike CC BY-SA 4.0 International (https://creativecommons.org/licenses/by-sa/4.0/) for individual terms.</license>
  <collection>If you are interested in licensing the Gold Book for commercial use, please contact the IUPAC Executive Director at executivedirector@iupac.org .</collection>
  <disclaimer>The International Union of Pure and Applied Chemistry (IUPAC) is continuously reviewing and, where needed, updating terms in the Compendium of Chemical Terminology (the IUPAC Gold Book). Users of these terms are encouraged to include the version of a term with its use and to check regularly for updates to term definitions that you are using.</disclaimer>
  <accessed>2025-02-25T06:50:21+00:00</accessed>
</term>
