<?xml version="1.0" encoding="UTF-8"?>
<term>
  <id>00227</id>
  <doi>10.1351/goldbook.A00227</doi>
  <code>A00227</code>
  <status>current</status>
  <longtitle>IUPAC Gold Book - alkylenes</longtitle>
  <title>alkylenes</title>
  <termversion>2.3.3</termversion>
  <lastupdated>2014-02-24</lastupdated>
  <definitions>
    <item>
      <id>1</id>
      <text>An old term, which is not recommended, for alkenes, especially those of low molecular weight.</text>
      <links>
        <item>
          <title>alkene</title>
          <url>https://goldbook.iupac.org/terms/view/A00224</url>
        </item>
        <item>
          <title>alkene</title>
          <url>https://goldbook.iupac.org/terms/view/A00224</url>
        </item>
        <item>
          <title>molecular weight</title>
          <url>https://goldbook.iupac.org/terms/view/M04000</url>
        </item>
      </links>
    </item>
    <item>
      <id>2</id>
      <text>An old term for alkanediyl groups commonly but not necessarily having the free valencies on adjacent carbon atoms, e.g. –CH(CH3)CH2– propylene (systematically called propane-1,2-diyl).</text>
    </item>
  </definitions>
  <sources>'Glossary of class names of organic compounds and reactivity intermediates based on structure (IUPAC Recommendations 1995)' Moss, G.P.;Smith, P.A.S.;Tavernier, D.; Pure and Applied Chemistry 1995 67(8-9) 1307</sources>
  <links>
    <html>https://goldbook.iupac.org/terms/view/A00227/html</html>
    <json>https://goldbook.iupac.org/terms/view/A00227/json</json>
    <xml>https://goldbook.iupac.org/terms/view/A00227/xml</xml>
    <plain>https://goldbook.iupac.org/terms/view/A00227/plain</plain>
  </links>
  <citation>Citation: 'alkylenes' in IUPAC Compendium of Chemical Terminology, 5th ed. International Union of Pure and Applied Chemistry; 2025. Online version 5.0.0, 2025. 10.1351/goldbook.A00227</citation>
  <license>The IUPAC Gold Book is licensed under Creative Commons Attribution-ShareAlike CC BY-SA 4.0 International (https://creativecommons.org/licenses/by-sa/4.0/) for individual terms.</license>
  <collection>If you are interested in licensing the Gold Book for commercial use, please contact the IUPAC Executive Director at executivedirector@iupac.org .</collection>
  <disclaimer>The International Union of Pure and Applied Chemistry (IUPAC) is continuously reviewing and, where needed, updating terms in the Compendium of Chemical Terminology (the IUPAC Gold Book). Users of these terms are encouraged to include the version of a term with its use and to check regularly for updates to term definitions that you are using.</disclaimer>
  <accessed>2025-02-25T06:48:39+00:00</accessed>
</term>
