<?xml version="1.0" encoding="UTF-8"?>
<term>
  <id>00206</id>
  <doi>10.1351/goldbook.A00206</doi>
  <code>A00206</code>
  <status>current</status>
  <longtitle>IUPAC Gold Book - aldaric acids</longtitle>
  <title>aldaric acids</title>
  <termversion>2.3.3</termversion>
  <lastupdated>2014-02-24</lastupdated>
  <definitions>
    <item>
      <id>1</id>
      <text>Polyhydroxy dicarboxylic acids having the general formula HOC(=O)[CH(OH)]nC(=O)OH , formally derived from an aldose by oxidation of both terminal carbon atoms to carboxyl groups.</text>
      <links>
        <item>
          <title>aldose</title>
          <url>https://goldbook.iupac.org/terms/view/A00213</url>
        </item>
        <item>
          <title>aldose</title>
          <url>https://goldbook.iupac.org/terms/view/A00213</url>
        </item>
        <item>
          <title>oxidation</title>
          <url>https://goldbook.iupac.org/terms/view/O04362</url>
        </item>
      </links>
      <sources>
        <item>PAC, 1995, 67, 1307. 'Glossary of class names of organic compounds and reactivity intermediates based on structure (IUPAC Recommendations 1995)' on page 1312 (https://doi.org/10.1351/pac199567081307)</item>
        <item>White Book, 2nd ed., p. 142 (https://iupac.qmul.ac.uk/bibliog/white.html)</item>
      </sources>
    </item>
  </definitions>
  <referencedin>
    <item>
      <title>Wikipedia - Acidi aldarici (it)</title>
      <url>https://it.wikipedia.org/wiki/Acidi_aldarici</url>
    </item>
    <item>
      <title>Wikipedia - Aldaarihapot (fi)</title>
      <url>https://fi.wikipedia.org/wiki/Aldaarihapot</url>
    </item>
    <item>
      <title>Wikipedia - Aldaric acid (en)</title>
      <url>https://en.wikipedia.org/wiki/Aldaric_acid</url>
    </item>
    <item>
      <title>Wikipedia - Azucre ácido (gl)</title>
      <url>https://gl.wikipedia.org/wiki/Azucre_ácido</url>
    </item>
    <item>
      <title>Wikipedia - Diskussion:Hydroxygruppe (de)</title>
      <url>https://de.wikipedia.org/wiki/Diskussion:Hydroxygruppe</url>
    </item>
    <item>
      <title>Wikipedia - Kwasy aldarowe (pl)</title>
      <url>https://pl.wikipedia.org/wiki/Kwasy_aldarowe</url>
    </item>
    <item>
      <title>Wikipedia - Ácido aldárico (gl)</title>
      <url>https://gl.wikipedia.org/wiki/Ácido_aldárico</url>
    </item>
    <item>
      <title>Wikipedia - Ácido aldônico (pt)</title>
      <url>https://pt.wikipedia.org/wiki/Ácido_aldônico</url>
    </item>
    <item>
      <title>Wikipedia - Ácido de açúcar (pt)</title>
      <url>https://pt.wikipedia.org/wiki/Ácido_de_açúcar</url>
    </item>
    <item>
      <title>Wikipedia - Альдаровые кислоты (ru)</title>
      <url>https://ru.wikipedia.org/wiki/Альдаровые_кислоты</url>
    </item>
  </referencedin>
  <links>
    <html>https://goldbook.iupac.org/terms/view/A00206/html</html>
    <json>https://goldbook.iupac.org/terms/view/A00206/json</json>
    <xml>https://goldbook.iupac.org/terms/view/A00206/xml</xml>
    <plain>https://goldbook.iupac.org/terms/view/A00206/plain</plain>
  </links>
  <citation>Citation: 'aldaric acids' in IUPAC Compendium of Chemical Terminology, 5th ed. International Union of Pure and Applied Chemistry; 2025. Online version 5.0.0, 2025. 10.1351/goldbook.A00206</citation>
  <license>The IUPAC Gold Book is licensed under Creative Commons Attribution-ShareAlike CC BY-SA 4.0 International (https://creativecommons.org/licenses/by-sa/4.0/) for individual terms.</license>
  <collection>If you are interested in licensing the Gold Book for commercial use, please contact the IUPAC Executive Director at executivedirector@iupac.org .</collection>
  <disclaimer>The International Union of Pure and Applied Chemistry (IUPAC) is continuously reviewing and, where needed, updating terms in the Compendium of Chemical Terminology (the IUPAC Gold Book). Users of these terms are encouraged to include the version of a term with its use and to check regularly for updates to term definitions that you are using.</disclaimer>
  <accessed>2025-02-25T06:46:58+00:00</accessed>
</term>
