<?xml version="1.0" encoding="UTF-8"?>
<term>
  <id>00263</id>
  <doi>10.1351/goldbook.A00263</doi>
  <code>A00263</code>
  <status>current</status>
  <longtitle>IUPAC Gold Book - amic acids</longtitle>
  <title>amic acids</title>
  <termversion>2.0.2</termversion>
  <lastupdated>2008-10-07</lastupdated>
  <definitions>
    <item>
      <id>1</id>
      <text>Carbamoyl carboxylic acids, i.e. compounds containing a carboxy and a carboxamide group, e.g. 5-carbamoylnicotinic acid.</text>
      <notes>
        <item>In systematic nomenclature replacement of the '-ic' suffix of a dicarboxylic acid by '-amic' is limited to dicarboxylic acids that have a trivial name, e.g. HOC(=O)CH2C(=O)NH2 malonamic acid (2-carbamoylacetic acid).</item>
      </notes>
      <chemicals>
        <item>
          <type>formula</type>
          <title>Substance</title>
          <file>https://goldbook.iupac.org/img/inline/A00263.png</file>
        </item>
      </chemicals>
      <links>
        <item>
          <title>trivial name</title>
          <url>https://goldbook.iupac.org/terms/view/T06516</url>
        </item>
        <item>
          <title>carboxylic acids</title>
          <url>https://goldbook.iupac.org/terms/view/C00852</url>
        </item>
      </links>
      <sources>
        <item>PAC, 1995, 67, 1307. 'Glossary of class names of organic compounds and reactivity intermediates based on structure (IUPAC Recommendations 1995)' on page 1315 (https://doi.org/10.1351/pac199567081307)</item>
      </sources>
    </item>
  </definitions>
  <links>
    <html>https://goldbook.iupac.org/terms/view/A00263/html</html>
    <json>https://goldbook.iupac.org/terms/view/A00263/json</json>
    <xml>https://goldbook.iupac.org/terms/view/A00263/xml</xml>
    <plain>https://goldbook.iupac.org/terms/view/A00263/plain</plain>
  </links>
  <citation>Citation: 'amic acids' in IUPAC Compendium of Chemical Terminology, 5th ed. International Union of Pure and Applied Chemistry; 2025. Online version 5.0.0, 2025. 10.1351/goldbook.A00263</citation>
  <license>The IUPAC Gold Book is licensed under Creative Commons Attribution-ShareAlike CC BY-SA 4.0 International (https://creativecommons.org/licenses/by-sa/4.0/) for individual terms.</license>
  <collection>If you are interested in licensing the Gold Book for commercial use, please contact the IUPAC Executive Director at executivedirector@iupac.org .</collection>
  <disclaimer>The International Union of Pure and Applied Chemistry (IUPAC) is continuously reviewing and, where needed, updating terms in the Compendium of Chemical Terminology (the IUPAC Gold Book). Users of these terms are encouraged to include the version of a term with its use and to check regularly for updates to term definitions that you are using.</disclaimer>
  <accessed>2025-02-25T06:50:23+00:00</accessed>
</term>
