<?xml version="1.0" encoding="UTF-8"?>
<term>
  <id>00251</id>
  <doi>10.1351/goldbook.A00251</doi>
  <code>A00251</code>
  <status>current</status>
  <longtitle>IUPAC Gold Book - alternating copolymerization</longtitle>
  <title>alternating copolymerization</title>
  <termversion>2.3.3</termversion>
  <lastupdated>2014-02-24</lastupdated>
  <definitions>
    <item>
      <id>1</id>
      <text>A copolymerization in which an alternating copolymer is formed.</text>
      <links>
        <item>
          <title>copolymerization</title>
          <url>https://goldbook.iupac.org/terms/view/C01336</url>
        </item>
        <item>
          <title>alternating copolymer</title>
          <url>https://goldbook.iupac.org/terms/view/A00250</url>
        </item>
      </links>
      <sources>
        <item>PAC, 1996, 68, 2287. 'Glossary of basic terms in polymer science (IUPAC Recommendations 1996)' on page 2307 (https://doi.org/10.1351/pac199668122287)</item>
      </sources>
    </item>
  </definitions>
  <links>
    <html>https://goldbook.iupac.org/terms/view/A00251/html</html>
    <json>https://goldbook.iupac.org/terms/view/A00251/json</json>
    <xml>https://goldbook.iupac.org/terms/view/A00251/xml</xml>
    <plain>https://goldbook.iupac.org/terms/view/A00251/plain</plain>
  </links>
  <citation>Citation: 'alternating copolymerization' in IUPAC Compendium of Chemical Terminology, 5th ed. International Union of Pure and Applied Chemistry; 2025. Online version 5.0.0, 2025. 10.1351/goldbook.A00251</citation>
  <license>The IUPAC Gold Book is licensed under Creative Commons Attribution-ShareAlike CC BY-SA 4.0 International (https://creativecommons.org/licenses/by-sa/4.0/) for individual terms.</license>
  <collection>If you are interested in licensing the Gold Book for commercial use, please contact the IUPAC Executive Director at executivedirector@iupac.org .</collection>
  <disclaimer>The International Union of Pure and Applied Chemistry (IUPAC) is continuously reviewing and, where needed, updating terms in the Compendium of Chemical Terminology (the IUPAC Gold Book). Users of these terms are encouraged to include the version of a term with its use and to check regularly for updates to term definitions that you are using.</disclaimer>
  <accessed>2025-02-25T06:49:46+00:00</accessed>
</term>
