<?xml version="1.0" encoding="UTF-8"?>
<term>
  <id>00261</id>
  <doi>10.1351/goldbook.A00261</doi>
  <code>A00261</code>
  <status>current</status>
  <longtitle>IUPAC Gold Book - ambo</longtitle>
  <title>
    <i>ambo</i>
  </title>
  <termversion>2.3.3</termversion>
  <lastupdated>2014-02-24</lastupdated>
  <definitions>
    <item>
      <id>1</id>
      <text>A prefix used to indicate that a molecule with two (or more) chiral elements is present as a mixture of the two racemicdiastereoisomers in unspecified proportions. For example, the dipeptide formed from l-alanine and dl-leucine is l-alanyl-ambo-leucine.</text>
      <links>
        <item>
          <title>chiral</title>
          <url>https://goldbook.iupac.org/terms/view/C01057</url>
        </item>
        <item>
          <title>racemic</title>
          <url>https://goldbook.iupac.org/terms/view/R05026</url>
        </item>
        <item>
          <title>diastereoisomers</title>
          <url>https://goldbook.iupac.org/terms/view/D01679</url>
        </item>
      </links>
      <sources>
        <item>PAC, 1982, 54, 1507. 'Nomenclature of Tocopherols and Related Compounds' on page 1507 (https://doi.org/10.1351/pac198254081507)</item>
        <item>PAC, 1984, 56, 595. 'Nomenclature and Symbolism for Amino Acids and Peptides' on page 595 (https://doi.org/10.1351/pac198456050595)</item>
        <item>PAC, 1996, 68, 2193. 'Basic terminology of stereochemistry (IUPAC Recommendations 1996)' on page 2198 (https://doi.org/10.1351/pac199668122193)</item>
      </sources>
    </item>
  </definitions>
  <referencedin>
    <item>
      <title>Wikipedia - Descriptor (nl)</title>
      <url>https://nl.wikipedia.org/wiki/Descriptor</url>
    </item>
    <item>
      <title>Wikipedia - Deskriptor (Chemie) (de)</title>
      <url>https://de.wikipedia.org/wiki/Deskriptor_(Chemie)</url>
    </item>
  </referencedin>
  <links>
    <html>https://goldbook.iupac.org/terms/view/A00261/html</html>
    <json>https://goldbook.iupac.org/terms/view/A00261/json</json>
    <xml>https://goldbook.iupac.org/terms/view/A00261/xml</xml>
    <plain>https://goldbook.iupac.org/terms/view/A00261/plain</plain>
  </links>
  <citation>Citation: '<i>ambo</i>' in IUPAC Compendium of Chemical Terminology, 5th ed. International Union of Pure and Applied Chemistry; 2025. Online version 5.0.0, 2025. 10.1351/goldbook.A00261</citation>
  <license>The IUPAC Gold Book is licensed under Creative Commons Attribution-ShareAlike CC BY-SA 4.0 International (https://creativecommons.org/licenses/by-sa/4.0/) for individual terms.</license>
  <collection>If you are interested in licensing the Gold Book for commercial use, please contact the IUPAC Executive Director at executivedirector@iupac.org .</collection>
  <disclaimer>The International Union of Pure and Applied Chemistry (IUPAC) is continuously reviewing and, where needed, updating terms in the Compendium of Chemical Terminology (the IUPAC Gold Book). Users of these terms are encouraged to include the version of a term with its use and to check regularly for updates to term definitions that you are using.</disclaimer>
  <accessed>2025-02-25T06:50:18+00:00</accessed>
</term>
