<?xml version="1.0" encoding="UTF-8"?>
<term>
  <id>00274</id>
  <doi>10.1351/goldbook.A00274</doi>
  <code>A00274</code>
  <status>current</status>
  <longtitle>IUPAC Gold Book - amines</longtitle>
  <title>amines</title>
  <termversion>2.3.3</termversion>
  <lastupdated>2014-02-24</lastupdated>
  <definitions>
    <item>
      <id>1</id>
      <text>Compounds formally derived from ammonia by replacing one, two or three hydrogen atoms by hydrocarbyl groups, and having the general structures RNH2 (primary amines), R2NH (secondary amines), R3N (tertiary amines).</text>
      <sources>
        <item>PAC, 1995, 67, 1307. 'Glossary of class names of organic compounds and reactivity intermediates based on structure (IUPAC Recommendations 1995)' on page 1316 (https://doi.org/10.1351/pac199567081307)</item>
      </sources>
    </item>
  </definitions>
  <referencedin>
    <item>
      <title>Wikipedia - Amiinit (fi)</title>
      <url>https://fi.wikipedia.org/wiki/Amiinit</url>
    </item>
    <item>
      <title>Wikipedia - Amina (gl)</title>
      <url>https://gl.wikipedia.org/wiki/Amina</url>
    </item>
    <item>
      <title>Wikipedia - Ammine (it)</title>
      <url>https://it.wikipedia.org/wiki/Ammine</url>
    </item>
    <item>
      <title>Wikipedia - أمين (كيمياء) (ar)</title>
      <url>https://ar.wikipedia.org/wiki/أمين_(كيمياء)</url>
    </item>
  </referencedin>
  <links>
    <html>https://goldbook.iupac.org/terms/view/A00274/html</html>
    <json>https://goldbook.iupac.org/terms/view/A00274/json</json>
    <xml>https://goldbook.iupac.org/terms/view/A00274/xml</xml>
    <plain>https://goldbook.iupac.org/terms/view/A00274/plain</plain>
  </links>
  <citation>Citation: 'amines' in IUPAC Compendium of Chemical Terminology, 5th ed. International Union of Pure and Applied Chemistry; 2025. Online version 5.0.0, 2025. 10.1351/goldbook.A00274</citation>
  <license>The IUPAC Gold Book is licensed under Creative Commons Attribution-ShareAlike CC BY-SA 4.0 International (https://creativecommons.org/licenses/by-sa/4.0/) for individual terms.</license>
  <collection>If you are interested in licensing the Gold Book for commercial use, please contact the IUPAC Executive Director at executivedirector@iupac.org .</collection>
  <disclaimer>The International Union of Pure and Applied Chemistry (IUPAC) is continuously reviewing and, where needed, updating terms in the Compendium of Chemical Terminology (the IUPAC Gold Book). Users of these terms are encouraged to include the version of a term with its use and to check regularly for updates to term definitions that you are using.</disclaimer>
  <accessed>2025-02-25T06:51:04+00:00</accessed>
</term>
