<?xml version="1.0" encoding="UTF-8"?>
<term>
  <id>00237</id>
  <doi>10.1351/goldbook.A00237</doi>
  <code>A00237</code>
  <status>current</status>
  <longtitle>IUPAC Gold Book - allele</longtitle>
  <title>allele</title>
  <termversion>2.0.2</termversion>
  <lastupdated>2008-10-07</lastupdated>
  <definitions>
    <item>
      <id>1</id>
      <text>One of several alternate forms of a gene which occur at the same locus on homologous chromosomes and which become separated during meiosis and can be recombined following fusion of gametes.</text>
      <links>
        <item>
          <title>gene</title>
          <url>https://goldbook.iupac.org/terms/view/G02604</url>
        </item>
        <item>
          <title>chromosomes</title>
          <url>https://goldbook.iupac.org/terms/view/C01077</url>
        </item>
        <item>
          <title>meiosis</title>
          <url>https://goldbook.iupac.org/terms/view/M03818</url>
        </item>
        <item>
          <title>fusion (in biotechnology)</title>
          <url>https://goldbook.iupac.org/terms/view/F02563</url>
        </item>
      </links>
      <sources>
        <item>PAC, 1992, 64, 143. 'Glossary for chemists of terms used in biotechnology (IUPAC Recommendations 1992)' on page 146 (https://doi.org/10.1351/pac199264010143)</item>
      </sources>
    </item>
  </definitions>
  <referencedin>
    <item>
      <title>Wikipedia - Allele (it)</title>
      <url>https://it.wikipedia.org/wiki/Allele</url>
    </item>
    <item>
      <title>Wikipedia - أليل (وراثة) (ar)</title>
      <url>https://ar.wikipedia.org/wiki/أليل_(وراثة)</url>
    </item>
  </referencedin>
  <links>
    <html>https://goldbook.iupac.org/terms/view/A00237/html</html>
    <json>https://goldbook.iupac.org/terms/view/A00237/json</json>
    <xml>https://goldbook.iupac.org/terms/view/A00237/xml</xml>
    <plain>https://goldbook.iupac.org/terms/view/A00237/plain</plain>
  </links>
  <citation>Citation: 'allele' in IUPAC Compendium of Chemical Terminology, 5th ed. International Union of Pure and Applied Chemistry; 2025. Online version 5.0.0, 2025. 10.1351/goldbook.A00237</citation>
  <license>The IUPAC Gold Book is licensed under Creative Commons Attribution-ShareAlike CC BY-SA 4.0 International (https://creativecommons.org/licenses/by-sa/4.0/) for individual terms.</license>
  <collection>If you are interested in licensing the Gold Book for commercial use, please contact the IUPAC Executive Director at executivedirector@iupac.org .</collection>
  <disclaimer>The International Union of Pure and Applied Chemistry (IUPAC) is continuously reviewing and, where needed, updating terms in the Compendium of Chemical Terminology (the IUPAC Gold Book). Users of these terms are encouraged to include the version of a term with its use and to check regularly for updates to term definitions that you are using.</disclaimer>
  <accessed>2025-02-25T06:49:00+00:00</accessed>
</term>
