<?xml version="1.0" encoding="UTF-8"?>
<term>
  <id>00228</id>
  <doi>10.1351/goldbook.A00228</doi>
  <code>A00228</code>
  <status>current</status>
  <longtitle>IUPAC Gold Book - alkyl groups</longtitle>
  <title>alkyl groups</title>
  <termversion>2.0.2</termversion>
  <lastupdated>2008-10-07</lastupdated>
  <definitions>
    <item>
      <id>1</id>
      <text>Univalent groups derived from alkanes by removal of a hydrogen atom from any carbon atom –CnH2n+1. The groups derived by removal of a hydrogen atom from a terminal carbon atom of unbranched alkanes form a subclass of normal alkyl (n-alkyl) groups H(CH2)n. The groups RCH2, R2CH (R ≠ H), and R3C (R ≠ H) are primary, secondary and tertiary alkyl groups, respectively.</text>
      <links>
        <item>
          <title>cycloalkyl groups</title>
          <url>https://goldbook.iupac.org/terms/view/C01498</url>
        </item>
        <item>
          <title>hydrocarbyl groups</title>
          <url>https://goldbook.iupac.org/terms/view/H02891</url>
        </item>
        <item>
          <title>cycloalkyl groups</title>
          <url>https://goldbook.iupac.org/terms/view/C01498</url>
        </item>
        <item>
          <title>hydrocarbyl groups</title>
          <url>https://goldbook.iupac.org/terms/view/H02891</url>
        </item>
        <item>
          <title>alkanes</title>
          <url>https://goldbook.iupac.org/terms/view/A00222</url>
        </item>
      </links>
      <sources>
        <item>PAC, 1995, 67, 1307. 'Glossary of class names of organic compounds and reactivity intermediates based on structure (IUPAC Recommendations 1995)' on page 1314 (https://doi.org/10.1351/pac199567081307)</item>
      </sources>
    </item>
  </definitions>
  <referencedin>
    <item>
      <title>Wikipedia - Alchil (ro)</title>
      <url>https://ro.wikipedia.org/wiki/Alchil</url>
    </item>
    <item>
      <title>Wikipedia - Alchile (it)</title>
      <url>https://it.wikipedia.org/wiki/Alchile</url>
    </item>
    <item>
      <title>Wikipedia - Alkil (hu)</title>
      <url>https://hu.wikipedia.org/wiki/Alkil</url>
    </item>
    <item>
      <title>Wikipedia - Alkil (sr)</title>
      <url>https://sr.wikipedia.org/wiki/Alkil</url>
    </item>
    <item>
      <title>Wikipedia - Alkilo (eo)</title>
      <url>https://eo.wikipedia.org/wiki/Alkilo</url>
    </item>
    <item>
      <title>Wikipedia - Alkyl (en)</title>
      <url>https://en.wikipedia.org/wiki/Alkyl</url>
    </item>
    <item>
      <title>Wikipedia - Alkyl (sk)</title>
      <url>https://sk.wikipedia.org/wiki/Alkyl</url>
    </item>
    <item>
      <title>Wikipedia - Alkyl group (en)</title>
      <url>https://en.wikipedia.org/wiki/Alkyl_group</url>
    </item>
    <item>
      <title>Wikipedia - Alquilo (es)</title>
      <url>https://es.wikipedia.org/wiki/Alquilo</url>
    </item>
    <item>
      <title>Wikipedia - Alquilo (gl)</title>
      <url>https://gl.wikipedia.org/wiki/Alquilo</url>
    </item>
    <item>
      <title>Wikipedia - Discussione:Alogenuri alchilici (it)</title>
      <url>https://it.wikipedia.org/wiki/Discussione:Alogenuri_alchilici</url>
    </item>
    <item>
      <title>Wikipedia - Discussioni progetto:Chimica (it)</title>
      <url>https://it.wikipedia.org/wiki/Discussioni_progetto:Chimica</url>
    </item>
    <item>
      <title>Wikipedia - Grup alquil (ca)</title>
      <url>https://ca.wikipedia.org/wiki/Grup_alquil</url>
    </item>
    <item>
      <title>Wikipedia - Nor- (en)</title>
      <url>https://en.wikipedia.org/wiki/Nor-</url>
    </item>
    <item>
      <title>Wikipedia - Nor- (it)</title>
      <url>https://it.wikipedia.org/wiki/Nor-</url>
    </item>
    <item>
      <title>Wikipedia - Αλκύλια (el)</title>
      <url>https://el.wikipedia.org/wiki/Αλκύλια</url>
    </item>
    <item>
      <title>Wikipedia - Алкил (mk)</title>
      <url>https://mk.wikipedia.org/wiki/Алкил</url>
    </item>
    <item>
      <title>Wikipedia - گروه آلکیل (fa)</title>
      <url>https://fa.wikipedia.org/wiki/گروه_آلکیل</url>
    </item>
    <item>
      <title>Wikipedia - অ্যালকাইল মূলক (bn)</title>
      <url>https://bn.wikipedia.org/wiki/অ্যালকাইল_মূলক</url>
    </item>
    <item>
      <title>Wikipedia - アルキル基 (ja)</title>
      <url>https://ja.wikipedia.org/wiki/アルキル基</url>
    </item>
    <item>
      <title>Wikipedia - 烷基 (zh)</title>
      <url>https://zh.wikipedia.org/wiki/烷基</url>
    </item>
  </referencedin>
  <links>
    <html>https://goldbook.iupac.org/terms/view/A00228/html</html>
    <json>https://goldbook.iupac.org/terms/view/A00228/json</json>
    <xml>https://goldbook.iupac.org/terms/view/A00228/xml</xml>
    <plain>https://goldbook.iupac.org/terms/view/A00228/plain</plain>
  </links>
  <citation>Citation: 'alkyl groups' in IUPAC Compendium of Chemical Terminology, 5th ed. International Union of Pure and Applied Chemistry; 2025. Online version 5.0.0, 2025. 10.1351/goldbook.A00228</citation>
  <license>The IUPAC Gold Book is licensed under Creative Commons Attribution-ShareAlike CC BY-SA 4.0 International (https://creativecommons.org/licenses/by-sa/4.0/) for individual terms.</license>
  <collection>If you are interested in licensing the Gold Book for commercial use, please contact the IUPAC Executive Director at executivedirector@iupac.org .</collection>
  <disclaimer>The International Union of Pure and Applied Chemistry (IUPAC) is continuously reviewing and, where needed, updating terms in the Compendium of Chemical Terminology (the IUPAC Gold Book). Users of these terms are encouraged to include the version of a term with its use and to check regularly for updates to term definitions that you are using.</disclaimer>
  <accessed>2025-02-25T06:48:34+00:00</accessed>
</term>
