<?xml version="1.0" encoding="UTF-8"?>
<term>
  <id>00202</id>
  <doi>10.1351/goldbook.A00202</doi>
  <code>A00202</code>
  <status>current</status>
  <longtitle>IUPAC Gold Book - albedo</longtitle>
  <title>albedo</title>
  <termversion>2.0.2</termversion>
  <lastupdated>2008-10-07</lastupdated>
  <definitions>
    <item>
      <id>1</id>
      <text>The fraction of the energy of electromagnetic radiation reflected from a body (or surface) relative to the energy incident upon it. The reflection of light from a surface is, of course, dependent on the wavelength of the light, the nature of the surface and its angle of incidence with the surface. The term albedo usually connotes a broad wavelength band (visible, ultraviolet or infrared), whereas the terms reflectivity and spectral albedo are used to describe the reflection of monochromatic (single wavelength or small band of wavelengths) radiation.</text>
      <links>
        <item>
          <title>wavelength</title>
          <url>https://goldbook.iupac.org/terms/view/W06659</url>
        </item>
        <item>
          <title>angle</title>
          <url>https://goldbook.iupac.org/terms/view/A00346</url>
        </item>
        <item>
          <title>infrared</title>
          <url>https://goldbook.iupac.org/terms/view/IT07399</url>
        </item>
      </links>
      <sources>
        <item>PAC, 1990, 62, 2167. 'Glossary of atmospheric chemistry terms (Recommendations 1990)' on page 2173 (https://doi.org/10.1351/pac199062112167)</item>
      </sources>
    </item>
  </definitions>
  <referencedin>
    <item>
      <title>Wikipedia - Albedo (it)</title>
      <url>https://it.wikipedia.org/wiki/Albedo</url>
    </item>
  </referencedin>
  <links>
    <html>https://goldbook.iupac.org/terms/view/A00202/html</html>
    <json>https://goldbook.iupac.org/terms/view/A00202/json</json>
    <xml>https://goldbook.iupac.org/terms/view/A00202/xml</xml>
    <plain>https://goldbook.iupac.org/terms/view/A00202/plain</plain>
  </links>
  <citation>Citation: 'albedo' in IUPAC Compendium of Chemical Terminology, 5th ed. International Union of Pure and Applied Chemistry; 2025. Online version 5.0.0, 2025. 10.1351/goldbook.A00202</citation>
  <license>The IUPAC Gold Book is licensed under Creative Commons Attribution-ShareAlike CC BY-SA 4.0 International (https://creativecommons.org/licenses/by-sa/4.0/) for individual terms.</license>
  <collection>If you are interested in licensing the Gold Book for commercial use, please contact the IUPAC Executive Director at executivedirector@iupac.org .</collection>
  <disclaimer>The International Union of Pure and Applied Chemistry (IUPAC) is continuously reviewing and, where needed, updating terms in the Compendium of Chemical Terminology (the IUPAC Gold Book). Users of these terms are encouraged to include the version of a term with its use and to check regularly for updates to term definitions that you are using.</disclaimer>
  <accessed>2025-02-25T06:46:34+00:00</accessed>
</term>
