<?xml version="1.0" encoding="UTF-8"?>
<term>
  <id>00241</id>
  <doi>10.1351/goldbook.A00241</doi>
  <code>A00241</code>
  <status>current</status>
  <longtitle>IUPAC Gold Book - allostery</longtitle>
  <title>allostery</title>
  <termversion>2.0.2</termversion>
  <lastupdated>2008-10-07</lastupdated>
  <definitions>
    <item>
      <id>1</id>
      <text>A phenomenon whereby the conformation of an enzyme or other protein is altered by combination, at a site other than the substrate-binding site, with a small molecule, referred to as an effector, which results in either increased or decreased activity by the enzyme.</text>
      <links>
        <item>
          <title>conformation</title>
          <url>https://goldbook.iupac.org/terms/view/C01258</url>
        </item>
        <item>
          <title>enzyme</title>
          <url>https://goldbook.iupac.org/terms/view/E02159</url>
        </item>
        <item>
          <title>binding site</title>
          <url>https://goldbook.iupac.org/terms/view/B00649</url>
        </item>
        <item>
          <title>effector</title>
          <url>https://goldbook.iupac.org/terms/view/E01901</url>
        </item>
      </links>
      <sources>
        <item>PAC, 1994, 66, 2587. 'Glossary of bioanalytical nomenclature - Part 1: General terminology, body fluids, enzymology, immunology (IUPAC Recommendations 1994)' on page 2593 (https://doi.org/10.1351/pac199466122587)</item>
      </sources>
    </item>
  </definitions>
  <referencedin>
    <item>
      <title>Wikipedia - Regolazione allosterica (it)</title>
      <url>https://it.wikipedia.org/wiki/Regolazione_allosterica</url>
    </item>
  </referencedin>
  <links>
    <html>https://goldbook.iupac.org/terms/view/A00241/html</html>
    <json>https://goldbook.iupac.org/terms/view/A00241/json</json>
    <xml>https://goldbook.iupac.org/terms/view/A00241/xml</xml>
    <plain>https://goldbook.iupac.org/terms/view/A00241/plain</plain>
  </links>
  <citation>Citation: 'allostery' in IUPAC Compendium of Chemical Terminology, 5th ed. International Union of Pure and Applied Chemistry; 2025. Online version 5.0.0, 2025. 10.1351/goldbook.A00241</citation>
  <license>The IUPAC Gold Book is licensed under Creative Commons Attribution-ShareAlike CC BY-SA 4.0 International (https://creativecommons.org/licenses/by-sa/4.0/) for individual terms.</license>
  <collection>If you are interested in licensing the Gold Book for commercial use, please contact the IUPAC Executive Director at executivedirector@iupac.org .</collection>
  <disclaimer>The International Union of Pure and Applied Chemistry (IUPAC) is continuously reviewing and, where needed, updating terms in the Compendium of Chemical Terminology (the IUPAC Gold Book). Users of these terms are encouraged to include the version of a term with its use and to check regularly for updates to term definitions that you are using.</disclaimer>
  <accessed>2025-02-25T06:49:17+00:00</accessed>
</term>
