<?xml version="1.0" encoding="UTF-8"?>
<term>
  <id>00267</id>
  <doi>10.1351/goldbook.A00267</doi>
  <code>A00267</code>
  <status>current</status>
  <longtitle>IUPAC Gold Book - amidines</longtitle>
  <title>amidines</title>
  <termversion>2.3.3</termversion>
  <lastupdated>2014-02-24</lastupdated>
  <definitions>
    <item>
      <id>1</id>
      <text>Derivatives of oxoacidsRnE(=O)OH in which the hydroxy group is replaced by an amino group and the oxo group is replaced by =NR. Amidines include carboxamidines, sulfinamidines and phosphinamidines, R2P(=NR)NR2. In organic chemistry an unspecified amidine is commonly a carboxamidine.</text>
      <links>
        <item>
          <title>carboxamidines</title>
          <url>https://goldbook.iupac.org/terms/view/C00851</url>
        </item>
        <item>
          <title>sulfinamidines</title>
          <url>https://goldbook.iupac.org/terms/view/S06107</url>
        </item>
        <item>
          <title>carboxamidines</title>
          <url>https://goldbook.iupac.org/terms/view/C00851</url>
        </item>
        <item>
          <title>sulfinamidines</title>
          <url>https://goldbook.iupac.org/terms/view/S06107</url>
        </item>
        <item>
          <title>oxoacids</title>
          <url>https://goldbook.iupac.org/terms/view/O04374</url>
        </item>
      </links>
      <sources>
        <item>PAC, 1995, 67, 1307. 'Glossary of class names of organic compounds and reactivity intermediates based on structure (IUPAC Recommendations 1995)' on page 1315 (https://doi.org/10.1351/pac199567081307)</item>
      </sources>
    </item>
  </definitions>
  <referencedin>
    <item>
      <title>Wikipedia - Amidiinit (fi)</title>
      <url>https://fi.wikipedia.org/wiki/Amidiinit</url>
    </item>
    <item>
      <title>Wikipedia - Amidin (sh)</title>
      <url>https://sh.wikipedia.org/wiki/Amidin</url>
    </item>
    <item>
      <title>Wikipedia - Amidin (sr)</title>
      <url>https://sr.wikipedia.org/wiki/Amidin</url>
    </item>
    <item>
      <title>Wikipedia - Amidine (en)</title>
      <url>https://en.wikipedia.org/wiki/Amidine</url>
    </item>
    <item>
      <title>Wikipedia - Amidinek (hu)</title>
      <url>https://hu.wikipedia.org/wiki/Amidinek</url>
    </item>
    <item>
      <title>Wikipedia - Amidiny (cs)</title>
      <url>https://cs.wikipedia.org/wiki/Amidiny</url>
    </item>
    <item>
      <title>Wikipedia - Amidină (ro)</title>
      <url>https://ro.wikipedia.org/wiki/Amidină</url>
    </item>
    <item>
      <title>Wikipedia - Ammidine (it)</title>
      <url>https://it.wikipedia.org/wiki/Ammidine</url>
    </item>
    <item>
      <title>Wikipedia - Амидины (ru)</title>
      <url>https://ru.wikipedia.org/wiki/Амидины</url>
    </item>
    <item>
      <title>Wikipedia - آمیدین (fa)</title>
      <url>https://fa.wikipedia.org/wiki/آمیدین</url>
    </item>
    <item>
      <title>Wikipedia - അമീഡിനുകൾ (ml)</title>
      <url>https://ml.wikipedia.org/wiki/അമീഡിനുകൾ</url>
    </item>
    <item>
      <title>Wikipedia - アミジン (ja)</title>
      <url>https://ja.wikipedia.org/wiki/アミジン</url>
    </item>
    <item>
      <title>Wikipedia - 脒 (zh)</title>
      <url>https://zh.wikipedia.org/wiki/脒</url>
    </item>
    <item>
      <title>Wikipedia - 脒 (zh-yue)</title>
      <url>https://zh-yue.wikipedia.org/wiki/脒</url>
    </item>
  </referencedin>
  <links>
    <html>https://goldbook.iupac.org/terms/view/A00267/html</html>
    <json>https://goldbook.iupac.org/terms/view/A00267/json</json>
    <xml>https://goldbook.iupac.org/terms/view/A00267/xml</xml>
    <plain>https://goldbook.iupac.org/terms/view/A00267/plain</plain>
  </links>
  <citation>Citation: 'amidines' in IUPAC Compendium of Chemical Terminology, 5th ed. International Union of Pure and Applied Chemistry; 2025. Online version 5.0.0, 2025. 10.1351/goldbook.A00267</citation>
  <license>The IUPAC Gold Book is licensed under Creative Commons Attribution-ShareAlike CC BY-SA 4.0 International (https://creativecommons.org/licenses/by-sa/4.0/) for individual terms.</license>
  <collection>If you are interested in licensing the Gold Book for commercial use, please contact the IUPAC Executive Director at executivedirector@iupac.org .</collection>
  <disclaimer>The International Union of Pure and Applied Chemistry (IUPAC) is continuously reviewing and, where needed, updating terms in the Compendium of Chemical Terminology (the IUPAC Gold Book). Users of these terms are encouraged to include the version of a term with its use and to check regularly for updates to term definitions that you are using.</disclaimer>
  <accessed>2025-02-25T06:50:41+00:00</accessed>
</term>
