<?xml version="1.0" encoding="UTF-8"?>
<term>
  <id>00245</id>
  <doi>10.1351/goldbook.A00245</doi>
  <code>A00245</code>
  <status>current</status>
  <longtitle>IUPAC Gold Book - allylic groups</longtitle>
  <title>allylic groups</title>
  <termversion>2.3.3</termversion>
  <lastupdated>2014-02-24</lastupdated>
  <definitions>
    <item>
      <id>1</id>
      <text>The group CH2=CHCH2 (allyl) and derivatives formed by substitution. The term 'allylic position' or 'allylic site' refers to the saturated carbon atom. A group, such as –OH, attached at an allylic site is sometimes described as 'allylic'.</text>
      <sources>
        <item>PAC, 1995, 67, 1307. 'Glossary of class names of organic compounds and reactivity intermediates based on structure (IUPAC Recommendations 1995)' on page 1315 (https://doi.org/10.1351/pac199567081307)</item>
      </sources>
    </item>
  </definitions>
  <referencedin>
    <item>
      <title>Wikipedia - Allile (it)</title>
      <url>https://it.wikipedia.org/wiki/Allile</url>
    </item>
    <item>
      <title>Wikipedia - Grupa allilowa (pl)</title>
      <url>https://pl.wikipedia.org/wiki/Grupa_allilowa</url>
    </item>
  </referencedin>
  <links>
    <html>https://goldbook.iupac.org/terms/view/A00245/html</html>
    <json>https://goldbook.iupac.org/terms/view/A00245/json</json>
    <xml>https://goldbook.iupac.org/terms/view/A00245/xml</xml>
    <plain>https://goldbook.iupac.org/terms/view/A00245/plain</plain>
  </links>
  <citation>Citation: 'allylic groups' in IUPAC Compendium of Chemical Terminology, 5th ed. International Union of Pure and Applied Chemistry; 2025. Online version 5.0.0, 2025. 10.1351/goldbook.A00245</citation>
  <license>The IUPAC Gold Book is licensed under Creative Commons Attribution-ShareAlike CC BY-SA 4.0 International (https://creativecommons.org/licenses/by-sa/4.0/) for individual terms.</license>
  <collection>If you are interested in licensing the Gold Book for commercial use, please contact the IUPAC Executive Director at executivedirector@iupac.org .</collection>
  <disclaimer>The International Union of Pure and Applied Chemistry (IUPAC) is continuously reviewing and, where needed, updating terms in the Compendium of Chemical Terminology (the IUPAC Gold Book). Users of these terms are encouraged to include the version of a term with its use and to check regularly for updates to term definitions that you are using.</disclaimer>
  <accessed>2025-02-25T06:49:30+00:00</accessed>
</term>
