<?xml version="1.0" encoding="UTF-8"?>
<term>
  <id>00246</id>
  <doi>10.1351/goldbook.A00246</doi>
  <code>A00246</code>
  <status>current</status>
  <longtitle>IUPAC Gold Book - allylic intermediates</longtitle>
  <title>allylic intermediates</title>
  <termversion>2.3.3</termversion>
  <lastupdated>2014-02-24</lastupdated>
  <definitions>
    <item>
      <id>1</id>
      <text>Carbanions, carbenium ions or radicals, formally derived by detachment of one hydron, hydride or hydrogen from the CH3 group of propene or derivatives thereof. E.g. H2C=CHCH2+ allyl cation.</text>
      <links>
        <item>
          <title>Carbanions</title>
          <url>https://goldbook.iupac.org/terms/view/C00804</url>
        </item>
        <item>
          <title>carbenium ions</title>
          <url>https://goldbook.iupac.org/terms/view/C00812</url>
        </item>
        <item>
          <title>radicals</title>
          <url>https://goldbook.iupac.org/terms/view/R05066</url>
        </item>
        <item>
          <title>Carbanions</title>
          <url>https://goldbook.iupac.org/terms/view/C00804</url>
        </item>
        <item>
          <title>carbenium ions</title>
          <url>https://goldbook.iupac.org/terms/view/C00812</url>
        </item>
        <item>
          <title>radicals</title>
          <url>https://goldbook.iupac.org/terms/view/R05066</url>
        </item>
        <item>
          <title>detachment</title>
          <url>https://goldbook.iupac.org/terms/view/D01625</url>
        </item>
        <item>
          <title>hydron</title>
          <url>https://goldbook.iupac.org/terms/view/H02904</url>
        </item>
        <item>
          <title>cation</title>
          <url>https://goldbook.iupac.org/terms/view/C00907</url>
        </item>
      </links>
      <sources>
        <item>PAC, 1995, 67, 1307. 'Glossary of class names of organic compounds and reactivity intermediates based on structure (IUPAC Recommendations 1995)' on page 1315 (https://doi.org/10.1351/pac199567081307)</item>
      </sources>
    </item>
  </definitions>
  <links>
    <html>https://goldbook.iupac.org/terms/view/A00246/html</html>
    <json>https://goldbook.iupac.org/terms/view/A00246/json</json>
    <xml>https://goldbook.iupac.org/terms/view/A00246/xml</xml>
    <plain>https://goldbook.iupac.org/terms/view/A00246/plain</plain>
  </links>
  <citation>Citation: 'allylic intermediates' in IUPAC Compendium of Chemical Terminology, 5th ed. International Union of Pure and Applied Chemistry; 2025. Online version 5.0.0, 2025. 10.1351/goldbook.A00246</citation>
  <license>The IUPAC Gold Book is licensed under Creative Commons Attribution-ShareAlike CC BY-SA 4.0 International (https://creativecommons.org/licenses/by-sa/4.0/) for individual terms.</license>
  <collection>If you are interested in licensing the Gold Book for commercial use, please contact the IUPAC Executive Director at executivedirector@iupac.org .</collection>
  <disclaimer>The International Union of Pure and Applied Chemistry (IUPAC) is continuously reviewing and, where needed, updating terms in the Compendium of Chemical Terminology (the IUPAC Gold Book). Users of these terms are encouraged to include the version of a term with its use and to check regularly for updates to term definitions that you are using.</disclaimer>
  <accessed>2025-02-25T06:49:33+00:00</accessed>
</term>
