<?xml version="1.0" encoding="UTF-8"?>
<term>
  <id>00243</id>
  <doi>10.1351/goldbook.A00243</doi>
  <code>A00243</code>
  <status>current</status>
  <longtitle>IUPAC Gold Book - allotropes</longtitle>
  <title>allotropes</title>
  <termversion>2.3.3</termversion>
  <lastupdated>2014-02-24</lastupdated>
  <definitions>
    <item>
      <id>1</id>
      <text>Different structural modifications of an element.</text>
      <sources>
        <item>Red Book, 3rd ed., p. 35 (https://doi.org/10.1515/pac-2014-0718)</item>
      </sources>
    </item>
  </definitions>
  <referencedin>
    <item>
      <title>Wikipedia - Allatrópacht (ga)</title>
      <url>https://ga.wikipedia.org/wiki/Allatrópacht</url>
    </item>
    <item>
      <title>Wikipedia - Allotropia (chimica) (it)</title>
      <url>https://it.wikipedia.org/wiki/Allotropia_(chimica)</url>
    </item>
    <item>
      <title>Wikipedia - Allotropie (fr)</title>
      <url>https://fr.wikipedia.org/wiki/Allotropie</url>
    </item>
    <item>
      <title>Wikipedia - Allotropy (en)</title>
      <url>https://en.wikipedia.org/wiki/Allotropy</url>
    </item>
    <item>
      <title>Wikipedia - Allotropy (simple)</title>
      <url>https://simple.wikipedia.org/wiki/Allotropy</url>
    </item>
    <item>
      <title>Wikipedia - Alotropi (id)</title>
      <url>https://id.wikipedia.org/wiki/Alotropi</url>
    </item>
    <item>
      <title>Wikipedia - Alotropia (eu)</title>
      <url>https://eu.wikipedia.org/wiki/Alotropia</url>
    </item>
    <item>
      <title>Wikipedia - Alotropia (pt)</title>
      <url>https://pt.wikipedia.org/wiki/Alotropia</url>
    </item>
    <item>
      <title>Wikipedia - Alotropie (ro)</title>
      <url>https://ro.wikipedia.org/wiki/Alotropie</url>
    </item>
    <item>
      <title>Wikipedia - Alotropska modifikacija (sh)</title>
      <url>https://sh.wikipedia.org/wiki/Alotropska_modifikacija</url>
    </item>
    <item>
      <title>Wikipedia - Discussione:Allotropia (chimica) (it)</title>
      <url>https://it.wikipedia.org/wiki/Discussione:Allotropia_(chimica)</url>
    </item>
    <item>
      <title>Wikipedia - Substância (pt)</title>
      <url>https://pt.wikipedia.org/wiki/Substância</url>
    </item>
    <item>
      <title>Wikipedia - User talk:Christian75 (en)</title>
      <url>https://en.wikipedia.org/wiki/User_talk:Christian75</url>
    </item>
    <item>
      <title>Wikipedia - Аллотропи (mn)</title>
      <url>https://mn.wikipedia.org/wiki/Аллотропи</url>
    </item>
    <item>
      <title>Wikipedia - Алотропија (mk)</title>
      <url>https://mk.wikipedia.org/wiki/Алотропија</url>
    </item>
    <item>
      <title>Wikipedia - Алотропска модификација (sr)</title>
      <url>https://sr.wikipedia.org/wiki/Алотропска_модификација</url>
    </item>
    <item>
      <title>Wikipedia - ئالۆترۆپی (ckb)</title>
      <url>https://ckb.wikipedia.org/wiki/ئالۆترۆپی</url>
    </item>
    <item>
      <title>Wikipedia - ਭਿੰਨਰੂਪਤਾ (pa)</title>
      <url>https://pa.wikipedia.org/wiki/ਭਿੰਨਰੂਪਤਾ</url>
    </item>
    <item>
      <title>Wikipedia - தனிமப் புறவேற்றுரு (ta)</title>
      <url>https://ta.wikipedia.org/wiki/தனிமப்_புறவேற்றுரு</url>
    </item>
    <item>
      <title>Wikipedia - ಘನಸ್ಥಿತಿ ಭೌತವಿಜ್ಞಾನ (kn)</title>
      <url>https://kn.wikipedia.org/wiki/ಘನಸ್ಥಿತಿ_ಭೌತವಿಜ್ಞಾನ</url>
    </item>
    <item>
      <title>Wikipedia - อัญรูป (th)</title>
      <url>https://th.wikipedia.org/wiki/อัญรูป</url>
    </item>
    <item>
      <title>Wikipedia - 同素异形体 (zh)</title>
      <url>https://zh.wikipedia.org/wiki/同素异形体</url>
    </item>
  </referencedin>
  <links>
    <html>https://goldbook.iupac.org/terms/view/A00243/html</html>
    <json>https://goldbook.iupac.org/terms/view/A00243/json</json>
    <xml>https://goldbook.iupac.org/terms/view/A00243/xml</xml>
    <plain>https://goldbook.iupac.org/terms/view/A00243/plain</plain>
  </links>
  <citation>Citation: 'allotropes' in IUPAC Compendium of Chemical Terminology, 5th ed. International Union of Pure and Applied Chemistry; 2025. Online version 5.0.0, 2025. 10.1351/goldbook.A00243</citation>
  <license>The IUPAC Gold Book is licensed under Creative Commons Attribution-ShareAlike CC BY-SA 4.0 International (https://creativecommons.org/licenses/by-sa/4.0/) for individual terms.</license>
  <collection>If you are interested in licensing the Gold Book for commercial use, please contact the IUPAC Executive Director at executivedirector@iupac.org .</collection>
  <disclaimer>The International Union of Pure and Applied Chemistry (IUPAC) is continuously reviewing and, where needed, updating terms in the Compendium of Chemical Terminology (the IUPAC Gold Book). Users of these terms are encouraged to include the version of a term with its use and to check regularly for updates to term definitions that you are using.</disclaimer>
  <accessed>2025-02-25T06:49:25+00:00</accessed>
</term>
