<?xml version="1.0" encoding="UTF-8"?>
<term>
  <id>00254</id>
  <doi>10.1351/goldbook.A00254</doi>
  <code>A00254</code>
  <status>current</status>
  <longtitle>IUPAC Gold Book - alternating voltage</longtitle>
  <title>alternating voltage</title>
  <termversion>2.3.3</termversion>
  <lastupdated>2014-02-24</lastupdated>
  <definitions>
    <item>
      <id>1</id>
      <text>This term should be applied only to sinusoidal phenomena; the term periodic voltage should be used for other wave forms.</text>
      <links>
        <item>
          <title>amplitude of alternating voltage</title>
          <url>https://goldbook.iupac.org/terms/view/A00311</url>
        </item>
        <item>
          <title>amplitude of alternating voltage</title>
          <url>https://goldbook.iupac.org/terms/view/A00311</url>
        </item>
        <item>
          <title>periodic voltage</title>
          <url>https://goldbook.iupac.org/terms/view/P04496</url>
        </item>
      </links>
      <sources>
        <item>PAC, 1985, 57, 1491. 'Recommended terms, symbols, and definitions for electroanalytical chemistry (Recommendations 1985)' on page 1505 (https://doi.org/10.1351/pac198557101491)</item>
      </sources>
    </item>
  </definitions>
  <links>
    <html>https://goldbook.iupac.org/terms/view/A00254/html</html>
    <json>https://goldbook.iupac.org/terms/view/A00254/json</json>
    <xml>https://goldbook.iupac.org/terms/view/A00254/xml</xml>
    <plain>https://goldbook.iupac.org/terms/view/A00254/plain</plain>
  </links>
  <citation>Citation: 'alternating voltage' in IUPAC Compendium of Chemical Terminology, 5th ed. International Union of Pure and Applied Chemistry; 2025. Online version 5.0.0, 2025. 10.1351/goldbook.A00254</citation>
  <license>The IUPAC Gold Book is licensed under Creative Commons Attribution-ShareAlike CC BY-SA 4.0 International (https://creativecommons.org/licenses/by-sa/4.0/) for individual terms.</license>
  <collection>If you are interested in licensing the Gold Book for commercial use, please contact the IUPAC Executive Director at executivedirector@iupac.org .</collection>
  <disclaimer>The International Union of Pure and Applied Chemistry (IUPAC) is continuously reviewing and, where needed, updating terms in the Compendium of Chemical Terminology (the IUPAC Gold Book). Users of these terms are encouraged to include the version of a term with its use and to check regularly for updates to term definitions that you are using.</disclaimer>
  <accessed>2025-02-25T06:49:50+00:00</accessed>
</term>
