<?xml version="1.0" encoding="UTF-8"?>
<term>
  <id>00297</id>
  <doi>10.1351/goldbook.A00297</doi>
  <code>A00297</code>
  <status>current</status>
  <longtitle>IUPAC Gold Book - amount of substance</longtitle>
  <title>amount of substance</title>
  <index>quantity</index>
  <termversion>3.0.1</termversion>
  <lastupdated>2020-03-30</lastupdated>
  <definitions>
    <item>
      <id>1</id>
      <text>The amount of substance, symbol n, of a system is a measure of the number of specified elementary entities. An elementary entity may be an atom, a molecule, an ion, an electron, any other particle or specified group of particles.</text>
      <notes>
        <item>This wording is part of the definition of the SI base unit mole, which was agreed upon by the 26th CGPM in November 2018 with effect from 20 May 2019.</item>
      </notes>
      <math>
        <item>
          <meaning>amount of substance</meaning>
          <type>symbol</type>
          <alttext>n</alttext>
          <latex>n</latex>
        </item>
      </math>
      <sources>
        <item>BIPM, Le Système international d’unités (SI), SI Brochure, 9e ed. (2019), p. 21 (https://www.bipm.org/fr/publications/si-brochure/)</item>
        <item>BIPM, The International System of Units, SI Brochure, 9th ed. (2019), p. 134 (https://www.bipm.org/en/publications/si-brochure/)</item>
        <item>PAC, 2018, 90, 175. 'Definition of the mole' (https://doi.org/10.1515/pac-2017-0106)</item>
      </sources>
    </item>
  </definitions>
  <referencedin>
    <item>
      <title>Wikipedia - Amount of substance (en)</title>
      <url>https://en.wikipedia.org/wiki/Amount_of_substance</url>
    </item>
    <item>
      <title>Wikipedia - Cantidad de sustancia (es)</title>
      <url>https://es.wikipedia.org/wiki/Cantidad_de_sustancia</url>
    </item>
    <item>
      <title>Wikipedia - Cantidá de sustancia (ast)</title>
      <url>https://ast.wikipedia.org/wiki/Cantidá_de_sustancia</url>
    </item>
    <item>
      <title>Wikipedia - Količina supstance (sr)</title>
      <url>https://sr.wikipedia.org/wiki/Količina_supstance</url>
    </item>
    <item>
      <title>Wikipedia - Madde miktarı (tr)</title>
      <url>https://tr.wikipedia.org/wiki/Madde_miktarı</url>
    </item>
    <item>
      <title>Wikipedia - Masa (sh)</title>
      <url>https://sh.wikipedia.org/wiki/Masa</url>
    </item>
    <item>
      <title>Wikipedia - Quantidade de substância (pt)</title>
      <url>https://pt.wikipedia.org/wiki/Quantidade_de_substância</url>
    </item>
    <item>
      <title>Wikipedia - Quantitat de substància (ca)</title>
      <url>https://ca.wikipedia.org/wiki/Quantitat_de_substància</url>
    </item>
    <item>
      <title>Wikipedia - Quantità di sostanza (it)</title>
      <url>https://it.wikipedia.org/wiki/Quantità_di_sostanza</url>
    </item>
    <item>
      <title>Wikipedia - Quantité de matière (fr)</title>
      <url>https://fr.wikipedia.org/wiki/Quantité_de_matière</url>
    </item>
    <item>
      <title>Wikipedia - Stoffmenge (de)</title>
      <url>https://de.wikipedia.org/wiki/Stoffmenge</url>
    </item>
    <item>
      <title>Wikipedia - Кількість речовини (uk)</title>
      <url>https://uk.wikipedia.org/wiki/Кількість_речовини</url>
    </item>
    <item>
      <title>Wikipedia - Маса (sr)</title>
      <url>https://sr.wikipedia.org/wiki/Маса</url>
    </item>
    <item>
      <title>Wikipedia - Обговорення:Хімічний потенціал (uk)</title>
      <url>https://uk.wikipedia.org/wiki/Обговорення:Хімічний_потенціал</url>
    </item>
    <item>
      <title>Wikipedia - كمية مادة (ar)</title>
      <url>https://ar.wikipedia.org/wiki/كمية_مادة</url>
    </item>
    <item>
      <title>Wikipedia - पदार्थ की मात्रा (hi)</title>
      <url>https://hi.wikipedia.org/wiki/पदार्थ_की_मात्रा</url>
    </item>
    <item>
      <title>Wikipedia - பதார்த்த அளவு (ta)</title>
      <url>https://ta.wikipedia.org/wiki/பதார்த்த_அளவு</url>
    </item>
    <item>
      <title>Wikipedia - 物質量 (ja)</title>
      <url>https://ja.wikipedia.org/wiki/物質量</url>
    </item>
  </referencedin>
  <links>
    <html>https://goldbook.iupac.org/terms/view/A00297/html</html>
    <json>https://goldbook.iupac.org/terms/view/A00297/json</json>
    <xml>https://goldbook.iupac.org/terms/view/A00297/xml</xml>
    <plain>https://goldbook.iupac.org/terms/view/A00297/plain</plain>
  </links>
  <citation>Citation: 'amount of substance' in IUPAC Compendium of Chemical Terminology, 5th ed. International Union of Pure and Applied Chemistry; 2025. Online version 5.0.0, 2025. 10.1351/goldbook.A00297</citation>
  <license>The IUPAC Gold Book is licensed under Creative Commons Attribution-ShareAlike CC BY-SA 4.0 International (https://creativecommons.org/licenses/by-sa/4.0/) for individual terms.</license>
  <collection>If you are interested in licensing the Gold Book for commercial use, please contact the IUPAC Executive Director at executivedirector@iupac.org .</collection>
  <disclaimer>The International Union of Pure and Applied Chemistry (IUPAC) is continuously reviewing and, where needed, updating terms in the Compendium of Chemical Terminology (the IUPAC Gold Book). Users of these terms are encouraged to include the version of a term with its use and to check regularly for updates to term definitions that you are using.</disclaimer>
  <accessed>2025-02-25T06:52:16+00:00</accessed>
</term>
