<?xml version="1.0" encoding="UTF-8"?>
<term>
  <id>00208</id>
  <doi>10.1351/goldbook.A00208</doi>
  <code>A00208</code>
  <status>current</status>
  <longtitle>IUPAC Gold Book - aldehydes</longtitle>
  <title>aldehydes</title>
  <termversion>2.3.3</termversion>
  <lastupdated>2014-02-24</lastupdated>
  <definitions>
    <item>
      <id>1</id>
      <text>Compounds RC(=O)H , in which a carbonyl group is bonded to one hydrogen atom and to one R group.</text>
      <sources>
        <item>PAC, 1990, 62, 2167. 'Glossary of atmospheric chemistry terms (Recommendations 1990)' on page 2173 (https://doi.org/10.1351/pac199062112167)</item>
        <item>PAC, 1995, 67, 1307. 'Glossary of class names of organic compounds and reactivity intermediates based on structure (IUPAC Recommendations 1995)' on page 1312 (https://doi.org/10.1351/pac199567081307)</item>
      </sources>
    </item>
  </definitions>
  <referencedin>
    <item>
      <title>Wikipedia - Aldehid (bs)</title>
      <url>https://bs.wikipedia.org/wiki/Aldehid</url>
    </item>
    <item>
      <title>Wikipedia - Aldehid (ca)</title>
      <url>https://ca.wikipedia.org/wiki/Aldehid</url>
    </item>
    <item>
      <title>Wikipedia - Aldehid (ms)</title>
      <url>https://ms.wikipedia.org/wiki/Aldehid</url>
    </item>
    <item>
      <title>Wikipedia - Aldehido (bcl)</title>
      <url>https://bcl.wikipedia.org/wiki/Aldehido</url>
    </item>
    <item>
      <title>Wikipedia - Aldehido (eu)</title>
      <url>https://eu.wikipedia.org/wiki/Aldehido</url>
    </item>
    <item>
      <title>Wikipedia - Aldehido (gl)</title>
      <url>https://gl.wikipedia.org/wiki/Aldehido</url>
    </item>
    <item>
      <title>Wikipedia - Aldehit (tr)</title>
      <url>https://tr.wikipedia.org/wiki/Aldehit</url>
    </item>
    <item>
      <title>Wikipedia - Aldehyde (de)</title>
      <url>https://de.wikipedia.org/wiki/Aldehyde</url>
    </item>
    <item>
      <title>Wikipedia - Aldehyde (en)</title>
      <url>https://en.wikipedia.org/wiki/Aldehyde</url>
    </item>
    <item>
      <title>Wikipedia - Aldehyde (simple)</title>
      <url>https://simple.wikipedia.org/wiki/Aldehyde</url>
    </item>
    <item>
      <title>Wikipedia - Aldehydit (fi)</title>
      <url>https://fi.wikipedia.org/wiki/Aldehydit</url>
    </item>
    <item>
      <title>Wikipedia - Aldeidi (it)</title>
      <url>https://it.wikipedia.org/wiki/Aldeidi</url>
    </item>
    <item>
      <title>Wikipedia - Aldeído (pt)</title>
      <url>https://pt.wikipedia.org/wiki/Aldeído</url>
    </item>
    <item>
      <title>Wikipedia - Tioaldeidi (it)</title>
      <url>https://it.wikipedia.org/wiki/Tioaldeidi</url>
    </item>
    <item>
      <title>Wikipedia - Алдехид (sr)</title>
      <url>https://sr.wikipedia.org/wiki/Алдехид</url>
    </item>
    <item>
      <title>Wikipedia - Альдегиды (ru)</title>
      <url>https://ru.wikipedia.org/wiki/Альдегиды</url>
    </item>
    <item>
      <title>Wikipedia - Ալդեհիդներ (hy)</title>
      <url>https://hy.wikipedia.org/wiki/Ալդեհիդներ</url>
    </item>
    <item>
      <title>Wikipedia - ألدهيد (ar)</title>
      <url>https://ar.wikipedia.org/wiki/ألدهيد</url>
    </item>
    <item>
      <title>Wikipedia - অ্যালডিহাইড (bn)</title>
      <url>https://bn.wikipedia.org/wiki/অ্যালডিহাইড</url>
    </item>
    <item>
      <title>Wikipedia - ஆல்டிகைடு (ta)</title>
      <url>https://ta.wikipedia.org/wiki/ஆல்டிகைடு</url>
    </item>
    <item>
      <title>Wikipedia - ಆಲ್ಡಿಹೈಡುಗಳು (kn)</title>
      <url>https://kn.wikipedia.org/wiki/ಆಲ್ಡಿಹೈಡುಗಳು</url>
    </item>
    <item>
      <title>Wikipedia - アルデヒド (ja)</title>
      <url>https://ja.wikipedia.org/wiki/アルデヒド</url>
    </item>
    <item>
      <title>Wikipedia - 醛 (zh)</title>
      <url>https://zh.wikipedia.org/wiki/醛</url>
    </item>
  </referencedin>
  <links>
    <html>https://goldbook.iupac.org/terms/view/A00208/html</html>
    <json>https://goldbook.iupac.org/terms/view/A00208/json</json>
    <xml>https://goldbook.iupac.org/terms/view/A00208/xml</xml>
    <plain>https://goldbook.iupac.org/terms/view/A00208/plain</plain>
  </links>
  <citation>Citation: 'aldehydes' in IUPAC Compendium of Chemical Terminology, 5th ed. International Union of Pure and Applied Chemistry; 2025. Online version 5.0.0, 2025. 10.1351/goldbook.A00208</citation>
  <license>The IUPAC Gold Book is licensed under Creative Commons Attribution-ShareAlike CC BY-SA 4.0 International (https://creativecommons.org/licenses/by-sa/4.0/) for individual terms.</license>
  <collection>If you are interested in licensing the Gold Book for commercial use, please contact the IUPAC Executive Director at executivedirector@iupac.org .</collection>
  <disclaimer>The International Union of Pure and Applied Chemistry (IUPAC) is continuously reviewing and, where needed, updating terms in the Compendium of Chemical Terminology (the IUPAC Gold Book). Users of these terms are encouraged to include the version of a term with its use and to check regularly for updates to term definitions that you are using.</disclaimer>
  <accessed>2025-02-25T06:47:06+00:00</accessed>
</term>
