<?xml version="1.0" encoding="UTF-8"?>
<term>
  <id>00216</id>
  <doi>10.1351/goldbook.A00216</doi>
  <code>A00216</code>
  <status>current</status>
  <longtitle>IUPAC Gold Book - alicyclic compounds</longtitle>
  <title>alicyclic compounds</title>
  <termversion>2.3.3</termversion>
  <lastupdated>2014-02-24</lastupdated>
  <definitions>
    <item>
      <id>1</id>
      <text>Aliphatic compounds having a carbocyclic ring structure which may be saturated or unsaturated, but may not be a benzenoid or other aromatic system.</text>
      <links>
        <item>
          <title>aliphatic compounds</title>
          <url>https://goldbook.iupac.org/terms/view/A00217</url>
        </item>
      </links>
      <sources>
        <item>PAC, 1995, 67, 1307. 'Glossary of class names of organic compounds and reactivity intermediates based on structure (IUPAC Recommendations 1995)' on page 1313 (https://doi.org/10.1351/pac199567081307)</item>
      </sources>
    </item>
  </definitions>
  <referencedin>
    <item>
      <title>Wikipedia - Aliciklaj kombinaĵoj (eo)</title>
      <url>https://eo.wikipedia.org/wiki/Aliciklaj_kombinaĵoj</url>
    </item>
    <item>
      <title>Wikipedia - Aliciklusos vegyületek (hu)</title>
      <url>https://hu.wikipedia.org/wiki/Aliciklusos_vegyületek</url>
    </item>
    <item>
      <title>Wikipedia - Alicyclic compound (en)</title>
      <url>https://en.wikipedia.org/wiki/Alicyclic_compound</url>
    </item>
    <item>
      <title>Wikipedia - Alicyclische Verbindungen (de)</title>
      <url>https://de.wikipedia.org/wiki/Alicyclische_Verbindungen</url>
    </item>
    <item>
      <title>Wikipedia - Alicyklická zlúčenina (sk)</title>
      <url>https://sk.wikipedia.org/wiki/Alicyklická_zlúčenina</url>
    </item>
    <item>
      <title>Wikipedia - Alisiklik bileşik (tr)</title>
      <url>https://tr.wikipedia.org/wiki/Alisiklik_bileşik</url>
    </item>
    <item>
      <title>Wikipedia - Cincin (kimia) (id)</title>
      <url>https://id.wikipedia.org/wiki/Cincin_(kimia)</url>
    </item>
    <item>
      <title>Wikipedia - Compost alicíclic (ca)</title>
      <url>https://ca.wikipedia.org/wiki/Compost_alicíclic</url>
    </item>
    <item>
      <title>Wikipedia - Composti aliciclici (it)</title>
      <url>https://it.wikipedia.org/wiki/Composti_aliciclici</url>
    </item>
    <item>
      <title>Wikipedia - Composé alicyclique (fr)</title>
      <url>https://fr.wikipedia.org/wiki/Composé_alicyclique</url>
    </item>
    <item>
      <title>Wikipedia - Compuesto alicíclico (es)</title>
      <url>https://es.wikipedia.org/wiki/Compuesto_alicíclico</url>
    </item>
    <item>
      <title>Wikipedia - Compus aliciclic (ro)</title>
      <url>https://ro.wikipedia.org/wiki/Compus_aliciclic</url>
    </item>
    <item>
      <title>Wikipedia - Ring (chemistry) (en)</title>
      <url>https://en.wikipedia.org/wiki/Ring_(chemistry)</url>
    </item>
    <item>
      <title>Wikipedia - Senyawa alisiklik (id)</title>
      <url>https://id.wikipedia.org/wiki/Senyawa_alisiklik</url>
    </item>
    <item>
      <title>Wikipedia - Алифатические соединения (ru)</title>
      <url>https://ru.wikipedia.org/wiki/Алифатические_соединения</url>
    </item>
    <item>
      <title>Wikipedia - Алициклические соединения (ru)</title>
      <url>https://ru.wikipedia.org/wiki/Алициклические_соединения</url>
    </item>
    <item>
      <title>Wikipedia - Обсуждение:Алифатические соединения (ru)</title>
      <url>https://ru.wikipedia.org/wiki/Обсуждение:Алифатические_соединения</url>
    </item>
    <item>
      <title>Wikipedia - טבעת (כימיה) (he)</title>
      <url>https://he.wikipedia.org/wiki/טבעת_(כימיה)</url>
    </item>
    <item>
      <title>Wikipedia - תרכובת אליציקלית (he)</title>
      <url>https://he.wikipedia.org/wiki/תרכובת_אליציקלית</url>
    </item>
    <item>
      <title>Wikipedia - مركب أليفاتي حلقي (ar)</title>
      <url>https://ar.wikipedia.org/wiki/مركب_أليفاتي_حلقي</url>
    </item>
    <item>
      <title>Wikipedia - ಆಲಿಸೈಕ್ಲಿಕ್ ಸಂಯುಕ್ತ (kn)</title>
      <url>https://kn.wikipedia.org/wiki/ಆಲಿಸೈಕ್ಲಿಕ್_ಸಂಯುಕ್ತ</url>
    </item>
    <item>
      <title>Wikipedia - 環 (化學) (zh)</title>
      <url>https://zh.wikipedia.org/wiki/環_(化學)</url>
    </item>
    <item>
      <title>Wikipedia - 脂环族化合物 (zh)</title>
      <url>https://zh.wikipedia.org/wiki/脂环族化合物</url>
    </item>
    <item>
      <title>Wikipedia - 지방족 고리 화합물 (ko)</title>
      <url>https://ko.wikipedia.org/wiki/지방족_고리_화합물</url>
    </item>
  </referencedin>
  <links>
    <html>https://goldbook.iupac.org/terms/view/A00216/html</html>
    <json>https://goldbook.iupac.org/terms/view/A00216/json</json>
    <xml>https://goldbook.iupac.org/terms/view/A00216/xml</xml>
    <plain>https://goldbook.iupac.org/terms/view/A00216/plain</plain>
  </links>
  <citation>Citation: 'alicyclic compounds' in IUPAC Compendium of Chemical Terminology, 5th ed. International Union of Pure and Applied Chemistry; 2025. Online version 5.0.0, 2025. 10.1351/goldbook.A00216</citation>
  <license>The IUPAC Gold Book is licensed under Creative Commons Attribution-ShareAlike CC BY-SA 4.0 International (https://creativecommons.org/licenses/by-sa/4.0/) for individual terms.</license>
  <collection>If you are interested in licensing the Gold Book for commercial use, please contact the IUPAC Executive Director at executivedirector@iupac.org .</collection>
  <disclaimer>The International Union of Pure and Applied Chemistry (IUPAC) is continuously reviewing and, where needed, updating terms in the Compendium of Chemical Terminology (the IUPAC Gold Book). Users of these terms are encouraged to include the version of a term with its use and to check regularly for updates to term definitions that you are using.</disclaimer>
  <accessed>2025-02-25T06:47:34+00:00</accessed>
</term>
