<?xml version="1.0" encoding="UTF-8"?>
<term>
  <id>00217</id>
  <doi>10.1351/goldbook.A00217</doi>
  <code>A00217</code>
  <status>current</status>
  <longtitle>IUPAC Gold Book - aliphatic compounds</longtitle>
  <title>aliphatic compounds</title>
  <termversion>2.3.3</termversion>
  <lastupdated>2014-02-24</lastupdated>
  <definitions>
    <item>
      <id>1</id>
      <text>Acyclic or cyclic, saturated or unsaturated carbon compounds, excluding aromatic compounds.</text>
      <links>
        <item>
          <title>aromatic compounds</title>
          <url>https://goldbook.iupac.org/terms/view/A00441</url>
        </item>
      </links>
      <sources>
        <item>PAC, 1995, 67, 1307. 'Glossary of class names of organic compounds and reactivity intermediates based on structure (IUPAC Recommendations 1995)' on page 1313 (https://doi.org/10.1351/pac199567081307)</item>
      </sources>
    </item>
  </definitions>
  <referencedin>
    <item>
      <title>Wikipedia - Alifaatsed ühendid (et)</title>
      <url>https://et.wikipedia.org/wiki/Alifaatsed_ühendid</url>
    </item>
    <item>
      <title>Wikipedia - Alifaattinen yhdiste (fi)</title>
      <url>https://fi.wikipedia.org/wiki/Alifaattinen_yhdiste</url>
    </item>
    <item>
      <title>Wikipedia - Alifatiese verbinding (af)</title>
      <url>https://af.wikipedia.org/wiki/Alifatiese_verbinding</url>
    </item>
    <item>
      <title>Wikipedia - Alifatično jedinjenje (sh)</title>
      <url>https://sh.wikipedia.org/wiki/Alifatično_jedinjenje</url>
    </item>
    <item>
      <title>Wikipedia - Alifatično jedinjenje (sr)</title>
      <url>https://sr.wikipedia.org/wiki/Alifatično_jedinjenje</url>
    </item>
    <item>
      <title>Wikipedia - Alipatikong kompuwesto (bcl)</title>
      <url>https://bcl.wikipedia.org/wiki/Alipatikong_kompuwesto</url>
    </item>
    <item>
      <title>Wikipedia - Alipatikong kompwesto (bcl)</title>
      <url>https://bcl.wikipedia.org/wiki/Alipatikong_kompwesto</url>
    </item>
    <item>
      <title>Wikipedia - Aliphatic compound (en)</title>
      <url>https://en.wikipedia.org/wiki/Aliphatic_compound</url>
    </item>
    <item>
      <title>Wikipedia - Aliphatische Kohlenwasserstoffe (de)</title>
      <url>https://de.wikipedia.org/wiki/Aliphatische_Kohlenwasserstoffe</url>
    </item>
    <item>
      <title>Wikipedia - Composti alifatici (it)</title>
      <url>https://it.wikipedia.org/wiki/Composti_alifatici</url>
    </item>
    <item>
      <title>Wikipedia - Composto alifático (pt)</title>
      <url>https://pt.wikipedia.org/wiki/Composto_alifático</url>
    </item>
    <item>
      <title>Wikipedia - Hemijsko jedinjenje (sh)</title>
      <url>https://sh.wikipedia.org/wiki/Hemijsko_jedinjenje</url>
    </item>
    <item>
      <title>Wikipedia - Hidrocarbur alifàtic (ca)</title>
      <url>https://ca.wikipedia.org/wiki/Hidrocarbur_alifàtic</url>
    </item>
    <item>
      <title>Wikipedia - Senyawa alifatik (id)</title>
      <url>https://id.wikipedia.org/wiki/Senyawa_alifatik</url>
    </item>
    <item>
      <title>Wikipedia - Związki alifatyczne (pl)</title>
      <url>https://pl.wikipedia.org/wiki/Związki_alifatyczne</url>
    </item>
    <item>
      <title>Wikipedia - Алифатические соединения (ru)</title>
      <url>https://ru.wikipedia.org/wiki/Алифатические_соединения</url>
    </item>
    <item>
      <title>Wikipedia - Алифатично соединение (mk)</title>
      <url>https://mk.wikipedia.org/wiki/Алифатично_соединение</url>
    </item>
    <item>
      <title>Wikipedia - Аліфатичні сполуки (uk)</title>
      <url>https://uk.wikipedia.org/wiki/Аліфатичні_сполуки</url>
    </item>
    <item>
      <title>Wikipedia - Хемијско једињење (sr)</title>
      <url>https://sr.wikipedia.org/wiki/Хемијско_једињење</url>
    </item>
    <item>
      <title>Wikipedia - ترکیبات آلیفاتیک (fa)</title>
      <url>https://fa.wikipedia.org/wiki/ترکیبات_آلیفاتیک</url>
    </item>
    <item>
      <title>Wikipedia - مركب أليفاتي (ar)</title>
      <url>https://ar.wikipedia.org/wiki/مركب_أليفاتي</url>
    </item>
    <item>
      <title>Wikipedia - ऐलिफ़ैटिक यौगिक (hi)</title>
      <url>https://hi.wikipedia.org/wiki/ऐलिफ़ैटिक_यौगिक</url>
    </item>
    <item>
      <title>Wikipedia - অ্যালিফ্যাটিক হাইড্রোকার্বন (bn)</title>
      <url>https://bn.wikipedia.org/wiki/অ্যালিফ্যাটিক_হাইড্রোকার্বন</url>
    </item>
    <item>
      <title>Wikipedia - அலிபாடிக் சேர்மம் (ta)</title>
      <url>https://ta.wikipedia.org/wiki/அலிபாடிக்_சேர்மம்</url>
    </item>
    <item>
      <title>Wikipedia - สารประกอบแอลิแฟติก (th)</title>
      <url>https://th.wikipedia.org/wiki/สารประกอบแอลิแฟติก</url>
    </item>
    <item>
      <title>Wikipedia - 脂肪族化合物 (ja)</title>
      <url>https://ja.wikipedia.org/wiki/脂肪族化合物</url>
    </item>
    <item>
      <title>Wikipedia - 脂肪族化合物 (zh)</title>
      <url>https://zh.wikipedia.org/wiki/脂肪族化合物</url>
    </item>
    <item>
      <title>Wikipedia - 지방족 화합물 (ko)</title>
      <url>https://ko.wikipedia.org/wiki/지방족_화합물</url>
    </item>
  </referencedin>
  <links>
    <html>https://goldbook.iupac.org/terms/view/A00217/html</html>
    <json>https://goldbook.iupac.org/terms/view/A00217/json</json>
    <xml>https://goldbook.iupac.org/terms/view/A00217/xml</xml>
    <plain>https://goldbook.iupac.org/terms/view/A00217/plain</plain>
  </links>
  <citation>Citation: 'aliphatic compounds' in IUPAC Compendium of Chemical Terminology, 5th ed. International Union of Pure and Applied Chemistry; 2025. Online version 5.0.0, 2025. 10.1351/goldbook.A00217</citation>
  <license>The IUPAC Gold Book is licensed under Creative Commons Attribution-ShareAlike CC BY-SA 4.0 International (https://creativecommons.org/licenses/by-sa/4.0/) for individual terms.</license>
  <collection>If you are interested in licensing the Gold Book for commercial use, please contact the IUPAC Executive Director at executivedirector@iupac.org .</collection>
  <disclaimer>The International Union of Pure and Applied Chemistry (IUPAC) is continuously reviewing and, where needed, updating terms in the Compendium of Chemical Terminology (the IUPAC Gold Book). Users of these terms are encouraged to include the version of a term with its use and to check regularly for updates to term definitions that you are using.</disclaimer>
  <accessed>2025-02-25T06:47:40+00:00</accessed>
</term>
