<?xml version="1.0" encoding="UTF-8"?>
<term>
  <id>00270</id>
  <doi>10.1351/goldbook.A00270</doi>
  <code>A00270</code>
  <status>current</status>
  <longtitle>IUPAC Gold Book - aminals</longtitle>
  <title>aminals</title>
  <termversion>2.3.3</termversion>
  <lastupdated>2014-02-24</lastupdated>
  <definitions>
    <item>
      <id>1</id>
      <text>Compounds having two amino groups bonded to the same carbon, R2C(NR2)2. Also called geminal diamines. [The term aminal has also been used, with consequent ambiguity, for α-amino ethers (hemiaminal ethers); such use is discouraged.]</text>
      <links>
        <item>
          <title>hemiaminals</title>
          <url>https://goldbook.iupac.org/terms/view/H02775</url>
        </item>
        <item>
          <title>hemiaminals</title>
          <url>https://goldbook.iupac.org/terms/view/H02775</url>
        </item>
        <item>
          <title>ethers</title>
          <url>https://goldbook.iupac.org/terms/view/E02221</url>
        </item>
      </links>
      <sources>
        <item>PAC, 1995, 67, 1307. 'Glossary of class names of organic compounds and reactivity intermediates based on structure (IUPAC Recommendations 1995)' on page 1316 (https://doi.org/10.1351/pac199567081307)</item>
      </sources>
    </item>
  </definitions>
  <referencedin>
    <item>
      <title>Wikipedia - Aminaalit (fi)</title>
      <url>https://fi.wikipedia.org/wiki/Aminaalit</url>
    </item>
    <item>
      <title>Wikipedia - Aminal (en)</title>
      <url>https://en.wikipedia.org/wiki/Aminal</url>
    </item>
    <item>
      <title>Wikipedia - Aminal (gl)</title>
      <url>https://gl.wikipedia.org/wiki/Aminal</url>
    </item>
    <item>
      <title>Wikipedia - Aminál (hu)</title>
      <url>https://hu.wikipedia.org/wiki/Aminál</url>
    </item>
    <item>
      <title>Wikipedia - Amminali (it)</title>
      <url>https://it.wikipedia.org/wiki/Amminali</url>
    </item>
    <item>
      <title>Wikipedia - Eter (sl)</title>
      <url>https://sl.wikipedia.org/wiki/Eter</url>
    </item>
    <item>
      <title>Wikipedia - அமினால் (ta)</title>
      <url>https://ta.wikipedia.org/wiki/அமினால்</url>
    </item>
  </referencedin>
  <links>
    <html>https://goldbook.iupac.org/terms/view/A00270/html</html>
    <json>https://goldbook.iupac.org/terms/view/A00270/json</json>
    <xml>https://goldbook.iupac.org/terms/view/A00270/xml</xml>
    <plain>https://goldbook.iupac.org/terms/view/A00270/plain</plain>
  </links>
  <citation>Citation: 'aminals' in IUPAC Compendium of Chemical Terminology, 5th ed. International Union of Pure and Applied Chemistry; 2025. Online version 5.0.0, 2025. 10.1351/goldbook.A00270</citation>
  <license>The IUPAC Gold Book is licensed under Creative Commons Attribution-ShareAlike CC BY-SA 4.0 International (https://creativecommons.org/licenses/by-sa/4.0/) for individual terms.</license>
  <collection>If you are interested in licensing the Gold Book for commercial use, please contact the IUPAC Executive Director at executivedirector@iupac.org .</collection>
  <disclaimer>The International Union of Pure and Applied Chemistry (IUPAC) is continuously reviewing and, where needed, updating terms in the Compendium of Chemical Terminology (the IUPAC Gold Book). Users of these terms are encouraged to include the version of a term with its use and to check regularly for updates to term definitions that you are using.</disclaimer>
  <accessed>2025-02-25T06:50:50+00:00</accessed>
</term>
