<?xml version="1.0" encoding="UTF-8"?>
<term>
  <id>00285</id>
  <doi>10.1351/goldbook.A00285</doi>
  <code>A00285</code>
  <status>current</status>
  <longtitle>IUPAC Gold Book - aminoxyl radicals</longtitle>
  <title>aminoxyl radicals</title>
  <termversion>2.3.3</termversion>
  <lastupdated>2014-02-24</lastupdated>
  <definitions>
    <item>
      <id>1</id>
      <text>Compounds having the structure R2N–O.R2N.+–O−; they are radicals derived from hydroxylamines by removal of the hydrogen atom from the hydroxy group, and are in many cases isolable. The synonymous terms 'nitroxyl radicals' and 'nitroxides' erroneously suggest the presence of a nitro group; their use is not desirable. E.g. (ClCH2)2N–O. bis(chloromethyl)aminoxyl.</text>
      <links>
        <item>
          <title>radicals</title>
          <url>https://goldbook.iupac.org/terms/view/R05066</url>
        </item>
        <item>
          <title>radicals</title>
          <url>https://goldbook.iupac.org/terms/view/R05066</url>
        </item>
        <item>
          <title>hydroxylamines</title>
          <url>https://goldbook.iupac.org/terms/view/H02913</url>
        </item>
        <item>
          <title>nitroxyl radicals</title>
          <url>https://goldbook.iupac.org/terms/view/N04172</url>
        </item>
        <item>
          <title>nitroxides</title>
          <url>https://goldbook.iupac.org/terms/view/N04171</url>
        </item>
      </links>
      <math>
        <item>
          <meaning>Tautomer interconversion</meaning>
          <type>symbol</type>
          <alttext>↔︎</alttext>
          <latex>\leftrightarrow</latex>
        </item>
      </math>
      <sources>
        <item>PAC, 1993, 65, 1357. 'Revised nomenclature for radicals, ions, radical ions and related species (IUPAC Recommendations 1993)' on page 1357 (https://doi.org/10.1351/pac199365061357)</item>
        <item>PAC, 1995, 67, 1307. 'Glossary of class names of organic compounds and reactivity intermediates based on structure (IUPAC Recommendations 1995)' on page 1317 (https://doi.org/10.1351/pac199567081307)</item>
      </sources>
    </item>
  </definitions>
  <referencedin>
    <item>
      <title>Wikipedia - Aminoxyl (cs)</title>
      <url>https://cs.wikipedia.org/wiki/Aminoxyl</url>
    </item>
    <item>
      <title>Wikipedia - Aminoxyl group (en)</title>
      <url>https://en.wikipedia.org/wiki/Aminoxyl_group</url>
    </item>
    <item>
      <title>Wikipedia - User talk:Nattanicha S. (en)</title>
      <url>https://en.wikipedia.org/wiki/User_talk:Nattanicha_S.</url>
    </item>
  </referencedin>
  <links>
    <html>https://goldbook.iupac.org/terms/view/A00285/html</html>
    <json>https://goldbook.iupac.org/terms/view/A00285/json</json>
    <xml>https://goldbook.iupac.org/terms/view/A00285/xml</xml>
    <plain>https://goldbook.iupac.org/terms/view/A00285/plain</plain>
  </links>
  <citation>Citation: 'aminoxyl radicals' in IUPAC Compendium of Chemical Terminology, 5th ed. International Union of Pure and Applied Chemistry; 2025. Online version 5.0.0, 2025. 10.1351/goldbook.A00285</citation>
  <license>The IUPAC Gold Book is licensed under Creative Commons Attribution-ShareAlike CC BY-SA 4.0 International (https://creativecommons.org/licenses/by-sa/4.0/) for individual terms.</license>
  <collection>If you are interested in licensing the Gold Book for commercial use, please contact the IUPAC Executive Director at executivedirector@iupac.org .</collection>
  <disclaimer>The International Union of Pure and Applied Chemistry (IUPAC) is continuously reviewing and, where needed, updating terms in the Compendium of Chemical Terminology (the IUPAC Gold Book). Users of these terms are encouraged to include the version of a term with its use and to check regularly for updates to term definitions that you are using.</disclaimer>
  <accessed>2025-02-25T06:51:36+00:00</accessed>
</term>
