<?xml version="1.0" encoding="UTF-8"?>
<term>
  <id>00250</id>
  <doi>10.1351/goldbook.A00250</doi>
  <code>A00250</code>
  <status>current</status>
  <longtitle>IUPAC Gold Book - alternating copolymer</longtitle>
  <title>alternating copolymer</title>
  <termversion>2.3.3</termversion>
  <lastupdated>2014-02-24</lastupdated>
  <definitions>
    <item>
      <id>1</id>
      <text>A copolymer consisting of macromolecules comprising two species of monomeric units in alternating sequence.</text>
      <notes>
        <item>An alternating copolymer may be considered as a homopolymer derived from an implicit or hypothetical monomer.</item>
      </notes>
      <links>
        <item>
          <title>homopolymer (Note 1)</title>
          <url>https://goldbook.iupac.org/terms/view/H02854</url>
        </item>
        <item>
          <title>homopolymer</title>
          <url>https://goldbook.iupac.org/terms/view/H02854</url>
        </item>
        <item>
          <title>copolymer</title>
          <url>https://goldbook.iupac.org/terms/view/C01335</url>
        </item>
        <item>
          <title>monomer</title>
          <url>https://goldbook.iupac.org/terms/view/M04017</url>
        </item>
        <item>
          <title>sequence</title>
          <url>https://goldbook.iupac.org/terms/view/ST06775</url>
        </item>
        <item>
          <title>homopolymer</title>
          <url>https://goldbook.iupac.org/terms/view/H02854</url>
        </item>
        <item>
          <title>copolymer</title>
          <url>https://goldbook.iupac.org/terms/view/C01335</url>
        </item>
        <item>
          <title>monomer</title>
          <url>https://goldbook.iupac.org/terms/view/M04017</url>
        </item>
        <item>
          <title>sequence</title>
          <url>https://goldbook.iupac.org/terms/view/ST06775</url>
        </item>
        <item>
          <title>macromolecules</title>
          <url>https://goldbook.iupac.org/terms/view/M03667</url>
        </item>
        <item>
          <title>monomeric units</title>
          <url>https://goldbook.iupac.org/terms/view/M04018</url>
        </item>
      </links>
      <sources>
        <item>PAC, 1996, 68, 2287. 'Glossary of basic terms in polymer science (IUPAC Recommendations 1996)' on page 2301 (https://doi.org/10.1351/pac199668122287)</item>
      </sources>
    </item>
  </definitions>
  <referencedin>
    <item>
      <title>Wikipedia - Copolymer (en)</title>
      <url>https://en.wikipedia.org/wiki/Copolymer</url>
    </item>
    <item>
      <title>Wikipedia - List of synthetic polymers (en)</title>
      <url>https://en.wikipedia.org/wiki/List_of_synthetic_polymers</url>
    </item>
    <item>
      <title>Wikipedia - Συμπολυμερές (el)</title>
      <url>https://el.wikipedia.org/wiki/Συμπολυμερές</url>
    </item>
    <item>
      <title>Wikipedia - بوليمر مشترك (ar)</title>
      <url>https://ar.wikipedia.org/wiki/بوليمر_مشترك</url>
    </item>
    <item>
      <title>Wikipedia - بوليمير مشترك (ar)</title>
      <url>https://ar.wikipedia.org/wiki/بوليمير_مشترك</url>
    </item>
    <item>
      <title>Wikipedia - مبلمر مشترك (ar)</title>
      <url>https://ar.wikipedia.org/wiki/مبلمر_مشترك</url>
    </item>
  </referencedin>
  <links>
    <html>https://goldbook.iupac.org/terms/view/A00250/html</html>
    <json>https://goldbook.iupac.org/terms/view/A00250/json</json>
    <xml>https://goldbook.iupac.org/terms/view/A00250/xml</xml>
    <plain>https://goldbook.iupac.org/terms/view/A00250/plain</plain>
  </links>
  <citation>Citation: 'alternating copolymer' in IUPAC Compendium of Chemical Terminology, 5th ed. International Union of Pure and Applied Chemistry; 2025. Online version 5.0.0, 2025. 10.1351/goldbook.A00250</citation>
  <license>The IUPAC Gold Book is licensed under Creative Commons Attribution-ShareAlike CC BY-SA 4.0 International (https://creativecommons.org/licenses/by-sa/4.0/) for individual terms.</license>
  <collection>If you are interested in licensing the Gold Book for commercial use, please contact the IUPAC Executive Director at executivedirector@iupac.org .</collection>
  <disclaimer>The International Union of Pure and Applied Chemistry (IUPAC) is continuously reviewing and, where needed, updating terms in the Compendium of Chemical Terminology (the IUPAC Gold Book). Users of these terms are encouraged to include the version of a term with its use and to check regularly for updates to term definitions that you are using.</disclaimer>
  <accessed>2025-02-25T06:49:43+00:00</accessed>
</term>
