<?xml version="1.0" encoding="UTF-8"?>
<term>
  <id>00277</id>
  <doi>10.1351/goldbook.A00277</doi>
  <code>A00277</code>
  <status>current</status>
  <longtitle>IUPAC Gold Book - aminium ions</longtitle>
  <title>aminium ions</title>
  <termversion>2.0.2</termversion>
  <lastupdated>2008-10-07</lastupdated>
  <definitions>
    <item>
      <id>1</id>
      <text>Cations HR3N+ formed by hydronation of an amine R3N. 'Non-quaternary ammonium ions' is a synonymous term, e.g. prolinium, PhN+HMe2, N,N-dimethylanilinium.</text>
      <notes>
        <item>If a class X can be hydronated to Xium ions the class Xium ions commonly includes the derivatives formed by the replacement of the added hydron with a hydrocarbyl group. Aminium ions form an exception, made possible by the availability of the class name ammonium ions.</item>
      </notes>
      <links>
        <item>
          <title>hydron</title>
          <url>https://goldbook.iupac.org/terms/view/H02904</url>
        </item>
      </links>
    </item>
  </definitions>
  <sources>'Glossary of class names of organic compounds and reactivity intermediates based on structure (IUPAC Recommendations 1995)' Moss, G.P.;Smith, P.A.S.;Tavernier, D.; Pure and Applied Chemistry 1995 67(8-9) 1307</sources>
  <links>
    <html>https://goldbook.iupac.org/terms/view/A00277/html</html>
    <json>https://goldbook.iupac.org/terms/view/A00277/json</json>
    <xml>https://goldbook.iupac.org/terms/view/A00277/xml</xml>
    <plain>https://goldbook.iupac.org/terms/view/A00277/plain</plain>
  </links>
  <citation>Citation: 'aminium ions' in IUPAC Compendium of Chemical Terminology, 5th ed. International Union of Pure and Applied Chemistry; 2025. Online version 5.0.0, 2025. 10.1351/goldbook.A00277</citation>
  <license>The IUPAC Gold Book is licensed under Creative Commons Attribution-ShareAlike CC BY-SA 4.0 International (https://creativecommons.org/licenses/by-sa/4.0/) for individual terms.</license>
  <collection>If you are interested in licensing the Gold Book for commercial use, please contact the IUPAC Executive Director at executivedirector@iupac.org .</collection>
  <disclaimer>The International Union of Pure and Applied Chemistry (IUPAC) is continuously reviewing and, where needed, updating terms in the Compendium of Chemical Terminology (the IUPAC Gold Book). Users of these terms are encouraged to include the version of a term with its use and to check regularly for updates to term definitions that you are using.</disclaimer>
  <accessed>2025-02-25T06:51:14+00:00</accessed>
</term>
