<?xml version="1.0" encoding="UTF-8"?>
<term>
  <id>00200</id>
  <doi>10.1351/goldbook.A00200</doi>
  <code>A00200</code>
  <status>current</status>
  <longtitle>IUPAC Gold Book - air sampling network, in atmospheric chemistry</longtitle>
  <title>air sampling network</title>
  <termversion>2.0.2</termversion>
  <lastupdated>2008-10-07</lastupdated>
  <definitions>
    <item>
      <id>1</id>
      <text>A number of air sampling stations which are established in a given geographical region at which measurements of both pollutant concentrations and meteorological quantities (wind speed, direction, rain fall, humidity, etc.) are made to determine the extent and the nature of the air pollution and to establish trends in the concentrations of the air pollutants with time.</text>
      <contexts>
        <in>
          <item>atmospheric chemistry</item>
        </in>
      </contexts>
      <links>
        <item>
          <title>air pollution</title>
          <url>https://goldbook.iupac.org/terms/view/A00195</url>
        </item>
      </links>
      <sources>
        <item>PAC, 1990, 62, 2167. 'Glossary of atmospheric chemistry terms (Recommendations 1990)' on page 2173 (https://doi.org/10.1351/pac199062112167)</item>
      </sources>
    </item>
  </definitions>
  <links>
    <html>https://goldbook.iupac.org/terms/view/A00200/html</html>
    <json>https://goldbook.iupac.org/terms/view/A00200/json</json>
    <xml>https://goldbook.iupac.org/terms/view/A00200/xml</xml>
    <plain>https://goldbook.iupac.org/terms/view/A00200/plain</plain>
  </links>
  <citation>Citation: 'air sampling network' in IUPAC Compendium of Chemical Terminology, 5th ed. International Union of Pure and Applied Chemistry; 2025. Online version 5.0.0, 2025. 10.1351/goldbook.A00200</citation>
  <license>The IUPAC Gold Book is licensed under Creative Commons Attribution-ShareAlike CC BY-SA 4.0 International (https://creativecommons.org/licenses/by-sa/4.0/) for individual terms.</license>
  <collection>If you are interested in licensing the Gold Book for commercial use, please contact the IUPAC Executive Director at executivedirector@iupac.org .</collection>
  <disclaimer>The International Union of Pure and Applied Chemistry (IUPAC) is continuously reviewing and, where needed, updating terms in the Compendium of Chemical Terminology (the IUPAC Gold Book). Users of these terms are encouraged to include the version of a term with its use and to check regularly for updates to term definitions that you are using.</disclaimer>
  <accessed>2025-02-25T06:46:27+00:00</accessed>
</term>
