<?xml version="1.0" encoding="UTF-8"?>
<term>
  <id>00268</id>
  <doi>10.1351/goldbook.A00268</doi>
  <code>A00268</code>
  <status>current</status>
  <longtitle>IUPAC Gold Book - amidium ions</longtitle>
  <title>amidium ions</title>
  <termversion>2.3.3</termversion>
  <lastupdated>2014-02-24</lastupdated>
  <definitions>
    <item>
      <id>1</id>
      <text>Cations formally derived by the addition of one hydron to the N or O atom of an amide and N-hydrocarbyl derivatives thereof. In organic chemistry an unspecified amidium ion is commonly a carboxamidium ion [image: Not defined] or [image: Not defined] The term does not imply knowledge concerning the position of the cationic centre, e.g. PhC(=O)N+Me3N,N,N-trimethylbenzamidium.</text>
      <chemicals>
        <item>
          <type>chemimage</type>
          <title>Not defined</title>
          <file>https://goldbook.iupac.org/img/inline/A00268-1.png</file>
        </item>
        <item>
          <type>chemimage</type>
          <title>Not defined</title>
          <file>https://goldbook.iupac.org/img/inline/A00268-2.png</file>
        </item>
      </chemicals>
      <links>
        <item>
          <title>hydron</title>
          <url>https://goldbook.iupac.org/terms/view/H02904</url>
        </item>
        <item>
          <title>hydron</title>
          <url>https://goldbook.iupac.org/terms/view/H02904</url>
        </item>
        <item>
          <title>amide</title>
          <url>https://goldbook.iupac.org/terms/view/A00266</url>
        </item>
        <item>
          <title>hydrocarbyl</title>
          <url>https://goldbook.iupac.org/terms/view/H02891</url>
        </item>
      </links>
      <sources>
        <item>PAC, 1993, 65, 1357. 'Revised nomenclature for radicals, ions, radical ions and related species (IUPAC Recommendations 1993)' on page 1357 (https://doi.org/10.1351/pac199365061357)</item>
        <item>PAC, 1995, 67, 1307. 'Glossary of class names of organic compounds and reactivity intermediates based on structure (IUPAC Recommendations 1995)' on page 1315 (https://doi.org/10.1351/pac199567081307)</item>
      </sources>
    </item>
  </definitions>
  <links>
    <html>https://goldbook.iupac.org/terms/view/A00268/html</html>
    <json>https://goldbook.iupac.org/terms/view/A00268/json</json>
    <xml>https://goldbook.iupac.org/terms/view/A00268/xml</xml>
    <plain>https://goldbook.iupac.org/terms/view/A00268/plain</plain>
  </links>
  <citation>Citation: 'amidium ions' in IUPAC Compendium of Chemical Terminology, 5th ed. International Union of Pure and Applied Chemistry; 2025. Online version 5.0.0, 2025. 10.1351/goldbook.A00268</citation>
  <license>The IUPAC Gold Book is licensed under Creative Commons Attribution-ShareAlike CC BY-SA 4.0 International (https://creativecommons.org/licenses/by-sa/4.0/) for individual terms.</license>
  <collection>If you are interested in licensing the Gold Book for commercial use, please contact the IUPAC Executive Director at executivedirector@iupac.org .</collection>
  <disclaimer>The International Union of Pure and Applied Chemistry (IUPAC) is continuously reviewing and, where needed, updating terms in the Compendium of Chemical Terminology (the IUPAC Gold Book). Users of these terms are encouraged to include the version of a term with its use and to check regularly for updates to term definitions that you are using.</disclaimer>
  <accessed>2025-02-25T06:50:43+00:00</accessed>
</term>
