<?xml version="1.0" encoding="UTF-8"?>
<term>
  <id>00289</id>
  <doi>10.1351/goldbook.A00289</doi>
  <code>A00289</code>
  <status>current</status>
  <longtitle>IUPAC Gold Book - aminyl radicals</longtitle>
  <title>aminyl radicals</title>
  <termversion>2.0.2</termversion>
  <lastupdated>2008-10-07</lastupdated>
  <definitions>
    <item>
      <id>1</id>
      <text>The nitrogen-centered radical H2N., formally derived by the removal of a hydrogen atom from ammonia, and its hydrocarbyl derivatives R2N..</text>
      <links>
        <item>
          <title>hydrocarbyl</title>
          <url>https://goldbook.iupac.org/terms/view/H02891</url>
        </item>
      </links>
      <sources>
        <item>PAC, 1995, 67, 1307. 'Glossary of class names of organic compounds and reactivity intermediates based on structure (IUPAC Recommendations 1995)' on page 1317 (https://doi.org/10.1351/pac199567081307)</item>
      </sources>
    </item>
  </definitions>
  <links>
    <html>https://goldbook.iupac.org/terms/view/A00289/html</html>
    <json>https://goldbook.iupac.org/terms/view/A00289/json</json>
    <xml>https://goldbook.iupac.org/terms/view/A00289/xml</xml>
    <plain>https://goldbook.iupac.org/terms/view/A00289/plain</plain>
  </links>
  <citation>Citation: 'aminyl radicals' in IUPAC Compendium of Chemical Terminology, 5th ed. International Union of Pure and Applied Chemistry; 2025. Online version 5.0.0, 2025. 10.1351/goldbook.A00289</citation>
  <license>The IUPAC Gold Book is licensed under Creative Commons Attribution-ShareAlike CC BY-SA 4.0 International (https://creativecommons.org/licenses/by-sa/4.0/) for individual terms.</license>
  <collection>If you are interested in licensing the Gold Book for commercial use, please contact the IUPAC Executive Director at executivedirector@iupac.org .</collection>
  <disclaimer>The International Union of Pure and Applied Chemistry (IUPAC) is continuously reviewing and, where needed, updating terms in the Compendium of Chemical Terminology (the IUPAC Gold Book). Users of these terms are encouraged to include the version of a term with its use and to check regularly for updates to term definitions that you are using.</disclaimer>
  <accessed>2025-02-25T06:51:41+00:00</accessed>
</term>
