<?xml version="1.0" encoding="UTF-8"?>
<term>
  <id>00212</id>
  <doi>10.1351/goldbook.A00212</doi>
  <code>A00212</code>
  <status>current</status>
  <longtitle>IUPAC Gold Book - aldonic acids</longtitle>
  <title>aldonic acids</title>
  <termversion>2.3.3</termversion>
  <lastupdated>2014-02-24</lastupdated>
  <definitions>
    <item>
      <id>1</id>
      <text>Polyhydroxy acids having the general formula HOCH2[CH(OH)]nC(=O)OH and therefore derived from an aldose by oxidation of the aldehyde function, e.g. d-gluconic acid. [image: Not defined]</text>
      <chemicals>
        <item>
          <type>chemimage</type>
          <title>Not defined</title>
          <file>https://goldbook.iupac.org/img/inline/A00212.png</file>
        </item>
      </chemicals>
      <links>
        <item>
          <title>aldose</title>
          <url>https://goldbook.iupac.org/terms/view/A00213</url>
        </item>
        <item>
          <title>aldehyde</title>
          <url>https://goldbook.iupac.org/terms/view/A00208</url>
        </item>
        <item>
          <title>aldose</title>
          <url>https://goldbook.iupac.org/terms/view/A00213</url>
        </item>
        <item>
          <title>aldehyde</title>
          <url>https://goldbook.iupac.org/terms/view/A00208</url>
        </item>
        <item>
          <title>oxidation</title>
          <url>https://goldbook.iupac.org/terms/view/O04362</url>
        </item>
      </links>
      <sources>
        <item>PAC, 1995, 67, 1307. 'Glossary of class names of organic compounds and reactivity intermediates based on structure (IUPAC Recommendations 1995)' on page 1313 (https://doi.org/10.1351/pac199567081307)</item>
      </sources>
    </item>
  </definitions>
  <referencedin>
    <item>
      <title>Wikipedia - Acid aldonic (ro)</title>
      <url>https://ro.wikipedia.org/wiki/Acid_aldonic</url>
    </item>
    <item>
      <title>Wikipedia - Acide aldonique (fr)</title>
      <url>https://fr.wikipedia.org/wiki/Acide_aldonique</url>
    </item>
    <item>
      <title>Wikipedia - Acidi aldonici (it)</title>
      <url>https://it.wikipedia.org/wiki/Acidi_aldonici</url>
    </item>
    <item>
      <title>Wikipedia - Aldaric acid (en)</title>
      <url>https://en.wikipedia.org/wiki/Aldaric_acid</url>
    </item>
    <item>
      <title>Wikipedia - Aldonic acid (en)</title>
      <url>https://en.wikipedia.org/wiki/Aldonic_acid</url>
    </item>
    <item>
      <title>Wikipedia - Aldonihapot (fi)</title>
      <url>https://fi.wikipedia.org/wiki/Aldonihapot</url>
    </item>
    <item>
      <title>Wikipedia - Aldonsäuren (de)</title>
      <url>https://de.wikipedia.org/wiki/Aldonsäuren</url>
    </item>
    <item>
      <title>Wikipedia - Azucre ácido (gl)</title>
      <url>https://gl.wikipedia.org/wiki/Azucre_ácido</url>
    </item>
    <item>
      <title>Wikipedia - Kwasy aldonowe (pl)</title>
      <url>https://pl.wikipedia.org/wiki/Kwasy_aldonowe</url>
    </item>
    <item>
      <title>Wikipedia - Ácido aldónico (gl)</title>
      <url>https://gl.wikipedia.org/wiki/Ácido_aldónico</url>
    </item>
    <item>
      <title>Wikipedia - Ácido aldônico (pt)</title>
      <url>https://pt.wikipedia.org/wiki/Ácido_aldônico</url>
    </item>
    <item>
      <title>Wikipedia - Ácido de açúcar (pt)</title>
      <url>https://pt.wikipedia.org/wiki/Ácido_de_açúcar</url>
    </item>
    <item>
      <title>Wikipedia - Алдонова киселина (bg)</title>
      <url>https://bg.wikipedia.org/wiki/Алдонова_киселина</url>
    </item>
    <item>
      <title>Wikipedia - Альдоновые кислоты (ru)</title>
      <url>https://ru.wikipedia.org/wiki/Альдоновые_кислоты</url>
    </item>
    <item>
      <title>Wikipedia - 醛糖酸 (zh)</title>
      <url>https://zh.wikipedia.org/wiki/醛糖酸</url>
    </item>
  </referencedin>
  <links>
    <html>https://goldbook.iupac.org/terms/view/A00212/html</html>
    <json>https://goldbook.iupac.org/terms/view/A00212/json</json>
    <xml>https://goldbook.iupac.org/terms/view/A00212/xml</xml>
    <plain>https://goldbook.iupac.org/terms/view/A00212/plain</plain>
  </links>
  <citation>Citation: 'aldonic acids' in IUPAC Compendium of Chemical Terminology, 5th ed. International Union of Pure and Applied Chemistry; 2025. Online version 5.0.0, 2025. 10.1351/goldbook.A00212</citation>
  <license>The IUPAC Gold Book is licensed under Creative Commons Attribution-ShareAlike CC BY-SA 4.0 International (https://creativecommons.org/licenses/by-sa/4.0/) for individual terms.</license>
  <collection>If you are interested in licensing the Gold Book for commercial use, please contact the IUPAC Executive Director at executivedirector@iupac.org .</collection>
  <disclaimer>The International Union of Pure and Applied Chemistry (IUPAC) is continuously reviewing and, where needed, updating terms in the Compendium of Chemical Terminology (the IUPAC Gold Book). Users of these terms are encouraged to include the version of a term with its use and to check regularly for updates to term definitions that you are using.</disclaimer>
  <accessed>2025-02-25T06:47:20+00:00</accessed>
</term>
