<?xml version="1.0" encoding="UTF-8"?>
<term>
  <id>00239</id>
  <doi>10.1351/goldbook.A00239</doi>
  <code>A00239</code>
  <status>current</status>
  <longtitle>IUPAC Gold Book - allo- in amino-acid nomenclature</longtitle>
  <title>allo-</title>
  <termversion>2.3.3</termversion>
  <lastupdated>2014-02-24</lastupdated>
  <definitions>
    <item>
      <id>1</id>
      <text>Amino acids with two chiral centres were named in the past by allotting a name to the first diastereoisomer to be discovered. The second diastereoisomer, when found or synthesized, was then assigned the same name but with the prefix allo-. This method can be used only with trivial names but not with semisystematic or systematic names. It is now recommended that allo should be used only for alloisoleucine and allothreonine.</text>
      <contexts>
        <in>
          <item>amino-acid nomenclature</item>
        </in>
      </contexts>
      <links>
        <item>
          <title>chiral</title>
          <url>https://goldbook.iupac.org/terms/view/C01057</url>
        </item>
      </links>
      <sources>
        <item>White Book, 2nd ed., p. 46 (https://iupac.qmul.ac.uk/bibliog/white.html)</item>
      </sources>
    </item>
  </definitions>
  <referencedin>
    <item>
      <title>Wikipedia - Descriptor (nl)</title>
      <url>https://nl.wikipedia.org/wiki/Descriptor</url>
    </item>
    <item>
      <title>Wikipedia - Deskriptor (Chemie) (de)</title>
      <url>https://de.wikipedia.org/wiki/Deskriptor_(Chemie)</url>
    </item>
  </referencedin>
  <links>
    <html>https://goldbook.iupac.org/terms/view/A00239/html</html>
    <json>https://goldbook.iupac.org/terms/view/A00239/json</json>
    <xml>https://goldbook.iupac.org/terms/view/A00239/xml</xml>
    <plain>https://goldbook.iupac.org/terms/view/A00239/plain</plain>
  </links>
  <citation>Citation: 'allo-' in IUPAC Compendium of Chemical Terminology, 5th ed. International Union of Pure and Applied Chemistry; 2025. Online version 5.0.0, 2025. 10.1351/goldbook.A00239</citation>
  <license>The IUPAC Gold Book is licensed under Creative Commons Attribution-ShareAlike CC BY-SA 4.0 International (https://creativecommons.org/licenses/by-sa/4.0/) for individual terms.</license>
  <collection>If you are interested in licensing the Gold Book for commercial use, please contact the IUPAC Executive Director at executivedirector@iupac.org .</collection>
  <disclaimer>The International Union of Pure and Applied Chemistry (IUPAC) is continuously reviewing and, where needed, updating terms in the Compendium of Chemical Terminology (the IUPAC Gold Book). Users of these terms are encouraged to include the version of a term with its use and to check regularly for updates to term definitions that you are using.</disclaimer>
  <accessed>2025-02-25T06:49:09+00:00</accessed>
</term>
