<?xml version="1.0" encoding="UTF-8"?>
<term>
  <id>00235</id>
  <doi>10.1351/goldbook.A00235</doi>
  <code>A00235</code>
  <status>current</status>
  <longtitle>IUPAC Gold Book - alkyl radicals</longtitle>
  <title>alkyl radicals</title>
  <termversion/>
  <definitions>
    <item>
      <id>1</id>
      <text>Carbon-centered radicals derived formally by removal of one hydrogen atom from an alkane, e.g. CH3CH2C.H2 propyl.</text>
      <links>
        <item>
          <title>radicals</title>
          <url>https://goldbook.iupac.org/terms/view/R05066</url>
        </item>
        <item>
          <title>alkane</title>
          <url>https://goldbook.iupac.org/terms/view/A00222</url>
        </item>
      </links>
      <sources>
        <item>PAC, 1995, 67, 1307. 'Glossary of class names of organic compounds and reactivity intermediates based on structure (IUPAC Recommendations 1995)' on page 1314 (https://doi.org/10.1351/pac199567081307)</item>
      </sources>
    </item>
  </definitions>
  <referencedin>
    <item>
      <title>Wikipedia - Alquilo (gl)</title>
      <url>https://gl.wikipedia.org/wiki/Alquilo</url>
    </item>
    <item>
      <title>Wikipedia - Radical alquilo (es)</title>
      <url>https://es.wikipedia.org/wiki/Radical_alquilo</url>
    </item>
  </referencedin>
  <links>
    <html>https://goldbook.iupac.org/terms/view/A00235/html</html>
    <json>https://goldbook.iupac.org/terms/view/A00235/json</json>
    <xml>https://goldbook.iupac.org/terms/view/A00235/xml</xml>
    <plain>https://goldbook.iupac.org/terms/view/A00235/plain</plain>
  </links>
  <citation>Citation: 'alkyl radicals' in IUPAC Compendium of Chemical Terminology, 5th ed. International Union of Pure and Applied Chemistry; 2025. Online version 5.0.0, 2025. 10.1351/goldbook.A00235</citation>
  <license>The IUPAC Gold Book is licensed under Creative Commons Attribution-ShareAlike CC BY-SA 4.0 International (https://creativecommons.org/licenses/by-sa/4.0/) for individual terms.</license>
  <collection>If you are interested in licensing the Gold Book for commercial use, please contact the IUPAC Executive Director at executivedirector@iupac.org .</collection>
  <disclaimer>The International Union of Pure and Applied Chemistry (IUPAC) is continuously reviewing and, where needed, updating terms in the Compendium of Chemical Terminology (the IUPAC Gold Book). Users of these terms are encouraged to include the version of a term with its use and to check regularly for updates to term definitions that you are using.</disclaimer>
  <accessed>2025-02-25T06:48:37+00:00</accessed>
</term>
