<?xml version="1.0" encoding="UTF-8"?>
<term>
  <id>00298</id>
  <doi>10.1351/goldbook.A00298</doi>
  <code>A00298</code>
  <status>current</status>
  <longtitle>IUPAC Gold Book - amount-of-substance concentration</longtitle>
  <title>amount-of-substance concentration</title>
  <termversion>2.0.2</termversion>
  <lastupdated>2008-10-07</lastupdated>
  <definitions>
    <item>
      <id>1</id>
      <text>Synonymous with amount concentration</text>
      <links>
        <item>
          <title>amount concentration</title>
          <url>https://goldbook.iupac.org/terms/view/A00295</url>
        </item>
      </links>
      <sources>
        <item>Green Book, 2nd ed., p. 42 (https://goldbook.iupac.org/files/pdf/green_book_2ed.pdf)</item>
      </sources>
    </item>
  </definitions>
  <referencedin>
    <item>
      <title>Wikipedia - Amount of substance (en)</title>
      <url>https://en.wikipedia.org/wiki/Amount_of_substance</url>
    </item>
    <item>
      <title>Wikipedia - Cantidad de sustancia (es)</title>
      <url>https://es.wikipedia.org/wiki/Cantidad_de_sustancia</url>
    </item>
    <item>
      <title>Wikipedia - Cantidá de sustancia (ast)</title>
      <url>https://ast.wikipedia.org/wiki/Cantidá_de_sustancia</url>
    </item>
    <item>
      <title>Wikipedia - Madde miktarı (tr)</title>
      <url>https://tr.wikipedia.org/wiki/Madde_miktarı</url>
    </item>
    <item>
      <title>Wikipedia - Quantitat de substància (ca)</title>
      <url>https://ca.wikipedia.org/wiki/Quantitat_de_substància</url>
    </item>
    <item>
      <title>Wikipedia - تركيز مولي (ar)</title>
      <url>https://ar.wikipedia.org/wiki/تركيز_مولي</url>
    </item>
    <item>
      <title>Wikipedia - كمية مادة (ar)</title>
      <url>https://ar.wikipedia.org/wiki/كمية_مادة</url>
    </item>
    <item>
      <title>Wikipedia - पदार्थ की मात्रा (hi)</title>
      <url>https://hi.wikipedia.org/wiki/पदार्थ_की_मात्रा</url>
    </item>
    <item>
      <title>Wikipedia - பதார்த்த அளவு (ta)</title>
      <url>https://ta.wikipedia.org/wiki/பதார்த்த_அளவு</url>
    </item>
  </referencedin>
  <links>
    <html>https://goldbook.iupac.org/terms/view/A00298/html</html>
    <json>https://goldbook.iupac.org/terms/view/A00298/json</json>
    <xml>https://goldbook.iupac.org/terms/view/A00298/xml</xml>
    <plain>https://goldbook.iupac.org/terms/view/A00298/plain</plain>
  </links>
  <citation>Citation: 'amount-of-substance concentration' in IUPAC Compendium of Chemical Terminology, 5th ed. International Union of Pure and Applied Chemistry; 2025. Online version 5.0.0, 2025. 10.1351/goldbook.A00298</citation>
  <license>The IUPAC Gold Book is licensed under Creative Commons Attribution-ShareAlike CC BY-SA 4.0 International (https://creativecommons.org/licenses/by-sa/4.0/) for individual terms.</license>
  <collection>If you are interested in licensing the Gold Book for commercial use, please contact the IUPAC Executive Director at executivedirector@iupac.org .</collection>
  <disclaimer>The International Union of Pure and Applied Chemistry (IUPAC) is continuously reviewing and, where needed, updating terms in the Compendium of Chemical Terminology (the IUPAC Gold Book). Users of these terms are encouraged to include the version of a term with its use and to check regularly for updates to term definitions that you are using.</disclaimer>
  <accessed>2025-02-25T06:52:20+00:00</accessed>
</term>
