<?xml version="1.0" encoding="UTF-8"?>
<term>
  <id>00244</id>
  <doi>10.1351/goldbook.A00244</doi>
  <code>A00244</code>
  <status>current</status>
  <longtitle>IUPAC Gold Book - allotropic transition</longtitle>
  <title>allotropic transition</title>
  <synonyms>
    <item>allotriomorphic transition</item>
  </synonyms>
  <termversion>2.3.3</termversion>
  <lastupdated>2014-02-24</lastupdated>
  <definitions>
    <item>
      <id>1</id>
      <text>A transition of a pure element, at a defined temperature and pressure, from one crystal structure to another which contains the same atoms but which has different properties. Examples: The transition of graphite to diamond, that of body-centred-cubic iron to face-centred-cubic iron, and the transition of orthorhombic sulfur to monoclinic sulfur. Synonymous with allotriomorphic transition.</text>
      <links>
        <item>
          <title>graphite</title>
          <url>https://goldbook.iupac.org/terms/view/G02684</url>
        </item>
        <item>
          <title>diamond</title>
          <url>https://goldbook.iupac.org/terms/view/D01671</url>
        </item>
      </links>
      <sources>
        <item>PAC, 1994, 66, 577. 'Definitions of terms relating to phase transitions of the solid state (IUPAC Recommendations 1994)' on page 579 (https://doi.org/10.1351/pac199466030577)</item>
      </sources>
    </item>
  </definitions>
  <referencedin>
    <item>
      <title>Wikipedia - Selen (de)</title>
      <url>https://de.wikipedia.org/wiki/Selen</url>
    </item>
  </referencedin>
  <links>
    <html>https://goldbook.iupac.org/terms/view/A00244/html</html>
    <json>https://goldbook.iupac.org/terms/view/A00244/json</json>
    <xml>https://goldbook.iupac.org/terms/view/A00244/xml</xml>
    <plain>https://goldbook.iupac.org/terms/view/A00244/plain</plain>
  </links>
  <citation>Citation: 'allotropic transition' in IUPAC Compendium of Chemical Terminology, 5th ed. International Union of Pure and Applied Chemistry; 2025. Online version 5.0.0, 2025. 10.1351/goldbook.A00244</citation>
  <license>The IUPAC Gold Book is licensed under Creative Commons Attribution-ShareAlike CC BY-SA 4.0 International (https://creativecommons.org/licenses/by-sa/4.0/) for individual terms.</license>
  <collection>If you are interested in licensing the Gold Book for commercial use, please contact the IUPAC Executive Director at executivedirector@iupac.org .</collection>
  <disclaimer>The International Union of Pure and Applied Chemistry (IUPAC) is continuously reviewing and, where needed, updating terms in the Compendium of Chemical Terminology (the IUPAC Gold Book). Users of these terms are encouraged to include the version of a term with its use and to check regularly for updates to term definitions that you are using.</disclaimer>
  <accessed>2025-02-25T06:49:27+00:00</accessed>
</term>
