<?xml version="1.0" encoding="UTF-8"?>
<term>
  <id>00203</id>
  <doi>10.1351/goldbook.A00203</doi>
  <code>A00203</code>
  <status>current</status>
  <longtitle>IUPAC Gold Book - alcoholates</longtitle>
  <title>alcoholates</title>
  <termversion>2.0.2</termversion>
  <lastupdated>2008-10-07</lastupdated>
  <definitions>
    <item>
      <id>1</id>
      <text>Synonymous with alkoxides. Alcoholate should not be used for solvates derived from an alcohol such as CaCl2.nROH, for the ending -ate often occurs in names for anions.</text>
      <links>
        <item>
          <title>alkoxides</title>
          <url>https://goldbook.iupac.org/terms/view/A00225</url>
        </item>
        <item>
          <title>alcohol</title>
          <url>https://goldbook.iupac.org/terms/view/A00204</url>
        </item>
      </links>
      <sources>
        <item>PAC, 1995, 67, 1307. 'Glossary of class names of organic compounds and reactivity intermediates based on structure (IUPAC Recommendations 1995)' on page 1312 (https://doi.org/10.1351/pac199567081307)</item>
      </sources>
    </item>
  </definitions>
  <referencedin>
    <item>
      <title>Wikipedia - Alcoholate (en)</title>
      <url>https://en.wikipedia.org/wiki/Alcoholate</url>
    </item>
    <item>
      <title>Wikipedia - Alcossido (it)</title>
      <url>https://it.wikipedia.org/wiki/Alcossido</url>
    </item>
    <item>
      <title>Wikipedia - Алкоголяты (ru)</title>
      <url>https://ru.wikipedia.org/wiki/Алкоголяты</url>
    </item>
    <item>
      <title>Wikipedia - Ալկոհոլատներ (hy)</title>
      <url>https://hy.wikipedia.org/wiki/Ալկոհոլատներ</url>
    </item>
    <item>
      <title>Wikipedia - ألكوكسيد (ar)</title>
      <url>https://ar.wikipedia.org/wiki/ألكوكسيد</url>
    </item>
  </referencedin>
  <links>
    <html>https://goldbook.iupac.org/terms/view/A00203/html</html>
    <json>https://goldbook.iupac.org/terms/view/A00203/json</json>
    <xml>https://goldbook.iupac.org/terms/view/A00203/xml</xml>
    <plain>https://goldbook.iupac.org/terms/view/A00203/plain</plain>
  </links>
  <citation>Citation: 'alcoholates' in IUPAC Compendium of Chemical Terminology, 5th ed. International Union of Pure and Applied Chemistry; 2025. Online version 5.0.0, 2025. 10.1351/goldbook.A00203</citation>
  <license>The IUPAC Gold Book is licensed under Creative Commons Attribution-ShareAlike CC BY-SA 4.0 International (https://creativecommons.org/licenses/by-sa/4.0/) for individual terms.</license>
  <collection>If you are interested in licensing the Gold Book for commercial use, please contact the IUPAC Executive Director at executivedirector@iupac.org .</collection>
  <disclaimer>The International Union of Pure and Applied Chemistry (IUPAC) is continuously reviewing and, where needed, updating terms in the Compendium of Chemical Terminology (the IUPAC Gold Book). Users of these terms are encouraged to include the version of a term with its use and to check regularly for updates to term definitions that you are using.</disclaimer>
  <accessed>2025-02-25T06:46:42+00:00</accessed>
</term>
