<?xml version="1.0" encoding="UTF-8"?>
<term>
  <id>00240</id>
  <doi>10.1351/goldbook.A00240</doi>
  <code>A00240</code>
  <status>current</status>
  <longtitle>IUPAC Gold Book - allosteric enzymes</longtitle>
  <title>allosteric enzymes</title>
  <termversion>2.0.2</termversion>
  <lastupdated>2008-10-07</lastupdated>
  <definitions>
    <item>
      <id>1</id>
      <text>Enzymes which contain regions to which small, regulatory molecules (cf. effector) may bind in addition to and separate from substrate binding sites. On binding the effector, the catalytic activity of the enzyme towards the substrate may be enhanced, in which case the effector is an activator, or reduced, in which case it is an inhibitor.</text>
      <links>
        <item>
          <title>enzymes</title>
          <url>https://goldbook.iupac.org/terms/view/E02159</url>
        </item>
        <item>
          <title>effector</title>
          <url>https://goldbook.iupac.org/terms/view/E01901</url>
        </item>
        <item>
          <title>substrate</title>
          <url>https://goldbook.iupac.org/terms/view/S06083</url>
        </item>
        <item>
          <title>activator</title>
          <url>https://goldbook.iupac.org/terms/view/A00104</url>
        </item>
        <item>
          <title>inhibitor</title>
          <url>https://goldbook.iupac.org/terms/view/I03035</url>
        </item>
      </links>
      <sources>
        <item>PAC, 1992, 64, 143. 'Glossary for chemists of terms used in biotechnology (IUPAC Recommendations 1992)' on page 146 (https://doi.org/10.1351/pac199264010143)</item>
      </sources>
    </item>
  </definitions>
  <referencedin>
    <item>
      <title>Wikipedia - إنزيم الوستيري (ar)</title>
      <url>https://ar.wikipedia.org/wiki/إنزيم_الوستيري</url>
    </item>
  </referencedin>
  <links>
    <html>https://goldbook.iupac.org/terms/view/A00240/html</html>
    <json>https://goldbook.iupac.org/terms/view/A00240/json</json>
    <xml>https://goldbook.iupac.org/terms/view/A00240/xml</xml>
    <plain>https://goldbook.iupac.org/terms/view/A00240/plain</plain>
  </links>
  <citation>Citation: 'allosteric enzymes' in IUPAC Compendium of Chemical Terminology, 5th ed. International Union of Pure and Applied Chemistry; 2025. Online version 5.0.0, 2025. 10.1351/goldbook.A00240</citation>
  <license>The IUPAC Gold Book is licensed under Creative Commons Attribution-ShareAlike CC BY-SA 4.0 International (https://creativecommons.org/licenses/by-sa/4.0/) for individual terms.</license>
  <collection>If you are interested in licensing the Gold Book for commercial use, please contact the IUPAC Executive Director at executivedirector@iupac.org .</collection>
  <disclaimer>The International Union of Pure and Applied Chemistry (IUPAC) is continuously reviewing and, where needed, updating terms in the Compendium of Chemical Terminology (the IUPAC Gold Book). Users of these terms are encouraged to include the version of a term with its use and to check regularly for updates to term definitions that you are using.</disclaimer>
  <accessed>2025-02-25T06:49:14+00:00</accessed>
</term>
