<?xml version="1.0" encoding="UTF-8"?>
<term>
  <id>00247</id>
  <doi>10.1351/goldbook.A00247</doi>
  <code>A00247</code>
  <status>current</status>
  <longtitle>IUPAC Gold Book - allylic substitution reaction</longtitle>
  <title>allylic substitution reaction</title>
  <termversion>2.3.3</termversion>
  <lastupdated>2014-02-24</lastupdated>
  <definitions>
    <item>
      <id>1</id>
      <text>A substitution reaction occurring at position 1/ of an allylic system, the double bond being between positions 2/ and 3/. The incoming group may be attached to the same atom 1/ as the leaving group, or the incoming group becomes attached at the relative position 3/, with movement of the double bond from 2/3 to 1/2. For example: [image: Not defined] (written as a transformation ).</text>
      <chemicals>
        <item>
          <type>chemimage</type>
          <title>Not defined</title>
          <file>https://goldbook.iupac.org/img/inline/A00247.png</file>
        </item>
      </chemicals>
      <links>
        <item>
          <title>substitution reaction</title>
          <url>https://goldbook.iupac.org/terms/view/S06078</url>
        </item>
        <item>
          <title>allylic</title>
          <url>https://goldbook.iupac.org/terms/view/A00245</url>
        </item>
        <item>
          <title>leaving group</title>
          <url>https://goldbook.iupac.org/terms/view/L03493</url>
        </item>
        <item>
          <title>transformation</title>
          <url>https://goldbook.iupac.org/terms/view/T06446</url>
        </item>
      </links>
      <sources>
        <item>PAC, 1994, 66, 1077. 'Glossary of terms used in physical organic chemistry (IUPAC Recommendations 1994)' on page 1082 (https://doi.org/10.1351/pac199466051077)</item>
      </sources>
    </item>
  </definitions>
  <links>
    <html>https://goldbook.iupac.org/terms/view/A00247/html</html>
    <json>https://goldbook.iupac.org/terms/view/A00247/json</json>
    <xml>https://goldbook.iupac.org/terms/view/A00247/xml</xml>
    <plain>https://goldbook.iupac.org/terms/view/A00247/plain</plain>
  </links>
  <citation>Citation: 'allylic substitution reaction' in IUPAC Compendium of Chemical Terminology, 5th ed. International Union of Pure and Applied Chemistry; 2025. Online version 5.0.0, 2025. 10.1351/goldbook.A00247</citation>
  <license>The IUPAC Gold Book is licensed under Creative Commons Attribution-ShareAlike CC BY-SA 4.0 International (https://creativecommons.org/licenses/by-sa/4.0/) for individual terms.</license>
  <collection>If you are interested in licensing the Gold Book for commercial use, please contact the IUPAC Executive Director at executivedirector@iupac.org .</collection>
  <disclaimer>The International Union of Pure and Applied Chemistry (IUPAC) is continuously reviewing and, where needed, updating terms in the Compendium of Chemical Terminology (the IUPAC Gold Book). Users of these terms are encouraged to include the version of a term with its use and to check regularly for updates to term definitions that you are using.</disclaimer>
  <accessed>2025-02-25T06:49:35+00:00</accessed>
</term>
