<?xml version="1.0" encoding="UTF-8"?>
<term>
  <id>00299</id>
  <doi>10.1351/goldbook.A00299</doi>
  <code>A00299</code>
  <status>current</status>
  <longtitle>IUPAC Gold Book - amount-of-substance fraction</longtitle>
  <title>amount-of-substance fraction</title>
  <termversion>2.0.2</termversion>
  <lastupdated>2008-10-07</lastupdated>
  <definitions>
    <item>
      <id>1</id>
      <text>Synonymous with amount fraction.</text>
      <links>
        <item>
          <title>amount fraction x (y for gaseous mixtures)</title>
          <url>https://goldbook.iupac.org/terms/view/A00296</url>
        </item>
      </links>
      <sources>
        <item>Green Book, 2nd ed., p. 41 (https://goldbook.iupac.org/files/pdf/green_book_2ed.pdf)</item>
      </sources>
    </item>
  </definitions>
  <links>
    <html>https://goldbook.iupac.org/terms/view/A00299/html</html>
    <json>https://goldbook.iupac.org/terms/view/A00299/json</json>
    <xml>https://goldbook.iupac.org/terms/view/A00299/xml</xml>
    <plain>https://goldbook.iupac.org/terms/view/A00299/plain</plain>
  </links>
  <citation>Citation: 'amount-of-substance fraction' in IUPAC Compendium of Chemical Terminology, 5th ed. International Union of Pure and Applied Chemistry; 2025. Online version 5.0.0, 2025. 10.1351/goldbook.A00299</citation>
  <license>The IUPAC Gold Book is licensed under Creative Commons Attribution-ShareAlike CC BY-SA 4.0 International (https://creativecommons.org/licenses/by-sa/4.0/) for individual terms.</license>
  <collection>If you are interested in licensing the Gold Book for commercial use, please contact the IUPAC Executive Director at executivedirector@iupac.org .</collection>
  <disclaimer>The International Union of Pure and Applied Chemistry (IUPAC) is continuously reviewing and, where needed, updating terms in the Compendium of Chemical Terminology (the IUPAC Gold Book). Users of these terms are encouraged to include the version of a term with its use and to check regularly for updates to term definitions that you are using.</disclaimer>
  <accessed>2025-02-25T06:52:22+00:00</accessed>
</term>
