<?xml version="1.0" encoding="UTF-8"?>
<term>
  <id>00224</id>
  <doi>10.1351/goldbook.A00224</doi>
  <code>A00224</code>
  <status>current</status>
  <longtitle>IUPAC Gold Book - alkenes</longtitle>
  <title>alkenes</title>
  <termversion>2.3.3</termversion>
  <lastupdated>2014-02-24</lastupdated>
  <definitions>
    <item>
      <id>1</id>
      <text>Acyclic branched or unbranched hydrocarbons having one carbon–carbon double bond and the general formula CnH2n. Acyclic branched or unbranched hydrocarbons having more than one double bond are alkadienes, alkatrienes, etc.</text>
      <links>
        <item>
          <title>olefins</title>
          <url>https://goldbook.iupac.org/terms/view/O04281</url>
        </item>
        <item>
          <title>olefins</title>
          <url>https://goldbook.iupac.org/terms/view/O04281</url>
        </item>
        <item>
          <title>hydrocarbons</title>
          <url>https://goldbook.iupac.org/terms/view/H02889</url>
        </item>
        <item>
          <title>olefins</title>
          <url>https://goldbook.iupac.org/terms/view/O04281</url>
        </item>
        <item>
          <title>hydrocarbons</title>
          <url>https://goldbook.iupac.org/terms/view/H02889</url>
        </item>
      </links>
      <sources>
        <item>PAC, 1995, 67, 1307. 'Glossary of class names of organic compounds and reactivity intermediates based on structure (IUPAC Recommendations 1995)' on page 1313 (https://doi.org/10.1351/pac199567081307)</item>
      </sources>
    </item>
  </definitions>
  <referencedin>
    <item>
      <title>Wikipedia - Alcheni (it)</title>
      <url>https://it.wikipedia.org/wiki/Alcheni</url>
    </item>
    <item>
      <title>Wikipedia - Alkadiene (de)</title>
      <url>https://de.wikipedia.org/wiki/Alkadiene</url>
    </item>
    <item>
      <title>Wikipedia - Alkadiene (en)</title>
      <url>https://en.wikipedia.org/wiki/Alkadiene</url>
    </item>
    <item>
      <title>Wikipedia - Alken (vi)</title>
      <url>https://vi.wikipedia.org/wiki/Alken</url>
    </item>
    <item>
      <title>Wikipedia - Alkene (de)</title>
      <url>https://de.wikipedia.org/wiki/Alkene</url>
    </item>
    <item>
      <title>Wikipedia - Alkene (en)</title>
      <url>https://en.wikipedia.org/wiki/Alkene</url>
    </item>
    <item>
      <title>Wikipedia - Alkeno (bcl)</title>
      <url>https://bcl.wikipedia.org/wiki/Alkeno</url>
    </item>
    <item>
      <title>Wikipedia - Alkeny (pl)</title>
      <url>https://pl.wikipedia.org/wiki/Alkeny</url>
    </item>
    <item>
      <title>Wikipedia - Alqueno (es)</title>
      <url>https://es.wikipedia.org/wiki/Alqueno</url>
    </item>
    <item>
      <title>Wikipedia - Dieni (it)</title>
      <url>https://it.wikipedia.org/wiki/Dieni</url>
    </item>
    <item>
      <title>Wikipedia - Discussione:Grafene (it)</title>
      <url>https://it.wikipedia.org/wiki/Discussione:Grafene</url>
    </item>
    <item>
      <title>Wikipedia - Talk:Alkene (en)</title>
      <url>https://en.wikipedia.org/wiki/Talk:Alkene</url>
    </item>
    <item>
      <title>Wikipedia - Talk:Dichlorodifluoroethylene (en)</title>
      <url>https://en.wikipedia.org/wiki/Talk:Dichlorodifluoroethylene</url>
    </item>
    <item>
      <title>Wikipedia - Talk:Diene (en)</title>
      <url>https://en.wikipedia.org/wiki/Talk:Diene</url>
    </item>
    <item>
      <title>Wikipedia - Talk:Pyramidal alkene (en)</title>
      <url>https://en.wikipedia.org/wiki/Talk:Pyramidal_alkene</url>
    </item>
    <item>
      <title>Wikipedia - Węglowodory nienasycone (pl)</title>
      <url>https://pl.wikipedia.org/wiki/Węglowodory_nienasycone</url>
    </item>
    <item>
      <title>Wikipedia - Обсуждение проекта:Химия (ru)</title>
      <url>https://ru.wikipedia.org/wiki/Обсуждение_проекта:Химия</url>
    </item>
    <item>
      <title>Wikipedia - Обсуждение:Аллилбензол (ru)</title>
      <url>https://ru.wikipedia.org/wiki/Обсуждение:Аллилбензол</url>
    </item>
    <item>
      <title>Wikipedia - Олефины (ru)</title>
      <url>https://ru.wikipedia.org/wiki/Олефины</url>
    </item>
    <item>
      <title>Wikipedia - Չհագեցած ածխաջրածիններ (hy)</title>
      <url>https://hy.wikipedia.org/wiki/Չհագեցած_ածխաջրածիններ</url>
    </item>
    <item>
      <title>Wikipedia - ألكين (ar)</title>
      <url>https://ar.wikipedia.org/wiki/ألكين</url>
    </item>
    <item>
      <title>Wikipedia - ஆல்காடையீன் (ta)</title>
      <url>https://ta.wikipedia.org/wiki/ஆல்காடையீன்</url>
    </item>
  </referencedin>
  <links>
    <html>https://goldbook.iupac.org/terms/view/A00224/html</html>
    <json>https://goldbook.iupac.org/terms/view/A00224/json</json>
    <xml>https://goldbook.iupac.org/terms/view/A00224/xml</xml>
    <plain>https://goldbook.iupac.org/terms/view/A00224/plain</plain>
  </links>
  <citation>Citation: 'alkenes' in IUPAC Compendium of Chemical Terminology, 5th ed. International Union of Pure and Applied Chemistry; 2025. Online version 5.0.0, 2025. 10.1351/goldbook.A00224</citation>
  <license>The IUPAC Gold Book is licensed under Creative Commons Attribution-ShareAlike CC BY-SA 4.0 International (https://creativecommons.org/licenses/by-sa/4.0/) for individual terms.</license>
  <collection>If you are interested in licensing the Gold Book for commercial use, please contact the IUPAC Executive Director at executivedirector@iupac.org .</collection>
  <disclaimer>The International Union of Pure and Applied Chemistry (IUPAC) is continuously reviewing and, where needed, updating terms in the Compendium of Chemical Terminology (the IUPAC Gold Book). Users of these terms are encouraged to include the version of a term with its use and to check regularly for updates to term definitions that you are using.</disclaimer>
  <accessed>2025-02-25T06:48:23+00:00</accessed>
</term>
