<?xml version="1.0" encoding="UTF-8"?>
<term>
  <id>00294</id>
  <doi>10.1351/goldbook.A00294</doi>
  <code>A00294</code>
  <status>current</status>
  <longtitle>IUPAC Gold Book - amorphous carbon</longtitle>
  <title>amorphous carbon</title>
  <termversion>2.0.2</termversion>
  <lastupdated>2008-10-07</lastupdated>
  <definitions>
    <item>
      <id>1</id>
      <text>A carbon material without long-range crystalline order. Short-range order exists, but with deviations of the interatomic distances and/or interbonding angles with respect to the graphite lattice as well as to the diamond lattice.</text>
      <notes>
        <item>The term amorphous carbon is restricted to the description of carbon materials with localized π-electrons as described by P. W. Anderson (Phys. Rev., 1958, 109, 1492). Deviations in the C–C distances greater than 5% (i.e. ∆x/x0 &gt; 0.05, where x0 is the inter-atomic distance in the crystal lattice for the sp2 as well as for the sp2 configuration) occur in such materials, as well as deviations in the bond angles because of the presence of 'dangling bonds'. The above description of amorphous carbon is not applicable to carbon materials with two-dimensional structural elements present in all pyrolysis residues of carbon compounds as polyaromatic layers with a nearly ideal interatomic distance of a = 142 pm and an extension greater than 1000 pm.</item>
      </notes>
      <links>
        <item>
          <title>diamond-like carbon films</title>
          <url>https://goldbook.iupac.org/terms/view/D01673</url>
        </item>
        <item>
          <title>diamond-like carbon films</title>
          <url>https://goldbook.iupac.org/terms/view/D01673</url>
        </item>
        <item>
          <title>pyrolysis</title>
          <url>https://goldbook.iupac.org/terms/view/P04961</url>
        </item>
        <item>
          <title>carbon material</title>
          <url>https://goldbook.iupac.org/terms/view/C00841</url>
        </item>
        <item>
          <title>graphite</title>
          <url>https://goldbook.iupac.org/terms/view/G02684</url>
        </item>
        <item>
          <title>diamond</title>
          <url>https://goldbook.iupac.org/terms/view/D01671</url>
        </item>
      </links>
      <math>
        <item>
          <type>math</type>
          <alttext>∆x/x0 &gt; 0.05</alttext>
          <latex>\frac{\Delta x}{x_{0}} &gt; 0.05</latex>
        </item>
        <item>
          <meaning>Interatomic distance</meaning>
          <type>quantity</type>
          <alttext>x<sub>0</sub></alttext>
          <latex>x_{0}</latex>
        </item>
        <item>
          <meaning>Hybridzation (sp2)</meaning>
          <type>symbol</type>
          <alttext>sp2</alttext>
          <latex>\text{sp}^{2}</latex>
        </item>
        <item>
          <meaning>Hybridzation (sp3)</meaning>
          <type>symbol</type>
          <alttext>sp3</alttext>
          <latex>\text{sp}^{2}</latex>
        </item>
        <item>
          <meaning>Interatomic distance</meaning>
          <type>numeric value with unit</type>
          <alttext>a = 142 pm</alttext>
          <latex>a = 142\ \text{pm}</latex>
        </item>
        <item>
          <meaning>Interatomic distance</meaning>
          <type>numeric value with unit</type>
          <alttext>1000 pm</alttext>
          <latex>1000\ \text{pm}</latex>
        </item>
      </math>
      <sources>
        <item>PAC, 1995, 67, 473. 'Recommended terminology for the description of carbon as a solid (IUPAC Recommendations 1995)' on page 477 (https://doi.org/10.1351/pac199567030473)</item>
      </sources>
    </item>
  </definitions>
  <referencedin>
    <item>
      <title>Wikipedia - Carbonio (it)</title>
      <url>https://it.wikipedia.org/wiki/Carbonio</url>
    </item>
    <item>
      <title>Wikipedia - كربون لابلوري (ar)</title>
      <url>https://ar.wikipedia.org/wiki/كربون_لابلوري</url>
    </item>
  </referencedin>
  <links>
    <html>https://goldbook.iupac.org/terms/view/A00294/html</html>
    <json>https://goldbook.iupac.org/terms/view/A00294/json</json>
    <xml>https://goldbook.iupac.org/terms/view/A00294/xml</xml>
    <plain>https://goldbook.iupac.org/terms/view/A00294/plain</plain>
  </links>
  <citation>Citation: 'amorphous carbon' in IUPAC Compendium of Chemical Terminology, 5th ed. International Union of Pure and Applied Chemistry; 2025. Online version 5.0.0, 2025. 10.1351/goldbook.A00294</citation>
  <license>The IUPAC Gold Book is licensed under Creative Commons Attribution-ShareAlike CC BY-SA 4.0 International (https://creativecommons.org/licenses/by-sa/4.0/) for individual terms.</license>
  <collection>If you are interested in licensing the Gold Book for commercial use, please contact the IUPAC Executive Director at executivedirector@iupac.org .</collection>
  <disclaimer>The International Union of Pure and Applied Chemistry (IUPAC) is continuously reviewing and, where needed, updating terms in the Compendium of Chemical Terminology (the IUPAC Gold Book). Users of these terms are encouraged to include the version of a term with its use and to check regularly for updates to term definitions that you are using.</disclaimer>
  <accessed>2025-02-25T06:51:59+00:00</accessed>
</term>
