<?xml version="1.0" encoding="UTF-8"?>
<term>
  <id>00258</id>
  <doi>10.1351/goldbook.A00258</doi>
  <code>A00258</code>
  <status>current</status>
  <longtitle>IUPAC Gold Book - ambident</longtitle>
  <title>ambident</title>
  <termversion>2.0.2</termversion>
  <lastupdated>2008-10-07</lastupdated>
  <definitions>
    <item>
      <id>1</id>
      <text>A description applied to a chemical species whose molecular entities each possess two alternative and strongly interacting distinguishable reactive centres, to either of which a bond may be made in a reaction: the centres must be connected in such a way that reaction at either site stops or greatly retards subsequent attack at the second site. The term is most commonly applied to conjugated nucleophiles, for example the enolate ion: [image: Not defined] (which may react with electrophiles either at the β-carbon atom or at oxygen) or γ-pyridones, and also to the vicinally ambident cyanide ion, cyanate ion, thiocyanate ion, sulfinate ion, nitrite ion and unsymmetrical hydrazines. Ambident electrophiles are exemplified by carboxylic estersRC(=O)OCR3 which react with nucleophiles either at the carbonyl carbon or the alkoxy carbon. Molecular entities, such as dianions of dicarboxylic acids, containing two non-interacting (or feebly interacting) reactive centres, are not generally considered to be ambident and are better described as 'bifunctional'. The Latin root of the word implies two reactive centres, but the term has in the past also incorrectly been applied to chemical species with more than two reactive centres. For such species the existing term 'polydent' (or, better, 'multident') is more appropriate.</text>
      <chemicals>
        <item>
          <type>chemimage</type>
          <title>Not defined</title>
          <file>https://goldbook.iupac.org/img/inline/A00258-1.png</file>
        </item>
      </chemicals>
      <links>
        <item>
          <title>chelation</title>
          <url>https://goldbook.iupac.org/terms/view/C01012</url>
        </item>
        <item>
          <title>chelation</title>
          <url>https://goldbook.iupac.org/terms/view/C01012</url>
        </item>
        <item>
          <title>chemical species</title>
          <url>https://goldbook.iupac.org/terms/view/CT01038</url>
        </item>
        <item>
          <title>molecular entities</title>
          <url>https://goldbook.iupac.org/terms/view/M03986</url>
        </item>
        <item>
          <title>bond</title>
          <url>https://goldbook.iupac.org/terms/view/B00697</url>
        </item>
        <item>
          <title>conjugated nucleophiles</title>
          <url>https://goldbook.iupac.org/terms/view/C01267</url>
        </item>
        <item>
          <title>electrophiles</title>
          <url>https://goldbook.iupac.org/terms/view/E02020</url>
        </item>
        <item>
          <title>hydrazines</title>
          <url>https://goldbook.iupac.org/terms/view/H02881</url>
        </item>
        <item>
          <title>esters</title>
          <url>https://goldbook.iupac.org/terms/view/E02219</url>
        </item>
        <item>
          <title>dianions</title>
          <url>https://goldbook.iupac.org/terms/view/D01674</url>
        </item>
        <item>
          <title>polydent</title>
          <url>https://goldbook.iupac.org/terms/view/P04725</url>
        </item>
        <item>
          <title>multident</title>
          <url>https://goldbook.iupac.org/terms/view/M04045</url>
        </item>
      </links>
      <sources>
        <item>PAC, 1994, 66, 1077. 'Glossary of terms used in physical organic chemistry (IUPAC Recommendations 1994)' on page 1082 (https://doi.org/10.1351/pac199466051077)</item>
      </sources>
    </item>
  </definitions>
  <referencedin>
    <item>
      <title>Wikipedia - Ambidentność (pl)</title>
      <url>https://pl.wikipedia.org/wiki/Ambidentność</url>
    </item>
    <item>
      <title>Wikipedia - アンビデント (ja)</title>
      <url>https://ja.wikipedia.org/wiki/アンビデント</url>
    </item>
  </referencedin>
  <links>
    <html>https://goldbook.iupac.org/terms/view/A00258/html</html>
    <json>https://goldbook.iupac.org/terms/view/A00258/json</json>
    <xml>https://goldbook.iupac.org/terms/view/A00258/xml</xml>
    <plain>https://goldbook.iupac.org/terms/view/A00258/plain</plain>
  </links>
  <citation>Citation: 'ambident' in IUPAC Compendium of Chemical Terminology, 5th ed. International Union of Pure and Applied Chemistry; 2025. Online version 5.0.0, 2025. 10.1351/goldbook.A00258</citation>
  <license>The IUPAC Gold Book is licensed under Creative Commons Attribution-ShareAlike CC BY-SA 4.0 International (https://creativecommons.org/licenses/by-sa/4.0/) for individual terms.</license>
  <collection>If you are interested in licensing the Gold Book for commercial use, please contact the IUPAC Executive Director at executivedirector@iupac.org .</collection>
  <disclaimer>The International Union of Pure and Applied Chemistry (IUPAC) is continuously reviewing and, where needed, updating terms in the Compendium of Chemical Terminology (the IUPAC Gold Book). Users of these terms are encouraged to include the version of a term with its use and to check regularly for updates to term definitions that you are using.</disclaimer>
  <accessed>2025-02-25T06:50:05+00:00</accessed>
</term>
