<?xml version="1.0" encoding="UTF-8"?>
<term>
  <id>00249</id>
  <doi>10.1351/goldbook.A00249</doi>
  <code>A00249</code>
  <status>current</status>
  <longtitle>IUPAC Gold Book - alternant</longtitle>
  <title>alternant</title>
  <termversion>2.3.3</termversion>
  <lastupdated>2014-02-24</lastupdated>
  <definitions>
    <item>
      <id>1</id>
      <text>A conjugated system of π-electrons is termed alternant if its atoms can be divided into two sets so that no atom of one set is directly linked to any other atom of the same set. [image: Not defined] [image: Not defined]</text>
      <chemicals>
        <item>
          <type>chemimage</type>
          <title>Not defined</title>
          <file>https://goldbook.iupac.org/img/inline/A00249-1.png</file>
        </item>
        <item>
          <type>chemimage</type>
          <title>Not defined</title>
          <file>https://goldbook.iupac.org/img/inline/A00249-2.png</file>
        </item>
      </chemicals>
      <links>
        <item>
          <title>conjugated system</title>
          <url>https://goldbook.iupac.org/terms/view/C01267</url>
        </item>
      </links>
      <sources>
        <item>PAC, 1994, 66, 1077. 'Glossary of terms used in physical organic chemistry (IUPAC Recommendations 1994)' on page 1082 (https://doi.org/10.1351/pac199466051077)</item>
      </sources>
    </item>
  </definitions>
  <links>
    <html>https://goldbook.iupac.org/terms/view/A00249/html</html>
    <json>https://goldbook.iupac.org/terms/view/A00249/json</json>
    <xml>https://goldbook.iupac.org/terms/view/A00249/xml</xml>
    <plain>https://goldbook.iupac.org/terms/view/A00249/plain</plain>
  </links>
  <citation>Citation: 'alternant' in IUPAC Compendium of Chemical Terminology, 5th ed. International Union of Pure and Applied Chemistry; 2025. Online version 5.0.0, 2025. 10.1351/goldbook.A00249</citation>
  <license>The IUPAC Gold Book is licensed under Creative Commons Attribution-ShareAlike CC BY-SA 4.0 International (https://creativecommons.org/licenses/by-sa/4.0/) for individual terms.</license>
  <collection>If you are interested in licensing the Gold Book for commercial use, please contact the IUPAC Executive Director at executivedirector@iupac.org .</collection>
  <disclaimer>The International Union of Pure and Applied Chemistry (IUPAC) is continuously reviewing and, where needed, updating terms in the Compendium of Chemical Terminology (the IUPAC Gold Book). Users of these terms are encouraged to include the version of a term with its use and to check regularly for updates to term definitions that you are using.</disclaimer>
  <accessed>2025-02-25T06:49:40+00:00</accessed>
</term>
