<?xml version="1.0" encoding="UTF-8"?>
<term>
  <id>00293</id>
  <doi>10.1351/goldbook.A00293</doi>
  <code>A00293</code>
  <status>current</status>
  <longtitle>IUPAC Gold Book - ammoniumyl radical ions</longtitle>
  <title>ammoniumyl radical ions</title>
  <termversion>2.3.3</termversion>
  <lastupdated>2014-02-24</lastupdated>
  <definitions>
    <item>
      <id>1</id>
      <text>H3N.+ and its hydrocarbyl derivatives, e.g. (CH3)3N.+ trimethylammoniumyl, PhN.+H2 phenylammoniumyl or benzenaminiumyl.</text>
      <links>
        <item>
          <title>hydrocarbyl</title>
          <url>https://goldbook.iupac.org/terms/view/H02891</url>
        </item>
      </links>
      <sources>
        <item>PAC, 1993, 65, 1357. 'Revised nomenclature for radicals, ions, radical ions and related species (IUPAC Recommendations 1993)' on page 1357 (https://doi.org/10.1351/pac199365061357)</item>
        <item>PAC, 1995, 67, 1307. 'Glossary of class names of organic compounds and reactivity intermediates based on structure (IUPAC Recommendations 1995)' on page 1317 (https://doi.org/10.1351/pac199567081307)</item>
      </sources>
    </item>
  </definitions>
  <links>
    <html>https://goldbook.iupac.org/terms/view/A00293/html</html>
    <json>https://goldbook.iupac.org/terms/view/A00293/json</json>
    <xml>https://goldbook.iupac.org/terms/view/A00293/xml</xml>
    <plain>https://goldbook.iupac.org/terms/view/A00293/plain</plain>
  </links>
  <citation>Citation: 'ammoniumyl radical ions' in IUPAC Compendium of Chemical Terminology, 5th ed. International Union of Pure and Applied Chemistry; 2025. Online version 5.0.0, 2025. 10.1351/goldbook.A00293</citation>
  <license>The IUPAC Gold Book is licensed under Creative Commons Attribution-ShareAlike CC BY-SA 4.0 International (https://creativecommons.org/licenses/by-sa/4.0/) for individual terms.</license>
  <collection>If you are interested in licensing the Gold Book for commercial use, please contact the IUPAC Executive Director at executivedirector@iupac.org .</collection>
  <disclaimer>The International Union of Pure and Applied Chemistry (IUPAC) is continuously reviewing and, where needed, updating terms in the Compendium of Chemical Terminology (the IUPAC Gold Book). Users of these terms are encouraged to include the version of a term with its use and to check regularly for updates to term definitions that you are using.</disclaimer>
  <accessed>2025-02-25T06:51:56+00:00</accessed>
</term>
