<!DOCTYPE html>
<html lang="en">
<head>
		<!-- Global site tag (gtag.js) - Google Analytics -->
	<script async src="https://www.googletagmanager.com/gtag/js?id=G-DP9479TFPY"></script>
	<script>
		window.dataLayer = window.dataLayer || [];
		function gtag(){dataLayer.push(arguments);}
		gtag('js', new Date());
		gtag('config', 'G-DP9479TFPY');
	</script>
		<meta charset="UTF-8"/>
    <title>Errors</title>
    <meta name="description" content="The IUPAC Compendium of Chemical Terminology"/>
    <meta name="author" content="The International Union of Pure and Applied Chemistry (IUPAC)"/>
	<meta name="keywords" content="chemistry, nomenclature, terminology, vocabulary, definitions"/>
    <meta name="viewport" content="width=device-width, initial-scale=1"/>
	<script>
		MathJax = {
			tex: {
				inlineMath: [['$', '$'], ['\\(', '\\)']],
				displayMath: [['$$', '$$'], ['\\[', '\\]']],
				packages: {'[+]': ['upgreek', 'unicode', 'mhchem', 'mathtools']}
			},
			loader: {load: ['[tex]/upgreek', '[tex]/unicode', '[tex]/mhchem', '[tex]/mathtools']},
			svg: {
				fontCache: 'global'
			}
		};
	</script>
	<link href="/favicon.ico" type="image/x-icon" rel="icon"/><link href="/favicon.ico" type="image/x-icon" rel="shortcut icon"/><link href="/img/apple-touch-icon-180x180.png" rel="apple-touch-icon-180x180" sizes="180x180"/><link rel="stylesheet" type="text/css" href="/css/jquery-ui.min.css"/><link rel="stylesheet" type="text/css" href="/css/jquery-ui.structure.min.css"/><link rel="stylesheet" type="text/css" href="/css/jquery-ui.theme.min.css"/><link rel="stylesheet" type="text/css" href="/css/bootstrap.min.css"/><link rel="stylesheet" type="text/css" href="/css/bootstrap-theme.min.css"/><link rel="stylesheet" type="text/css" href="/css/bootstrapxl.css"/><link rel="stylesheet" type="text/css" href="/css/fixed-sidebar.css"/><link rel="stylesheet" type="text/css" href="/css/sticky-footer-navbar.css"/><link rel="stylesheet" type="text/css" href="/css/shadows.css"/><link rel="stylesheet" type="text/css" href="/css/signin.css"/><link rel="stylesheet" type="text/css" href="/css/iupac.css"/><script type="text/javascript" src="/js/pdfobject.min.js"></script><script type="text/javascript" src="/js/card-depth.js"></script><script type="text/javascript" src="/js/jquery.min.js"></script><script type="text/javascript" src="/js/jquery-ui.min.js"></script><script type="text/javascript" src="/js/bootstrap.min.js"></script><script type="text/javascript" src="/js/iupac.js"></script><script type="text/javascript" src="/js/moment.min.js"></script><script type="text/javascript" src="https://cdn.jsdelivr.net/npm/mathjax@3/es5/tex-svg.js"></script>	<link rel="stylesheet" href="https://cdn.jsdelivr.net/npm/bootstrap-icons@1.9.1/font/bootstrap-icons.css">
</head>
<body style="height: 100vh !important;">
    <nav class="navbar navbar-default navbar-fixed-top bg-gold-gradient" role="navigation">
    <div class="container-fluid" id="navfluid">
        <div class="navbar-header">
            <button type="button" class="navbar-toggle" data-toggle="collapse" data-target="#navbar">
                <span class="sr-only">Toggle navigation</span>
                <span class="icon-bar"></span>
                <span class="icon-bar"></span>
                <span class="icon-bar"></span>
            </button>
            <a class="navbar-brand hidden-xs" style="padding-right: 0;" href="https://goldbook.iupac.org/">
                <img src="/img/iupac.jpg" alt=""/>            </a>
            <div class="navbar-text" style="padding-left: 15px;line-height: 44px;color: black;font-size:36px;font-weight: bold;text-shadow: 2px 2px #aaa;margin: 0;padding-top: -3px;">Gold Book</div>
        </div>
        <div class="navbar-collapse collapse" id="navbar">
            <ul class="nav navbar-nav navbar-right">
                <li class="dropdown dropdown-menu-right">
                    <a class="dropdown-toggle" data-toggle="dropdown" role="button" aria-haspopup="true" aria-expanded="false">
                        Resources                        <span class="caret"></span>
                    </a>
                    <ul class="dropdown-menu">
                        <li class="text-right"><a href="/pages/about">About</a></li>
                        <li class="text-right"><a href="/pages/history">History</a></li>
                        <li class="text-right"><a href="/pages/faq">FAQ</a></li>
                        <li class="text-right"><a href="/pages/api">Gold Book API</a></li>
						<li class="text-right"><a href="/pages/software">Software</a></li>
                                            </ul>
                </li>
            </ul>

            <form action="/terms/search" class="navbar-form navbar-right" id="TermViewForm" method="post" accept-charset="utf-8"><div style="display:none;"><input type="hidden" name="_method" value="POST"/></div><input name="data[Term][term]" class="form-control" placeholder="Search (three chars min)" maxlength="128" type="text" id="TermTerm"/></form>            <div class="navbar-text text-success pull-right">
                <b></b>            </div>
        </div><!-- /.nav-collapse -->
    </div><!-- /.container-fluid -->
</nav>
    <div class="row-offcanvas row-offcanvas-left">
        <div id="sidebar" class="sidebar-offcanvas">
            <div class="col-md-12">
                <div id="alphalist" class="panel panel-success" style="margin-top: 10px;margin-bottom: 5px;">
    <div class="panel-heading">
        <h2 class="panel-title">Alphabetical Index</h2>
    </div>
    <div class="panel-body" style="padding: 0;">
            <button type='button' class='btn btn-default btn-md col-sm-2 link btn-idx' data-page='/terms/index/A'>
A</button><button type='button' class='btn btn-default btn-md col-sm-2 link btn-idx' data-page='/terms/index/B'>
B</button><button type='button' class='btn btn-default btn-md col-sm-2 link btn-idx' data-page='/terms/index/C'>
C</button><button type='button' class='btn btn-default btn-md col-sm-2 link btn-idx' data-page='/terms/index/D'>
D</button><button type='button' class='btn btn-default btn-md col-sm-2 link btn-idx' data-page='/terms/index/E'>
E</button><button type='button' class='btn btn-default btn-md col-sm-2 link btn-idx' data-page='/terms/index/F'>
F</button><button type='button' class='btn btn-default btn-md col-sm-2 link btn-idx' data-page='/terms/index/G'>
G</button><button type='button' class='btn btn-default btn-md col-sm-2 link btn-idx' data-page='/terms/index/H'>
H</button><button type='button' class='btn btn-default btn-md col-sm-2 link btn-idx' data-page='/terms/index/I'>
I</button><button type='button' class='btn btn-default btn-md col-sm-2 link btn-idx' data-page='/terms/index/J'>
J</button><button type='button' class='btn btn-default btn-md col-sm-2 link btn-idx' data-page='/terms/index/K'>
K</button><button type='button' class='btn btn-default btn-md col-sm-2 link btn-idx' data-page='/terms/index/L'>
L</button><button type='button' class='btn btn-default btn-md col-sm-2 link btn-idx' data-page='/terms/index/M'>
M</button><button type='button' class='btn btn-default btn-md col-sm-2 link btn-idx' data-page='/terms/index/N'>
N</button><button type='button' class='btn btn-default btn-md col-sm-2 link btn-idx' data-page='/terms/index/O'>
O</button><button type='button' class='btn btn-default btn-md col-sm-2 link btn-idx' data-page='/terms/index/P'>
P</button><button type='button' class='btn btn-default btn-md col-sm-2 link btn-idx' data-page='/terms/index/Q'>
Q</button><button type='button' class='btn btn-default btn-md col-sm-2 link btn-idx' data-page='/terms/index/R'>
R</button><button type='button' class='btn btn-default btn-md col-sm-2 link btn-idx' data-page='/terms/index/S'>
S</button><button type='button' class='btn btn-default btn-md col-sm-2 link btn-idx' data-page='/terms/index/T'>
T</button><button type='button' class='btn btn-default btn-md col-sm-2 link btn-idx' data-page='/terms/index/U'>
U</button><button type='button' class='btn btn-default btn-md col-sm-2 link btn-idx' data-page='/terms/index/V'>
V</button><button type='button' class='btn btn-default btn-md col-sm-2 link btn-idx' data-page='/terms/index/W'>
W</button><button type='button' class='btn btn-default btn-md col-sm-2 link btn-idx' data-page='/terms/index/XYZ' style='padding: 6px 5px;'>XYZ</button>    </div>
</div>                <div id="indexes" class="panel panel-danger" style="margin-bottom: 5px;">
    <div class="panel-heading">
        <h3 class="panel-title" style="color: white;">Additional Indexes</h3>
    </div>
    <div class="list-group" style="overflow-y:auto;font-size: 16px;">
        <a href="/indexes/constants" class="list-group-item link clearfix" data-page="/indexes/constants">Physical Constants</a><a href="/indexes/units" class="list-group-item link clearfix" data-page="/indexes/units">Units of Measure</a><a href="/indexes/quantities" class="list-group-item link clearfix" data-page="/indexes/quantities">Physical Quantities</a><a href="/indexes/prefixes" class="list-group-item link clearfix" data-page="/indexes/prefixes">SI Prefixes</a><a href="/indexes/rings" class="list-group-item link clearfix" data-page="/indexes/rings">Ring Index</a><a href="/indexes/general" class="list-group-item link clearfix" data-page="/indexes/general">General Formulae</a><a href="/indexes/exact" class="list-group-item link clearfix" data-page="/indexes/exact">Exact Formulae</a><a href="/sources/index" class="list-group-item link clearfix" data-page="/sources/index">Source Documents</a><a href="/terms/bydivision" class="list-group-item link clearfix" data-page="/terms/bydivision">Terms by IUPAC Div.</a>    </div>
</div>                <div id="info" class="well well-sm" style="text-align: center;padding: 5px;margin: 0;">
    <h5>Version 3.0.1 (6523 Terms)</h5>
    <code>DOI: 10.1351/goldbook</code>
	<div style="font-size: 12px;">
		<a href="/cdn-cgi/l/email-protection#3d5a5251595f5252567d54484d5c5e13524f5a024e485f57585e49007a5251591d7f5252561d7e5253495853491d6c48584e49545253">Jan Kaiser - Content Editor</a><br/>
		<a href="/cdn-cgi/l/email-protection#eb8c84878f89848480ab829e9b8a88c584998cd4989e89818e889fd6ac84878fcba9848480cbbf8e88838582888a87cbba9e8e989f828485">Stuart Chalk - Technical Editor</a><br/>
		<a href="https://iupac.org/body/039/">Joint Subcommittee<br/>on the IUPAC Gold Book</a>
	</div>
</div>
            </div>
        </div>
        <div id="main" class="container-fluid" style="padding-top: 10px;">
            <p class="visible-xs visible-sm">
                <button type="button" class="btn btn-primary btn-xs" data-toggle="offcanvas"><i class="glyphicon glyphicon-chevron-left"></i></button>
            </p>
            <h2>An Internal Error Has Occurred.</h2>
<p class="error">
	<strong>Error: </strong>
	An Internal Error Has Occurred.</p>
        </div>
    </div>
    <footer class="footer bg-gold">
    <div class="text-center footer-copyright">
        <b>
			© 2005–2025 <a href="https://iupac.org" target="_blank">International Union of Pure and Applied Chemistry</a>		</b>
    </div>
</footer>
<script data-cfasync="false" src="/cdn-cgi/scripts/5c5dd728/cloudflare-static/email-decode.min.js"></script><script>(function(){function c(){var b=a.contentDocument||a.contentWindow.document;if(b){var d=b.createElement('script');d.innerHTML="window.__CF$cv$params={r:'9175cae568f73c11',t:'MTc0MDQ2NjU1OC4wMDAwMDA='};var a=document.createElement('script');a.nonce='';a.src='/cdn-cgi/challenge-platform/scripts/jsd/main.js';document.getElementsByTagName('head')[0].appendChild(a);";b.getElementsByTagName('head')[0].appendChild(d)}}if(document.body){var a=document.createElement('iframe');a.height=1;a.width=1;a.style.position='absolute';a.style.top=0;a.style.left=0;a.style.border='none';a.style.visibility='hidden';document.body.appendChild(a);if('loading'!==document.readyState)c();else if(window.addEventListener)document.addEventListener('DOMContentLoaded',c);else{var e=document.onreadystatechange||function(){};document.onreadystatechange=function(b){e(b);'loading'!==document.readyState&&(document.onreadystatechange=e,c())}}}})();</script></body>
</html>
