<?xml version="1.0" encoding="UTF-8"?>
<term>
  <id>00319</id>
  <doi>10.1351/goldbook.A00319</doi>
  <code>A00319</code>
  <status>current</status>
  <longtitle>IUPAC Gold Book - analogue metabolism</longtitle>
  <title>analogue metabolism</title>
  <termversion>2.3.3</termversion>
  <lastupdated>2014-02-24</lastupdated>
  <definitions>
    <item>
      <id>1</id>
      <text>Process by which a normally non-biodegradable compound is biodegraded in the presence of a structurally similar compound which can induce the necessary enzymes.</text>
      <links>
        <item>
          <title>enzymes</title>
          <url>https://goldbook.iupac.org/terms/view/E02159</url>
        </item>
      </links>
      <sources>
        <item>PAC, 1993, 65, 2003. 'Glossary for chemists of terms used in toxicology (IUPAC Recommendations 1993)' on page 2013 (https://doi.org/10.1351/pac199365092003)</item>
      </sources>
    </item>
  </definitions>
  <links>
    <html>https://goldbook.iupac.org/terms/view/A00319/html</html>
    <json>https://goldbook.iupac.org/terms/view/A00319/json</json>
    <xml>https://goldbook.iupac.org/terms/view/A00319/xml</xml>
    <plain>https://goldbook.iupac.org/terms/view/A00319/plain</plain>
  </links>
  <citation>Citation: 'analogue metabolism' in IUPAC Compendium of Chemical Terminology, 5th ed. International Union of Pure and Applied Chemistry; 2025. Online version 5.0.0, 2025. 10.1351/goldbook.A00319</citation>
  <license>The IUPAC Gold Book is licensed under Creative Commons Attribution-ShareAlike CC BY-SA 4.0 International (https://creativecommons.org/licenses/by-sa/4.0/) for individual terms.</license>
  <collection>If you are interested in licensing the Gold Book for commercial use, please contact the IUPAC Executive Director at executivedirector@iupac.org .</collection>
  <disclaimer>The International Union of Pure and Applied Chemistry (IUPAC) is continuously reviewing and, where needed, updating terms in the Compendium of Chemical Terminology (the IUPAC Gold Book). Users of these terms are encouraged to include the version of a term with its use and to check regularly for updates to term definitions that you are using.</disclaimer>
  <accessed>2025-02-25T06:53:13+00:00</accessed>
</term>
