<?xml version="1.0" encoding="UTF-8"?>
<term>
  <id>00333</id>
  <doi>10.1351/goldbook.A00333</doi>
  <code>A00333</code>
  <status>current</status>
  <longtitle>IUPAC Gold Book - analytical instrument</longtitle>
  <title>analytical instrument</title>
  <termversion>2.3.3</termversion>
  <lastupdated>2014-02-24</lastupdated>
  <definitions>
    <item>
      <id>1</id>
      <text>A device or a combination of devices used to carry out an analytical process. The analytical process is all or part of the analytical procedure that encompasses all steps from the introduction of the sample or the test portion to the production of the result. An analytical instrument may carry out single or multiple analytical procedures. In the latter case it may be selective, i.e. designed to carry out any requested combination of procedures within the set, on each specimen.</text>
      <links>
        <item>
          <title>test portion</title>
          <url>https://goldbook.iupac.org/terms/view/T06284</url>
        </item>
      </links>
      <sources>
        <item>PAC, 1989, 61, 1657. 'Nomenclature for automated and mechanised analysis (Recommendations 1989)' on page 1659 (https://doi.org/10.1351/pac198961091657)</item>
      </sources>
    </item>
  </definitions>
  <links>
    <html>https://goldbook.iupac.org/terms/view/A00333/html</html>
    <json>https://goldbook.iupac.org/terms/view/A00333/json</json>
    <xml>https://goldbook.iupac.org/terms/view/A00333/xml</xml>
    <plain>https://goldbook.iupac.org/terms/view/A00333/plain</plain>
  </links>
  <citation>Citation: 'analytical instrument' in IUPAC Compendium of Chemical Terminology, 5th ed. International Union of Pure and Applied Chemistry; 2025. Online version 5.0.0, 2025. 10.1351/goldbook.A00333</citation>
  <license>The IUPAC Gold Book is licensed under Creative Commons Attribution-ShareAlike CC BY-SA 4.0 International (https://creativecommons.org/licenses/by-sa/4.0/) for individual terms.</license>
  <collection>If you are interested in licensing the Gold Book for commercial use, please contact the IUPAC Executive Director at executivedirector@iupac.org .</collection>
  <disclaimer>The International Union of Pure and Applied Chemistry (IUPAC) is continuously reviewing and, where needed, updating terms in the Compendium of Chemical Terminology (the IUPAC Gold Book). Users of these terms are encouraged to include the version of a term with its use and to check regularly for updates to term definitions that you are using.</disclaimer>
  <accessed>2025-02-25T06:53:25+00:00</accessed>
</term>
