<?xml version="1.0" encoding="UTF-8"?>
<term>
  <id>00314</id>
  <doi>10.1351/goldbook.A00314</doi>
  <code>A00314</code>
  <status>current</status>
  <longtitle>IUPAC Gold Book - anabolism</longtitle>
  <title>anabolism</title>
  <termversion>2.3.3</termversion>
  <lastupdated>2014-02-24</lastupdated>
  <definitions>
    <item>
      <id>1</id>
      <text>The processes of metabolism that result in the synthesis of cellular components from precursors of low molecular weight.</text>
      <links>
        <item>
          <title>catabolism</title>
          <url>https://goldbook.iupac.org/terms/view/C00870</url>
        </item>
        <item>
          <title>catabolism</title>
          <url>https://goldbook.iupac.org/terms/view/C00870</url>
        </item>
        <item>
          <title>metabolism</title>
          <url>https://goldbook.iupac.org/terms/view/M03858</url>
        </item>
        <item>
          <title>catabolism</title>
          <url>https://goldbook.iupac.org/terms/view/C00870</url>
        </item>
        <item>
          <title>metabolism</title>
          <url>https://goldbook.iupac.org/terms/view/M03858</url>
        </item>
        <item>
          <title>molecular weight</title>
          <url>https://goldbook.iupac.org/terms/view/M04000</url>
        </item>
      </links>
      <sources>
        <item>PAC, 1992, 64, 143. 'Glossary for chemists of terms used in biotechnology (IUPAC Recommendations 1992)' on page 146 (https://doi.org/10.1351/pac199264010143)</item>
        <item>PAC, 1993, 65, 2003. 'Glossary for chemists of terms used in toxicology (IUPAC Recommendations 1993)' on page 2013 (https://doi.org/10.1351/pac199365092003)</item>
      </sources>
    </item>
  </definitions>
  <referencedin>
    <item>
      <title>Wikipedia - Chemical reaction (en)</title>
      <url>https://en.wikipedia.org/wiki/Chemical_reaction</url>
    </item>
    <item>
      <title>Wikipedia - Reaksi kimia (id)</title>
      <url>https://id.wikipedia.org/wiki/Reaksi_kimia</url>
    </item>
    <item>
      <title>Wikipedia - Réaksi kimia (jv)</title>
      <url>https://jv.wikipedia.org/wiki/Réaksi_kimia</url>
    </item>
    <item>
      <title>Wikipedia - Хемиска реакција (mk)</title>
      <url>https://mk.wikipedia.org/wiki/Хемиска_реакција</url>
    </item>
    <item>
      <title>Wikipedia - வேதி வினை (ta)</title>
      <url>https://ta.wikipedia.org/wiki/வேதி_வினை</url>
    </item>
  </referencedin>
  <links>
    <html>https://goldbook.iupac.org/terms/view/A00314/html</html>
    <json>https://goldbook.iupac.org/terms/view/A00314/json</json>
    <xml>https://goldbook.iupac.org/terms/view/A00314/xml</xml>
    <plain>https://goldbook.iupac.org/terms/view/A00314/plain</plain>
  </links>
  <citation>Citation: 'anabolism' in IUPAC Compendium of Chemical Terminology, 5th ed. International Union of Pure and Applied Chemistry; 2025. Online version 5.0.0, 2025. 10.1351/goldbook.A00314</citation>
  <license>The IUPAC Gold Book is licensed under Creative Commons Attribution-ShareAlike CC BY-SA 4.0 International (https://creativecommons.org/licenses/by-sa/4.0/) for individual terms.</license>
  <collection>If you are interested in licensing the Gold Book for commercial use, please contact the IUPAC Executive Director at executivedirector@iupac.org .</collection>
  <disclaimer>The International Union of Pure and Applied Chemistry (IUPAC) is continuously reviewing and, where needed, updating terms in the Compendium of Chemical Terminology (the IUPAC Gold Book). Users of these terms are encouraged to include the version of a term with its use and to check regularly for updates to term definitions that you are using.</disclaimer>
  <accessed>2025-02-25T06:52:59+00:00</accessed>
</term>
