<?xml version="1.0" encoding="UTF-8"?>
<term>
  <id>00385</id>
  <doi>10.1351/goldbook.A00385</doi>
  <code>A00385</code>
  <status>current</status>
  <longtitle>IUPAC Gold Book - anticholinergic</longtitle>
  <title>anticholinergic</title>
  <termversion>2.3.3</termversion>
  <lastupdated>2014-02-24</lastupdated>
  <definitions>
    <item>
      <id>1</id>
      <text>(adjective) Preventing transmission of parasympathetic nerve impulses.</text>
      <links>
        <item>
          <title>transmission</title>
          <url>https://goldbook.iupac.org/terms/view/T06477</url>
        </item>
      </links>
    </item>
    <item>
      <id>2</id>
      <text>(noun) Substance which prevents transmission of parasympathetic nerve impulses.</text>
      <links>
        <item>
          <title>transmission</title>
          <url>https://goldbook.iupac.org/terms/view/T06477</url>
        </item>
      </links>
    </item>
  </definitions>
  <sources>'Glossary for chemists of terms used in toxicology (IUPAC Recommendations 1993)' Duffus, J.; Pure and Applied Chemistry 1993 65(9) 2003</sources>
  <referencedin>
    <item>
      <title>Wikipedia - مضادات الكولين (ar)</title>
      <url>https://ar.wikipedia.org/wiki/مضادات_الكولين</url>
    </item>
  </referencedin>
  <links>
    <html>https://goldbook.iupac.org/terms/view/A00385/html</html>
    <json>https://goldbook.iupac.org/terms/view/A00385/json</json>
    <xml>https://goldbook.iupac.org/terms/view/A00385/xml</xml>
    <plain>https://goldbook.iupac.org/terms/view/A00385/plain</plain>
  </links>
  <citation>Citation: 'anticholinergic' in IUPAC Compendium of Chemical Terminology, 5th ed. International Union of Pure and Applied Chemistry; 2025. Online version 5.0.0, 2025. 10.1351/goldbook.A00385</citation>
  <license>The IUPAC Gold Book is licensed under Creative Commons Attribution-ShareAlike CC BY-SA 4.0 International (https://creativecommons.org/licenses/by-sa/4.0/) for individual terms.</license>
  <collection>If you are interested in licensing the Gold Book for commercial use, please contact the IUPAC Executive Director at executivedirector@iupac.org .</collection>
  <disclaimer>The International Union of Pure and Applied Chemistry (IUPAC) is continuously reviewing and, where needed, updating terms in the Compendium of Chemical Terminology (the IUPAC Gold Book). Users of these terms are encouraged to include the version of a term with its use and to check regularly for updates to term definitions that you are using.</disclaimer>
  <accessed>2025-02-25T06:56:24+00:00</accessed>
</term>
