<?xml version="1.0" encoding="UTF-8"?>
<term>
  <id>00368</id>
  <doi>10.1351/goldbook.A00368</doi>
  <code>A00368</code>
  <status>current</status>
  <longtitle>IUPAC Gold Book - annulenes</longtitle>
  <title>annulenes</title>
  <termversion>2.3.3</termversion>
  <lastupdated>2014-02-24</lastupdated>
  <definitions>
    <item>
      <id>1</id>
      <text>Mancude monocyclic hydrocarbons without side chains of the general formula CnHn (n is an even number) or CnHn+1 (n is an odd number). In systematic nomenclature an annulene with seven or more carbon atoms may be named [n]annulene, where n is the number of carbon atoms, e.g.annulene for cyclonona-1,3,5,7-tetraene.</text>
      <links>
        <item>
          <title>Mancude</title>
          <url>https://goldbook.iupac.org/terms/view/M03695</url>
        </item>
        <item>
          <title>hydrocarbons</title>
          <url>https://goldbook.iupac.org/terms/view/H02889</url>
        </item>
      </links>
      <sources>
        <item>PAC, 1994, 66, 1077. 'Glossary of terms used in physical organic chemistry (IUPAC Recommendations 1994)' on page 1083 (https://doi.org/10.1351/pac199466051077)</item>
        <item>PAC, 1995, 67, 1307. 'Glossary of class names of organic compounds and reactivity intermediates based on structure (IUPAC Recommendations 1995)' on page 1318 (https://doi.org/10.1351/pac199567081307)</item>
      </sources>
    </item>
  </definitions>
  <referencedin>
    <item>
      <title>Wikipedia - Annulene (de)</title>
      <url>https://de.wikipedia.org/wiki/Annulene</url>
    </item>
    <item>
      <title>Wikipedia - Annulene (en)</title>
      <url>https://en.wikipedia.org/wiki/Annulene</url>
    </item>
    <item>
      <title>Wikipedia - Annuleni (it)</title>
      <url>https://it.wikipedia.org/wiki/Annuleni</url>
    </item>
    <item>
      <title>Wikipedia - Annulè (ca)</title>
      <url>https://ca.wikipedia.org/wiki/Annulè</url>
    </item>
    <item>
      <title>Wikipedia - Annulène (fr)</title>
      <url>https://fr.wikipedia.org/wiki/Annulène</url>
    </item>
    <item>
      <title>Wikipedia - Anuleno (es)</title>
      <url>https://es.wikipedia.org/wiki/Anuleno</url>
    </item>
    <item>
      <title>Wikipedia - Anulè (ca)</title>
      <url>https://ca.wikipedia.org/wiki/Anulè</url>
    </item>
    <item>
      <title>Wikipedia - Аннулены (ru)</title>
      <url>https://ru.wikipedia.org/wiki/Аннулены</url>
    </item>
    <item>
      <title>Wikipedia - أنولين (ar)</title>
      <url>https://ar.wikipedia.org/wiki/أنولين</url>
    </item>
    <item>
      <title>Wikipedia - অ্যানিউলিন (bn)</title>
      <url>https://bn.wikipedia.org/wiki/অ্যানিউলিন</url>
    </item>
    <item>
      <title>Wikipedia - アヌレン (ja)</title>
      <url>https://ja.wikipedia.org/wiki/アヌレン</url>
    </item>
  </referencedin>
  <links>
    <html>https://goldbook.iupac.org/terms/view/A00368/html</html>
    <json>https://goldbook.iupac.org/terms/view/A00368/json</json>
    <xml>https://goldbook.iupac.org/terms/view/A00368/xml</xml>
    <plain>https://goldbook.iupac.org/terms/view/A00368/plain</plain>
  </links>
  <citation>Citation: 'annulenes' in IUPAC Compendium of Chemical Terminology, 5th ed. International Union of Pure and Applied Chemistry; 2025. Online version 5.0.0, 2025. 10.1351/goldbook.A00368</citation>
  <license>The IUPAC Gold Book is licensed under Creative Commons Attribution-ShareAlike CC BY-SA 4.0 International (https://creativecommons.org/licenses/by-sa/4.0/) for individual terms.</license>
  <collection>If you are interested in licensing the Gold Book for commercial use, please contact the IUPAC Executive Director at executivedirector@iupac.org .</collection>
  <disclaimer>The International Union of Pure and Applied Chemistry (IUPAC) is continuously reviewing and, where needed, updating terms in the Compendium of Chemical Terminology (the IUPAC Gold Book). Users of these terms are encouraged to include the version of a term with its use and to check regularly for updates to term definitions that you are using.</disclaimer>
  <accessed>2025-02-25T06:55:12+00:00</accessed>
</term>
