<?xml version="1.0" encoding="UTF-8"?>
<term>
  <id>00349</id>
  <doi>10.1351/goldbook.A00349</doi>
  <code>A00349</code>
  <status>current</status>
  <longtitle>IUPAC Gold Book - angle strain</longtitle>
  <title>angle strain</title>
  <termversion>2.0.2</termversion>
  <lastupdated>2008-10-07</lastupdated>
  <definitions>
    <item>
      <id>1</id>
      <text>Strain due to a departure in bond angle from 'normal' values. The term is often used in the context of non-aromatic cyclic compounds in which the internal angles differ from the regular tetrahedral angle of 109° 28′; in this sense anglestrain is also known as Baeyer strain.</text>
      <links>
        <item>
          <title>Strain</title>
          <url>https://goldbook.iupac.org/terms/view/S06037</url>
        </item>
        <item>
          <title>angle</title>
          <url>https://goldbook.iupac.org/terms/view/A00346</url>
        </item>
        <item>
          <title>Baeyer strain</title>
          <url>https://goldbook.iupac.org/terms/view/B00586</url>
        </item>
      </links>
      <math>
        <item>
          <alttext>109° 28′</alttext>
          <latex>109^{\,\unicode{x26ac}}\,28^{\prime }</latex>
        </item>
      </math>
      <sources>
        <item>PAC, 1996, 68, 2193. 'Basic terminology of stereochemistry (IUPAC Recommendations 1996)' on page 2198 (https://doi.org/10.1351/pac199668122193)</item>
      </sources>
    </item>
  </definitions>
  <links>
    <html>https://goldbook.iupac.org/terms/view/A00349/html</html>
    <json>https://goldbook.iupac.org/terms/view/A00349/json</json>
    <xml>https://goldbook.iupac.org/terms/view/A00349/xml</xml>
    <plain>https://goldbook.iupac.org/terms/view/A00349/plain</plain>
  </links>
  <citation>Citation: 'angle strain' in IUPAC Compendium of Chemical Terminology, 5th ed. International Union of Pure and Applied Chemistry; 2025. Online version 5.0.0, 2025. 10.1351/goldbook.A00349</citation>
  <license>The IUPAC Gold Book is licensed under Creative Commons Attribution-ShareAlike CC BY-SA 4.0 International (https://creativecommons.org/licenses/by-sa/4.0/) for individual terms.</license>
  <collection>If you are interested in licensing the Gold Book for commercial use, please contact the IUPAC Executive Director at executivedirector@iupac.org .</collection>
  <disclaimer>The International Union of Pure and Applied Chemistry (IUPAC) is continuously reviewing and, where needed, updating terms in the Compendium of Chemical Terminology (the IUPAC Gold Book). Users of these terms are encouraged to include the version of a term with its use and to check regularly for updates to term definitions that you are using.</disclaimer>
  <accessed>2025-02-25T06:54:11+00:00</accessed>
</term>
