<?xml version="1.0" encoding="UTF-8"?>
<term>
  <id>00361</id>
  <doi>10.1351/goldbook.A00361</doi>
  <code>A00361</code>
  <status>current</status>
  <longtitle>IUPAC Gold Book - anionic polymerization</longtitle>
  <title>anionic polymerization</title>
  <termversion>2.3.3</termversion>
  <lastupdated>2014-02-24</lastupdated>
  <definitions>
    <item>
      <id>1</id>
      <text>An ionic polymerization in which the kinetic-chain carriers are anions.</text>
      <links>
        <item>
          <title>ionic polymerization</title>
          <url>https://goldbook.iupac.org/terms/view/I03178</url>
        </item>
      </links>
      <sources>
        <item>PAC, 1996, 68, 2287. 'Glossary of basic terms in polymer science (IUPAC Recommendations 1996)' on page 2308 (https://doi.org/10.1351/pac199668122287)</item>
      </sources>
    </item>
  </definitions>
  <referencedin>
    <item>
      <title>Wikipedia - Anionic addition polymerization (en)</title>
      <url>https://en.wikipedia.org/wiki/Anionic_addition_polymerization</url>
    </item>
    <item>
      <title>Wikipedia - 陰離子加成聚合反應 (zh)</title>
      <url>https://zh.wikipedia.org/wiki/陰離子加成聚合反應</url>
    </item>
  </referencedin>
  <links>
    <html>https://goldbook.iupac.org/terms/view/A00361/html</html>
    <json>https://goldbook.iupac.org/terms/view/A00361/json</json>
    <xml>https://goldbook.iupac.org/terms/view/A00361/xml</xml>
    <plain>https://goldbook.iupac.org/terms/view/A00361/plain</plain>
  </links>
  <citation>Citation: 'anionic polymerization' in IUPAC Compendium of Chemical Terminology, 5th ed. International Union of Pure and Applied Chemistry; 2025. Online version 5.0.0, 2025. 10.1351/goldbook.A00361</citation>
  <license>The IUPAC Gold Book is licensed under Creative Commons Attribution-ShareAlike CC BY-SA 4.0 International (https://creativecommons.org/licenses/by-sa/4.0/) for individual terms.</license>
  <collection>If you are interested in licensing the Gold Book for commercial use, please contact the IUPAC Executive Director at executivedirector@iupac.org .</collection>
  <disclaimer>The International Union of Pure and Applied Chemistry (IUPAC) is continuously reviewing and, where needed, updating terms in the Compendium of Chemical Terminology (the IUPAC Gold Book). Users of these terms are encouraged to include the version of a term with its use and to check regularly for updates to term definitions that you are using.</disclaimer>
  <accessed>2025-02-25T06:54:50+00:00</accessed>
</term>
