<?xml version="1.0" encoding="UTF-8"?>
<term>
  <id>00389</id>
  <doi>10.1351/goldbook.A00389</doi>
  <code>A00389</code>
  <status>current</status>
  <longtitle>IUPAC Gold Book - anticodon</longtitle>
  <title>anticodon</title>
  <termversion/>
  <definitions>
    <item>
      <id>1</id>
      <text>A sequence of three nucleotides in the anticodon-loop of a tRNA, which recognizes and binds the complementary triplet sequence (codon) of the mRNA.</text>
      <links>
        <item>
          <title>sequence</title>
          <url>https://goldbook.iupac.org/terms/view/ST06775</url>
        </item>
        <item>
          <title>nucleotides</title>
          <url>https://goldbook.iupac.org/terms/view/N04255</url>
        </item>
        <item>
          <title>tRNA</title>
          <url>https://goldbook.iupac.org/terms/view/T06445</url>
        </item>
        <item>
          <title>codon</title>
          <url>https://goldbook.iupac.org/terms/view/C01123</url>
        </item>
        <item>
          <title>mRNA</title>
          <url>https://goldbook.iupac.org/terms/view/M03857</url>
        </item>
      </links>
      <sources>
        <item>PAC, 1992, 64, 143. 'Glossary for chemists of terms used in biotechnology (IUPAC Recommendations 1992)' on page 146 (https://doi.org/10.1351/pac199264010143)</item>
      </sources>
    </item>
  </definitions>
  <referencedin>
    <item>
      <title>Wikipedia - RNA transfer (it)</title>
      <url>https://it.wikipedia.org/wiki/RNA_transfer</url>
    </item>
    <item>
      <title>Wikipedia - مقابلة الرامزة (ar)</title>
      <url>https://ar.wikipedia.org/wiki/مقابلة_الرامزة</url>
    </item>
  </referencedin>
  <links>
    <html>https://goldbook.iupac.org/terms/view/A00389/html</html>
    <json>https://goldbook.iupac.org/terms/view/A00389/json</json>
    <xml>https://goldbook.iupac.org/terms/view/A00389/xml</xml>
    <plain>https://goldbook.iupac.org/terms/view/A00389/plain</plain>
  </links>
  <citation>Citation: 'anticodon' in IUPAC Compendium of Chemical Terminology, 5th ed. International Union of Pure and Applied Chemistry; 2025. Online version 5.0.0, 2025. 10.1351/goldbook.A00389</citation>
  <license>The IUPAC Gold Book is licensed under Creative Commons Attribution-ShareAlike CC BY-SA 4.0 International (https://creativecommons.org/licenses/by-sa/4.0/) for individual terms.</license>
  <collection>If you are interested in licensing the Gold Book for commercial use, please contact the IUPAC Executive Director at executivedirector@iupac.org .</collection>
  <disclaimer>The International Union of Pure and Applied Chemistry (IUPAC) is continuously reviewing and, where needed, updating terms in the Compendium of Chemical Terminology (the IUPAC Gold Book). Users of these terms are encouraged to include the version of a term with its use and to check regularly for updates to term definitions that you are using.</disclaimer>
  <accessed>2025-02-25T06:56:34+00:00</accessed>
</term>
