<?xml version="1.0" encoding="UTF-8"?>
<term>
  <id>00304</id>
  <doi>10.1351/goldbook.A00304</doi>
  <code>A00304</code>
  <status>current</status>
  <longtitle>IUPAC Gold Book - amphiprotic (solvent)</longtitle>
  <title>amphiprotic (solvent)</title>
  <termversion>2.0.2</termversion>
  <lastupdated>2008-10-07</lastupdated>
  <definitions>
    <item>
      <id>1</id>
      <text>Self-ionizing solvent possessing both characteristics of Brønsted acids and bases, for example H2O and CH3OH, in contrast to aprotic solvent.</text>
      <links>
        <item>
          <title>Brønsted acids</title>
          <url>https://goldbook.iupac.org/terms/view/B00744</url>
        </item>
        <item>
          <title>bases</title>
          <url>https://goldbook.iupac.org/terms/view/B00745</url>
        </item>
        <item>
          <title>aprotic solvent</title>
          <url>https://goldbook.iupac.org/terms/view/A00425</url>
        </item>
      </links>
      <sources>
        <item>Orange Book, 2nd ed., p. 30 (https://media.iupac.org/publications/analytical_compendium/)</item>
        <item>PAC, 1994, 66, 1077. 'Glossary of terms used in physical organic chemistry (IUPAC Recommendations 1994)' on page 1083 (https://doi.org/10.1351/pac199466051077)</item>
      </sources>
    </item>
  </definitions>
  <referencedin>
    <item>
      <title>Wikipedia - Amphoterism (en)</title>
      <url>https://en.wikipedia.org/wiki/Amphoterism</url>
    </item>
    <item>
      <title>Wikipedia - Anfiprotico (it)</title>
      <url>https://it.wikipedia.org/wiki/Anfiprotico</url>
    </item>
    <item>
      <title>Wikipedia - Επαμφοτερίζουσα χημική ένωση (el)</title>
      <url>https://el.wikipedia.org/wiki/Επαμφοτερίζουσα_χημική_ένωση</url>
    </item>
    <item>
      <title>Wikipedia - Растворитель (ru)</title>
      <url>https://ru.wikipedia.org/wiki/Растворитель</url>
    </item>
  </referencedin>
  <links>
    <html>https://goldbook.iupac.org/terms/view/A00304/html</html>
    <json>https://goldbook.iupac.org/terms/view/A00304/json</json>
    <xml>https://goldbook.iupac.org/terms/view/A00304/xml</xml>
    <plain>https://goldbook.iupac.org/terms/view/A00304/plain</plain>
  </links>
  <citation>Citation: 'amphiprotic (solvent)' in IUPAC Compendium of Chemical Terminology, 5th ed. International Union of Pure and Applied Chemistry; 2025. Online version 5.0.0, 2025. 10.1351/goldbook.A00304</citation>
  <license>The IUPAC Gold Book is licensed under Creative Commons Attribution-ShareAlike CC BY-SA 4.0 International (https://creativecommons.org/licenses/by-sa/4.0/) for individual terms.</license>
  <collection>If you are interested in licensing the Gold Book for commercial use, please contact the IUPAC Executive Director at executivedirector@iupac.org .</collection>
  <disclaimer>The International Union of Pure and Applied Chemistry (IUPAC) is continuously reviewing and, where needed, updating terms in the Compendium of Chemical Terminology (the IUPAC Gold Book). Users of these terms are encouraged to include the version of a term with its use and to check regularly for updates to term definitions that you are using.</disclaimer>
  <accessed>2025-02-25T06:52:36+00:00</accessed>
</term>
