<?xml version="1.0" encoding="UTF-8"?>
<term>
  <id>00311</id>
  <doi>10.1351/goldbook.A00311</doi>
  <code>A00311</code>
  <status>current</status>
  <longtitle>IUPAC Gold Book - amplitude of alternating voltage</longtitle>
  <title>amplitude of alternating voltage</title>
  <termversion>2.3.3</termversion>
  <lastupdated>2014-02-24</lastupdated>
  <definitions>
    <item>
      <id>1</id>
      <text>This term should denote half of the peak-to-peak amplitude. Peak-to-peak and r.m.s. amplitudes should be so specified.</text>
      <sources>
        <item>PAC, 1985, 57, 1491. 'Recommended terms, symbols, and definitions for electroanalytical chemistry (Recommendations 1985)' on page 1505 (https://doi.org/10.1351/pac198557101491)</item>
      </sources>
    </item>
  </definitions>
  <links>
    <html>https://goldbook.iupac.org/terms/view/A00311/html</html>
    <json>https://goldbook.iupac.org/terms/view/A00311/json</json>
    <xml>https://goldbook.iupac.org/terms/view/A00311/xml</xml>
    <plain>https://goldbook.iupac.org/terms/view/A00311/plain</plain>
  </links>
  <citation>Citation: 'amplitude of alternating voltage' in IUPAC Compendium of Chemical Terminology, 5th ed. International Union of Pure and Applied Chemistry; 2025. Online version 5.0.0, 2025. 10.1351/goldbook.A00311</citation>
  <license>The IUPAC Gold Book is licensed under Creative Commons Attribution-ShareAlike CC BY-SA 4.0 International (https://creativecommons.org/licenses/by-sa/4.0/) for individual terms.</license>
  <collection>If you are interested in licensing the Gold Book for commercial use, please contact the IUPAC Executive Director at executivedirector@iupac.org .</collection>
  <disclaimer>The International Union of Pure and Applied Chemistry (IUPAC) is continuously reviewing and, where needed, updating terms in the Compendium of Chemical Terminology (the IUPAC Gold Book). Users of these terms are encouraged to include the version of a term with its use and to check regularly for updates to term definitions that you are using.</disclaimer>
  <accessed>2025-02-25T06:52:56+00:00</accessed>
</term>
