<?xml version="1.0" encoding="UTF-8"?>
<term>
  <id>00383</id>
  <doi>10.1351/goldbook.A00383</doi>
  <code>A00383</code>
  <status>current</status>
  <longtitle>IUPAC Gold Book - antibiotic</longtitle>
  <title>antibiotic</title>
  <termversion>2.3.3</termversion>
  <lastupdated>2014-02-24</lastupdated>
  <definitions>
    <item>
      <id>1</id>
      <text>Substance produced by, and obtained from, certain living cells (especially bacteria, yeasts and moulds), or an equivalent synthetic substance, which is biostatic or biocidal at low concentrations to some other form of life, especially pathogenic or noxious organisms.</text>
      <sources>
        <item>PAC, 1993, 65, 2003. 'Glossary for chemists of terms used in toxicology (IUPAC Recommendations 1993)' on page 2014 (https://doi.org/10.1351/pac199365092003)</item>
      </sources>
    </item>
  </definitions>
  <referencedin>
    <item>
      <title>Wikipedia - Antibiotico (it)</title>
      <url>https://it.wikipedia.org/wiki/Antibiotico</url>
    </item>
    <item>
      <title>Wikipedia - مضاد حيوي (ar)</title>
      <url>https://ar.wikipedia.org/wiki/مضاد_حيوي</url>
    </item>
  </referencedin>
  <links>
    <html>https://goldbook.iupac.org/terms/view/A00383/html</html>
    <json>https://goldbook.iupac.org/terms/view/A00383/json</json>
    <xml>https://goldbook.iupac.org/terms/view/A00383/xml</xml>
    <plain>https://goldbook.iupac.org/terms/view/A00383/plain</plain>
  </links>
  <citation>Citation: 'antibiotic' in IUPAC Compendium of Chemical Terminology, 5th ed. International Union of Pure and Applied Chemistry; 2025. Online version 5.0.0, 2025. 10.1351/goldbook.A00383</citation>
  <license>The IUPAC Gold Book is licensed under Creative Commons Attribution-ShareAlike CC BY-SA 4.0 International (https://creativecommons.org/licenses/by-sa/4.0/) for individual terms.</license>
  <collection>If you are interested in licensing the Gold Book for commercial use, please contact the IUPAC Executive Director at executivedirector@iupac.org .</collection>
  <disclaimer>The International Union of Pure and Applied Chemistry (IUPAC) is continuously reviewing and, where needed, updating terms in the Compendium of Chemical Terminology (the IUPAC Gold Book). Users of these terms are encouraged to include the version of a term with its use and to check regularly for updates to term definitions that you are using.</disclaimer>
  <accessed>2025-02-25T06:56:17+00:00</accessed>
</term>
