<?xml version="1.0" encoding="UTF-8"?>
<term>
  <id>00348</id>
  <doi>10.1351/goldbook.A00348</doi>
  <code>A00348</code>
  <status>current</status>
  <longtitle>IUPAC Gold Book - angle of optical rotation</longtitle>
  <title>angle of optical rotation</title>
  <index>quantity</index>
  <termversion>2.3.3</termversion>
  <lastupdated>2014-02-24</lastupdated>
  <definitions>
    <item>
      <id>1</id>
      <text>Angle through which plane polarized light is rotated clockwise, as seen when facing the light source, in passing through an optically active medium.</text>
      <links>
        <item>
          <title>angle</title>
          <url>https://goldbook.iupac.org/terms/view/A00346</url>
        </item>
        <item>
          <title>light source</title>
          <url>https://goldbook.iupac.org/terms/view/L03526</url>
        </item>
        <item>
          <title>active medium</title>
          <url>https://goldbook.iupac.org/terms/view/A00106</url>
        </item>
      </links>
      <sources>
        <item>Green Book, 2nd ed., p. 33 (https://goldbook.iupac.org/files/pdf/green_book_2ed.pdf)</item>
      </sources>
    </item>
  </definitions>
  <referencedin>
    <item>
      <title>Wikipedia - Spezifischer Drehwinkel (de)</title>
      <url>https://de.wikipedia.org/wiki/Spezifischer_Drehwinkel</url>
    </item>
  </referencedin>
  <links>
    <html>https://goldbook.iupac.org/terms/view/A00348/html</html>
    <json>https://goldbook.iupac.org/terms/view/A00348/json</json>
    <xml>https://goldbook.iupac.org/terms/view/A00348/xml</xml>
    <plain>https://goldbook.iupac.org/terms/view/A00348/plain</plain>
  </links>
  <citation>Citation: 'angle of optical rotation' in IUPAC Compendium of Chemical Terminology, 5th ed. International Union of Pure and Applied Chemistry; 2025. Online version 5.0.0, 2025. 10.1351/goldbook.A00348</citation>
  <license>The IUPAC Gold Book is licensed under Creative Commons Attribution-ShareAlike CC BY-SA 4.0 International (https://creativecommons.org/licenses/by-sa/4.0/) for individual terms.</license>
  <collection>If you are interested in licensing the Gold Book for commercial use, please contact the IUPAC Executive Director at executivedirector@iupac.org .</collection>
  <disclaimer>The International Union of Pure and Applied Chemistry (IUPAC) is continuously reviewing and, where needed, updating terms in the Compendium of Chemical Terminology (the IUPAC Gold Book). Users of these terms are encouraged to include the version of a term with its use and to check regularly for updates to term definitions that you are using.</disclaimer>
  <accessed>2025-02-25T06:54:08+00:00</accessed>
</term>
