<?xml version="1.0" encoding="UTF-8"?>
<term>
  <id>00344</id>
  <doi>10.1351/goldbook.A00344</doi>
  <code>A00344</code>
  <status>current</status>
  <longtitle>IUPAC Gold Book - aneroid barometer</longtitle>
  <title>aneroid barometer</title>
  <termversion>2.3.3</termversion>
  <lastupdated>2014-02-24</lastupdated>
  <definitions>
    <item>
      <id>1</id>
      <text>An instrument for monitoring the atmospheric pressure in which no liquid is employed, but rather changes in pressure between the atmosphere and a closed vessel bend a diaphram which moves a pointer on a scale.</text>
      <links>
        <item>
          <title>monitoring</title>
          <url>https://goldbook.iupac.org/terms/view/MT06831</url>
        </item>
      </links>
      <sources>
        <item>PAC, 1990, 62, 2167. 'Glossary of atmospheric chemistry terms (Recommendations 1990)' on page 2175 (https://doi.org/10.1351/pac199062112167)</item>
      </sources>
    </item>
  </definitions>
  <links>
    <html>https://goldbook.iupac.org/terms/view/A00344/html</html>
    <json>https://goldbook.iupac.org/terms/view/A00344/json</json>
    <xml>https://goldbook.iupac.org/terms/view/A00344/xml</xml>
    <plain>https://goldbook.iupac.org/terms/view/A00344/plain</plain>
  </links>
  <citation>Citation: 'aneroid barometer' in IUPAC Compendium of Chemical Terminology, 5th ed. International Union of Pure and Applied Chemistry; 2025. Online version 5.0.0, 2025. 10.1351/goldbook.A00344</citation>
  <license>The IUPAC Gold Book is licensed under Creative Commons Attribution-ShareAlike CC BY-SA 4.0 International (https://creativecommons.org/licenses/by-sa/4.0/) for individual terms.</license>
  <collection>If you are interested in licensing the Gold Book for commercial use, please contact the IUPAC Executive Director at executivedirector@iupac.org .</collection>
  <disclaimer>The International Union of Pure and Applied Chemistry (IUPAC) is continuously reviewing and, where needed, updating terms in the Compendium of Chemical Terminology (the IUPAC Gold Book). Users of these terms are encouraged to include the version of a term with its use and to check regularly for updates to term definitions that you are using.</disclaimer>
  <accessed>2025-02-25T06:53:59+00:00</accessed>
</term>
