<?xml version="1.0" encoding="UTF-8"?>
<term>
  <id>00346</id>
  <doi>10.1351/goldbook.A00346</doi>
  <code>A00346</code>
  <status>current</status>
  <longtitle>IUPAC Gold Book - angle</longtitle>
  <title>angle</title>
  <index>quantity</index>
  <termversion>2.0.2</termversion>
  <lastupdated>2008-10-07</lastupdated>
  <definitions>
    <item>
      <id>1</id>
      <text>The angle between two half-lines terminating at the same point is the ratio of the length of the included arc of the circle (with its centre at that point) to the radius of the circle. Symbols: α, β, γ ... This is a quantity of dimension one with the SI unit radian (rad), but very often degrees of arc are used.</text>
      <links>
        <item>
          <title>radian</title>
          <url>https://goldbook.iupac.org/terms/view/R05036</url>
        </item>
        <item>
          <title>degrees of arc (of arc)</title>
          <url>https://goldbook.iupac.org/terms/view/D01560</url>
        </item>
      </links>
      <math>
        <item>
          <type>symbol</type>
          <alttext>α</alttext>
          <latex>\alpha </latex>
        </item>
        <item>
          <alttext>β</alttext>
          <latex>\beta </latex>
        </item>
        <item>
          <alttext>γ</alttext>
          <latex>\gamma </latex>
        </item>
        <item>
          <alttext>rad</alttext>
          <latex>\mathrm{rad}</latex>
        </item>
      </math>
      <sources>
        <item>Green Book, 2nd ed., p. 11 (https://goldbook.iupac.org/files/pdf/green_book_2ed.pdf)</item>
        <item>PAC, 1996, 68, 957. 'Glossary of terms in quantities and units in Clinical Chemistry (IUPAC-IFCC Recommendations 1996)' on page 961 (https://doi.org/10.1351/pac199668040957)</item>
      </sources>
    </item>
  </definitions>
  <referencedin>
    <item>
      <title>Wikipedia - Angolo (it)</title>
      <url>https://it.wikipedia.org/wiki/Angolo</url>
    </item>
    <item>
      <title>Wikipedia - المسافة الزاوية (ar)</title>
      <url>https://ar.wikipedia.org/wiki/المسافة_الزاوية</url>
    </item>
    <item>
      <title>Wikipedia - مسافة زاوية (ar)</title>
      <url>https://ar.wikipedia.org/wiki/مسافة_زاوية</url>
    </item>
  </referencedin>
  <links>
    <html>https://goldbook.iupac.org/terms/view/A00346/html</html>
    <json>https://goldbook.iupac.org/terms/view/A00346/json</json>
    <xml>https://goldbook.iupac.org/terms/view/A00346/xml</xml>
    <plain>https://goldbook.iupac.org/terms/view/A00346/plain</plain>
  </links>
  <citation>Citation: 'angle' in IUPAC Compendium of Chemical Terminology, 5th ed. International Union of Pure and Applied Chemistry; 2025. Online version 5.0.0, 2025. 10.1351/goldbook.A00346</citation>
  <license>The IUPAC Gold Book is licensed under Creative Commons Attribution-ShareAlike CC BY-SA 4.0 International (https://creativecommons.org/licenses/by-sa/4.0/) for individual terms.</license>
  <collection>If you are interested in licensing the Gold Book for commercial use, please contact the IUPAC Executive Director at executivedirector@iupac.org .</collection>
  <disclaimer>The International Union of Pure and Applied Chemistry (IUPAC) is continuously reviewing and, where needed, updating terms in the Compendium of Chemical Terminology (the IUPAC Gold Book). Users of these terms are encouraged to include the version of a term with its use and to check regularly for updates to term definitions that you are using.</disclaimer>
  <accessed>2025-02-25T06:54:04+00:00</accessed>
</term>
