<?xml version="1.0" encoding="UTF-8"?>
<term>
  <id>00331</id>
  <doi>10.1351/goldbook.A00331</doi>
  <code>A00331</code>
  <status>current</status>
  <longtitle>IUPAC Gold Book - analyte</longtitle>
  <title>analyte</title>
  <termversion>2.3.3</termversion>
  <lastupdated>2014-02-24</lastupdated>
  <definitions>
    <item>
      <id>1</id>
      <text>The component of a system to be analysed.</text>
      <sources>
        <item>PAC, 1989, 61, 1657. 'Nomenclature for automated and mechanised analysis (Recommendations 1989)' on page 1660 (https://doi.org/10.1351/pac198961091657)</item>
      </sources>
    </item>
  </definitions>
  <referencedin>
    <item>
      <title>Wikipedia - Analita (it)</title>
      <url>https://it.wikipedia.org/wiki/Analita</url>
    </item>
    <item>
      <title>Wikipedia - حليلة (كيمياء) (ar)</title>
      <url>https://ar.wikipedia.org/wiki/حليلة_(كيمياء)</url>
    </item>
  </referencedin>
  <links>
    <html>https://goldbook.iupac.org/terms/view/A00331/html</html>
    <json>https://goldbook.iupac.org/terms/view/A00331/json</json>
    <xml>https://goldbook.iupac.org/terms/view/A00331/xml</xml>
    <plain>https://goldbook.iupac.org/terms/view/A00331/plain</plain>
  </links>
  <citation>Citation: 'analyte' in IUPAC Compendium of Chemical Terminology, 5th ed. International Union of Pure and Applied Chemistry; 2025. Online version 5.0.0, 2025. 10.1351/goldbook.A00331</citation>
  <license>The IUPAC Gold Book is licensed under Creative Commons Attribution-ShareAlike CC BY-SA 4.0 International (https://creativecommons.org/licenses/by-sa/4.0/) for individual terms.</license>
  <collection>If you are interested in licensing the Gold Book for commercial use, please contact the IUPAC Executive Director at executivedirector@iupac.org .</collection>
  <disclaimer>The International Union of Pure and Applied Chemistry (IUPAC) is continuously reviewing and, where needed, updating terms in the Compendium of Chemical Terminology (the IUPAC Gold Book). Users of these terms are encouraged to include the version of a term with its use and to check regularly for updates to term definitions that you are using.</disclaimer>
  <accessed>2025-02-25T06:53:17+00:00</accessed>
</term>
