<?xml version="1.0" encoding="UTF-8"?>
<term>
  <id>00320</id>
  <doi>10.1351/goldbook.A00320</doi>
  <code>A00320</code>
  <status>current</status>
  <longtitle>IUPAC Gold Book - analogue to digital converter (pulse)</longtitle>
  <title>analogue to digital converter (pulse)</title>
  <termversion>2.3.3</termversion>
  <lastupdated>2014-02-24</lastupdated>
  <definitions>
    <item>
      <id>1</id>
      <text>A pulse amplitude analyser which, for each pulse processed, produces an integer proportional to the height of that pulse.</text>
      <links>
        <item>
          <title>pulse amplitude analyser</title>
          <url>https://goldbook.iupac.org/terms/view/P04945</url>
        </item>
      </links>
      <sources>
        <item>PAC, 1982, 54, 1533. 'Glossary of terms used in nuclear analytical chemistry (Provisional)' on page 1535 (https://doi.org/10.1351/pac198254081533)</item>
      </sources>
    </item>
  </definitions>
  <links>
    <html>https://goldbook.iupac.org/terms/view/A00320/html</html>
    <json>https://goldbook.iupac.org/terms/view/A00320/json</json>
    <xml>https://goldbook.iupac.org/terms/view/A00320/xml</xml>
    <plain>https://goldbook.iupac.org/terms/view/A00320/plain</plain>
  </links>
  <citation>Citation: 'analogue to digital converter (pulse)' in IUPAC Compendium of Chemical Terminology, 5th ed. International Union of Pure and Applied Chemistry; 2025. Online version 5.0.0, 2025. 10.1351/goldbook.A00320</citation>
  <license>The IUPAC Gold Book is licensed under Creative Commons Attribution-ShareAlike CC BY-SA 4.0 International (https://creativecommons.org/licenses/by-sa/4.0/) for individual terms.</license>
  <collection>If you are interested in licensing the Gold Book for commercial use, please contact the IUPAC Executive Director at executivedirector@iupac.org .</collection>
  <disclaimer>The International Union of Pure and Applied Chemistry (IUPAC) is continuously reviewing and, where needed, updating terms in the Compendium of Chemical Terminology (the IUPAC Gold Book). Users of these terms are encouraged to include the version of a term with its use and to check regularly for updates to term definitions that you are using.</disclaimer>
  <accessed>2025-02-25T06:53:15+00:00</accessed>
</term>
