<?xml version="1.0" encoding="UTF-8"?>
<term>
  <id>00386</id>
  <doi>10.1351/goldbook.A00386</doi>
  <code>A00386</code>
  <status>current</status>
  <longtitle>IUPAC Gold Book - anticircular elution (anticircular development) in planar chromatography</longtitle>
  <title>anticircular elution</title>
  <termversion>2.3.3</termversion>
  <lastupdated>2014-02-24</lastupdated>
  <definitions>
    <item>
      <id>1</id>
      <text>The opposite of circular development. Here the sample as well as the mobile phase is applied at the periphery of a circle and both move towards the centre.</text>
      <contexts>
        <in>
          <item>planar chromatography</item>
        </in>
      </contexts>
      <links>
        <item>
          <title>circular development (in planar chromatography)</title>
          <url>https://goldbook.iupac.org/terms/view/R05035</url>
        </item>
      </links>
      <sources>
        <item>PAC, 1993, 65, 819. 'Nomenclature for chromatography (IUPAC Recommendations 1993)' on page 830 (https://doi.org/10.1351/pac199365040819)</item>
      </sources>
    </item>
  </definitions>
  <links>
    <html>https://goldbook.iupac.org/terms/view/A00386/html</html>
    <json>https://goldbook.iupac.org/terms/view/A00386/json</json>
    <xml>https://goldbook.iupac.org/terms/view/A00386/xml</xml>
    <plain>https://goldbook.iupac.org/terms/view/A00386/plain</plain>
  </links>
  <citation>Citation: 'anticircular elution' in IUPAC Compendium of Chemical Terminology, 5th ed. International Union of Pure and Applied Chemistry; 2025. Online version 5.0.0, 2025. 10.1351/goldbook.A00386</citation>
  <license>The IUPAC Gold Book is licensed under Creative Commons Attribution-ShareAlike CC BY-SA 4.0 International (https://creativecommons.org/licenses/by-sa/4.0/) for individual terms.</license>
  <collection>If you are interested in licensing the Gold Book for commercial use, please contact the IUPAC Executive Director at executivedirector@iupac.org .</collection>
  <disclaimer>The International Union of Pure and Applied Chemistry (IUPAC) is continuously reviewing and, where needed, updating terms in the Compendium of Chemical Terminology (the IUPAC Gold Book). Users of these terms are encouraged to include the version of a term with its use and to check regularly for updates to term definitions that you are using.</disclaimer>
  <accessed>2025-02-25T06:56:27+00:00</accessed>
</term>
