<?xml version="1.0" encoding="UTF-8"?>
<term>
  <id>00381</id>
  <doi>10.1351/goldbook.A00381</doi>
  <code>A00381</code>
  <status>current</status>
  <longtitle>IUPAC Gold Book - anti</longtitle>
  <title>anti</title>
  <termversion>2.3.3</termversion>
  <lastupdated>2014-02-24</lastupdated>
  <intro>In the representation of stereochemical relationships 'anti' means 'on opposite sides' of a reference plane, in contrast to '@S06216@' which means 'on the same side', as in the following examples.</intro>
  <definitions>
    <item>
      <id>1</id>
      <text>Two substituents attached to atoms joined by a single bond are anti if the torsion angle (dihedral angle) between the bonds to the substituents is greater than 90°, or syn if it is less than 90°. (A further distinction is made between antiperiplanar, synperiplanar, anticlinal and synclinal.)</text>
      <links>
        <item>
          <title>torsion angle</title>
          <url>https://goldbook.iupac.org/terms/view/T06406</url>
        </item>
        <item>
          <title>antiperiplanar</title>
          <url>https://goldbook.iupac.org/terms/view/T06406</url>
        </item>
        <item>
          <title>dihedral angle</title>
          <url>https://goldbook.iupac.org/terms/view/D01730</url>
        </item>
        <item>
          <title>syn</title>
          <url>https://goldbook.iupac.org/terms/view/S06216</url>
        </item>
      </links>
    </item>
    <item>
      <id>2</id>
      <text>In the older literature the terms anti and syn were used to designate stereoisomers of oximes and related compounds. That usage was superseded by the terms 'trans' and 'cis' or E and Z, respectively.</text>
      <links>
        <item>
          <title>syn</title>
          <url>https://goldbook.iupac.org/terms/view/S06216</url>
        </item>
        <item>
          <title>stereoisomers</title>
          <url>https://goldbook.iupac.org/terms/view/S05984</url>
        </item>
        <item>
          <title>oximes</title>
          <url>https://goldbook.iupac.org/terms/view/O04372</url>
        </item>
        <item>
          <title>trans</title>
          <url>https://goldbook.iupac.org/terms/view/C01092</url>
        </item>
      </links>
    </item>
    <item>
      <id>3</id>
      <text>When the terms are used in the context of chemical reactions or transformations, they designate the relative orientation of substituents in the substrate or product:   Addition to a carbon-carbon double bond: [image: Example reaction: anti addition to C-C double bond] [image: Example reaction: syn addition to C-C double bond]   Alkene-forming elimination: [image: Example reaction: anti alkene-forming elimination] [image: Example reaction: syn alkene-forming elimination] In the examples described under (1) and (2) anti processes are always antarafacial, and syn processes are suprafacial.</text>
      <chemicals>
        <item>
          <type>chemimage</type>
          <title>Example reaction: anti addition to C-C double bond</title>
          <file>https://goldbook.iupac.org/img/inline/A00381-1.png</file>
        </item>
        <item>
          <type>chemimage</type>
          <title>Example reaction: syn addition to C-C double bond</title>
          <file>https://goldbook.iupac.org/img/inline/A00381-2.png</file>
        </item>
        <item>
          <type>chemimage</type>
          <title>Example reaction: anti alkene-forming elimination</title>
          <file>https://goldbook.iupac.org/img/inline/A00381-3.png</file>
        </item>
        <item>
          <type>chemimage</type>
          <title>Example reaction: syn alkene-forming elimination</title>
          <file>https://goldbook.iupac.org/img/inline/A00381-4.png</file>
        </item>
      </chemicals>
      <links>
        <item>
          <title>chemical reactions</title>
          <url>https://goldbook.iupac.org/terms/view/C01033</url>
        </item>
        <item>
          <title>transformations</title>
          <url>https://goldbook.iupac.org/terms/view/T06446</url>
        </item>
        <item>
          <title>antarafacial</title>
          <url>https://goldbook.iupac.org/terms/view/A00377</url>
        </item>
        <item>
          <title>chemical reactions</title>
          <url>https://goldbook.iupac.org/terms/view/C01033</url>
        </item>
        <item>
          <title>transformations</title>
          <url>https://goldbook.iupac.org/terms/view/T06446</url>
        </item>
        <item>
          <title>antarafacial</title>
          <url>https://goldbook.iupac.org/terms/view/A00377</url>
        </item>
        <item>
          <title>elimination</title>
          <url>https://goldbook.iupac.org/terms/view/E02038</url>
        </item>
        <item>
          <title>syn</title>
          <url>https://goldbook.iupac.org/terms/view/S06216</url>
        </item>
      </links>
    </item>
  </definitions>
  <sources>'Basic terminology of stereochemistry (IUPAC Recommendations 1996)' Moss, G.P.; Pure and Applied Chemistry 1996 68(12) 2193</sources>
  <referencedin>
    <item>
      <title>Wikipedia - Adición sin y anti (es)</title>
      <url>https://es.wikipedia.org/wiki/Adición_sin_y_anti</url>
    </item>
    <item>
      <title>Wikipedia - Adição sin e anti (pt)</title>
      <url>https://pt.wikipedia.org/wiki/Adição_sin_e_anti</url>
    </item>
    <item>
      <title>Wikipedia - Talk:Diastereomer (en)</title>
      <url>https://en.wikipedia.org/wiki/Talk:Diastereomer</url>
    </item>
  </referencedin>
  <links>
    <html>https://goldbook.iupac.org/terms/view/A00381/html</html>
    <json>https://goldbook.iupac.org/terms/view/A00381/json</json>
    <xml>https://goldbook.iupac.org/terms/view/A00381/xml</xml>
    <plain>https://goldbook.iupac.org/terms/view/A00381/plain</plain>
  </links>
  <citation>Citation: 'anti' in IUPAC Compendium of Chemical Terminology, 5th ed. International Union of Pure and Applied Chemistry; 2025. Online version 5.0.0, 2025. 10.1351/goldbook.A00381</citation>
  <license>The IUPAC Gold Book is licensed under Creative Commons Attribution-ShareAlike CC BY-SA 4.0 International (https://creativecommons.org/licenses/by-sa/4.0/) for individual terms.</license>
  <collection>If you are interested in licensing the Gold Book for commercial use, please contact the IUPAC Executive Director at executivedirector@iupac.org .</collection>
  <disclaimer>The International Union of Pure and Applied Chemistry (IUPAC) is continuously reviewing and, where needed, updating terms in the Compendium of Chemical Terminology (the IUPAC Gold Book). Users of these terms are encouraged to include the version of a term with its use and to check regularly for updates to term definitions that you are using.</disclaimer>
  <accessed>2025-02-25T06:55:53+00:00</accessed>
</term>
