<?xml version="1.0" encoding="UTF-8"?>
<term>
  <id>00352</id>
  <doi>10.1351/goldbook.A00352</doi>
  <code>A00352</code>
  <status>current</status>
  <longtitle>IUPAC Gold Book - angular frequency</longtitle>
  <title>angular frequency</title>
  <index>quantity</index>
  <termversion>2.0.2</termversion>
  <lastupdated>2008-10-07</lastupdated>
  <definitions>
    <item>
      <id>1</id>
      <text>Frequency multiplied by 2π. Also called pulsatance. It was formerly called circular frequency.</text>
      <links>
        <item>
          <title>frequency</title>
          <url>https://goldbook.iupac.org/terms/view/F02525</url>
        </item>
        <item>
          <title>pulsatance</title>
          <url>https://goldbook.iupac.org/terms/view/P04943</url>
        </item>
        <item>
          <title>circular frequency</title>
          <url>https://goldbook.iupac.org/terms/view/C01086</url>
        </item>
      </links>
      <sources>
        <item>Green Book, 2nd ed., p. 11 (https://goldbook.iupac.org/files/pdf/green_book_2ed.pdf)</item>
      </sources>
    </item>
  </definitions>
  <referencedin>
    <item>
      <title>Wikipedia - Velocità angolare (it)</title>
      <url>https://it.wikipedia.org/wiki/Velocità_angolare</url>
    </item>
    <item>
      <title>Wikipedia - تردد زاوي (ar)</title>
      <url>https://ar.wikipedia.org/wiki/تردد_زاوي</url>
    </item>
  </referencedin>
  <links>
    <html>https://goldbook.iupac.org/terms/view/A00352/html</html>
    <json>https://goldbook.iupac.org/terms/view/A00352/json</json>
    <xml>https://goldbook.iupac.org/terms/view/A00352/xml</xml>
    <plain>https://goldbook.iupac.org/terms/view/A00352/plain</plain>
  </links>
  <citation>Citation: 'angular frequency' in IUPAC Compendium of Chemical Terminology, 5th ed. International Union of Pure and Applied Chemistry; 2025. Online version 5.0.0, 2025. 10.1351/goldbook.A00352</citation>
  <license>The IUPAC Gold Book is licensed under Creative Commons Attribution-ShareAlike CC BY-SA 4.0 International (https://creativecommons.org/licenses/by-sa/4.0/) for individual terms.</license>
  <collection>If you are interested in licensing the Gold Book for commercial use, please contact the IUPAC Executive Director at executivedirector@iupac.org .</collection>
  <disclaimer>The International Union of Pure and Applied Chemistry (IUPAC) is continuously reviewing and, where needed, updating terms in the Compendium of Chemical Terminology (the IUPAC Gold Book). Users of these terms are encouraged to include the version of a term with its use and to check regularly for updates to term definitions that you are using.</disclaimer>
  <accessed>2025-02-25T06:54:16+00:00</accessed>
</term>
