<?xml version="1.0" encoding="UTF-8"?>
<term>
  <id>00306</id>
  <doi>10.1351/goldbook.A00306</doi>
  <code>A00306</code>
  <status>current</status>
  <longtitle>IUPAC Gold Book - amphoteric</longtitle>
  <title>amphoteric</title>
  <termversion>2.3.3</termversion>
  <lastupdated>2014-02-24</lastupdated>
  <definitions>
    <item>
      <id>1</id>
      <text>A chemical species that behaves both as an acid and as a base is called amphoteric. This property depends upon the medium in which the species is investigated: H2SO4 is an acid when studied in water, but becomes amphoteric in superacids.</text>
      <links>
        <item>
          <title>chemical species</title>
          <url>https://goldbook.iupac.org/terms/view/CT01038</url>
        </item>
        <item>
          <title>superacids</title>
          <url>https://goldbook.iupac.org/terms/view/S06135</url>
        </item>
      </links>
      <sources>
        <item>PAC, 1994, 66, 1077. 'Glossary of terms used in physical organic chemistry (IUPAC Recommendations 1994)' on page 1083 (https://doi.org/10.1351/pac199466051077)</item>
      </sources>
    </item>
  </definitions>
  <referencedin>
    <item>
      <title>Wikipedia - Amfoter (tr)</title>
      <url>https://tr.wikipedia.org/wiki/Amfoter</url>
    </item>
    <item>
      <title>Wikipedia - Amfoternost (bs)</title>
      <url>https://bs.wikipedia.org/wiki/Amfoternost</url>
    </item>
    <item>
      <title>Wikipedia - Amfoternost (sl)</title>
      <url>https://sl.wikipedia.org/wiki/Amfoternost</url>
    </item>
    <item>
      <title>Wikipedia - Amphoterism (en)</title>
      <url>https://en.wikipedia.org/wiki/Amphoterism</url>
    </item>
    <item>
      <title>Wikipedia - Anfotero (it)</title>
      <url>https://it.wikipedia.org/wiki/Anfotero</url>
    </item>
    <item>
      <title>Wikipedia - Anfótero (es)</title>
      <url>https://es.wikipedia.org/wiki/Anfótero</url>
    </item>
    <item>
      <title>Wikipedia - Anfótero (pt)</title>
      <url>https://pt.wikipedia.org/wiki/Anfótero</url>
    </item>
    <item>
      <title>Wikipedia - Glossary of civil engineering (en)</title>
      <url>https://en.wikipedia.org/wiki/Glossary_of_civil_engineering</url>
    </item>
    <item>
      <title>Wikipedia - Glossary of engineering (en)</title>
      <url>https://en.wikipedia.org/wiki/Glossary_of_engineering</url>
    </item>
    <item>
      <title>Wikipedia - Glossary of engineering: A–L (en)</title>
      <url>https://en.wikipedia.org/wiki/Glossary_of_engineering:_A–L</url>
    </item>
    <item>
      <title>Wikipedia - Lưỡng tính (hóa học) (vi)</title>
      <url>https://vi.wikipedia.org/wiki/Lưỡng_tính_(hóa_học)</url>
    </item>
    <item>
      <title>Wikipedia - Zwitterion (en)</title>
      <url>https://en.wikipedia.org/wiki/Zwitterion</url>
    </item>
    <item>
      <title>Wikipedia - Επαμφοτερίζουσα χημική ένωση (el)</title>
      <url>https://el.wikipedia.org/wiki/Επαμφοτερίζουσα_χημική_ένωση</url>
    </item>
    <item>
      <title>Wikipedia - Амфотерност (sr)</title>
      <url>https://sr.wikipedia.org/wiki/Амфотерност</url>
    </item>
    <item>
      <title>Wikipedia - אמפוטריות (he)</title>
      <url>https://he.wikipedia.org/wiki/אמפוטריות</url>
    </item>
    <item>
      <title>Wikipedia - تذبذب (كيمياء) (ar)</title>
      <url>https://ar.wikipedia.org/wiki/تذبذب_(كيمياء)</url>
    </item>
    <item>
      <title>Wikipedia - एम्फोटेरिक (hi)</title>
      <url>https://hi.wikipedia.org/wiki/एम्फोटेरिक</url>
    </item>
    <item>
      <title>Wikipedia - উভধর্মী পদার্থ (bn)</title>
      <url>https://bn.wikipedia.org/wiki/উভধর্মী_পদার্থ</url>
    </item>
    <item>
      <title>Wikipedia - 両性 (化学) (ja)</title>
      <url>https://ja.wikipedia.org/wiki/両性_(化学)</url>
    </item>
    <item>
      <title>Wikipedia - 兩性 (化學) (zh)</title>
      <url>https://zh.wikipedia.org/wiki/兩性_(化學)</url>
    </item>
  </referencedin>
  <links>
    <html>https://goldbook.iupac.org/terms/view/A00306/html</html>
    <json>https://goldbook.iupac.org/terms/view/A00306/json</json>
    <xml>https://goldbook.iupac.org/terms/view/A00306/xml</xml>
    <plain>https://goldbook.iupac.org/terms/view/A00306/plain</plain>
  </links>
  <citation>Citation: 'amphoteric' in IUPAC Compendium of Chemical Terminology, 5th ed. International Union of Pure and Applied Chemistry; 2025. Online version 5.0.0, 2025. 10.1351/goldbook.A00306</citation>
  <license>The IUPAC Gold Book is licensed under Creative Commons Attribution-ShareAlike CC BY-SA 4.0 International (https://creativecommons.org/licenses/by-sa/4.0/) for individual terms.</license>
  <collection>If you are interested in licensing the Gold Book for commercial use, please contact the IUPAC Executive Director at executivedirector@iupac.org .</collection>
  <disclaimer>The International Union of Pure and Applied Chemistry (IUPAC) is continuously reviewing and, where needed, updating terms in the Compendium of Chemical Terminology (the IUPAC Gold Book). Users of these terms are encouraged to include the version of a term with its use and to check regularly for updates to term definitions that you are using.</disclaimer>
  <accessed>2025-02-25T06:52:46+00:00</accessed>
</term>
