<?xml version="1.0" encoding="UTF-8"?>
<term>
  <id>00307</id>
  <doi>10.1351/goldbook.A00307</doi>
  <code>A00307</code>
  <status>current</status>
  <longtitle>IUPAC Gold Book - amplification reaction</longtitle>
  <title>amplification reaction</title>
  <termversion>2.0.2</termversion>
  <lastupdated>2008-10-07</lastupdated>
  <definitions>
    <item>
      <id>1</id>
      <text>A reaction which replaces the conventional reaction used in a particular determination so that a more favourable measurement can be made. The sequence can be repeated to provide a further favourable increase in measurement.</text>
      <links>
        <item>
          <title>sequence</title>
          <url>https://goldbook.iupac.org/terms/view/ST06775</url>
        </item>
      </links>
      <sources>
        <item>PAC, 1982, 54, 2553. 'Recommendations on use of the term amplification reactions' on page 2554 (https://doi.org/10.1351/pac198254122553)</item>
      </sources>
    </item>
  </definitions>
  <links>
    <html>https://goldbook.iupac.org/terms/view/A00307/html</html>
    <json>https://goldbook.iupac.org/terms/view/A00307/json</json>
    <xml>https://goldbook.iupac.org/terms/view/A00307/xml</xml>
    <plain>https://goldbook.iupac.org/terms/view/A00307/plain</plain>
  </links>
  <citation>Citation: 'amplification reaction' in IUPAC Compendium of Chemical Terminology, 5th ed. International Union of Pure and Applied Chemistry; 2025. Online version 5.0.0, 2025. 10.1351/goldbook.A00307</citation>
  <license>The IUPAC Gold Book is licensed under Creative Commons Attribution-ShareAlike CC BY-SA 4.0 International (https://creativecommons.org/licenses/by-sa/4.0/) for individual terms.</license>
  <collection>If you are interested in licensing the Gold Book for commercial use, please contact the IUPAC Executive Director at executivedirector@iupac.org .</collection>
  <disclaimer>The International Union of Pure and Applied Chemistry (IUPAC) is continuously reviewing and, where needed, updating terms in the Compendium of Chemical Terminology (the IUPAC Gold Book). Users of these terms are encouraged to include the version of a term with its use and to check regularly for updates to term definitions that you are using.</disclaimer>
  <accessed>2025-02-25T06:52:49+00:00</accessed>
</term>
