<?xml version="1.0" encoding="UTF-8"?>
<term>
  <id>00312</id>
  <doi>10.1351/goldbook.A00312</doi>
  <code>A00312</code>
  <status>current</status>
  <longtitle>IUPAC Gold Book - AM 0 sunlight</longtitle>
  <title>AM 0 sunlight</title>
  <abbrevs>
    <item>AM</item>
    <item>AM 0</item>
  </abbrevs>
  <termversion>2.3.3</termversion>
  <lastupdated>2014-02-24</lastupdated>
  <definitions>
    <item>
      <id>1</id>
      <text>Solar irradiance in space just above the atmosphere of the earth on a plane perpendicular to the direction of the sun (air mass, AM, zero). Also called extraterrestrial irradiance.</text>
      <links>
        <item>
          <title>AM 1 sunlight</title>
          <url>https://goldbook.iupac.org/terms/view/A00313</url>
        </item>
        <item>
          <title>AM 1 sunlight</title>
          <url>https://goldbook.iupac.org/terms/view/A00313</url>
        </item>
        <item>
          <title>irradiance</title>
          <url>https://goldbook.iupac.org/terms/view/I03254</url>
        </item>
      </links>
      <sources>
        <item>PAC, 2007, 79, 293. 'Glossary of terms used in photochemistry, 3rd edition (IUPAC Recommendations 2006)' on page 302 (https://doi.org/10.1351/pac200779030293)</item>
      </sources>
    </item>
  </definitions>
  <links>
    <html>https://goldbook.iupac.org/terms/view/A00312/html</html>
    <json>https://goldbook.iupac.org/terms/view/A00312/json</json>
    <xml>https://goldbook.iupac.org/terms/view/A00312/xml</xml>
    <plain>https://goldbook.iupac.org/terms/view/A00312/plain</plain>
  </links>
  <citation>Citation: 'AM 0 sunlight' in IUPAC Compendium of Chemical Terminology, 5th ed. International Union of Pure and Applied Chemistry; 2025. Online version 5.0.0, 2025. 10.1351/goldbook.A00312</citation>
  <license>The IUPAC Gold Book is licensed under Creative Commons Attribution-ShareAlike CC BY-SA 4.0 International (https://creativecommons.org/licenses/by-sa/4.0/) for individual terms.</license>
  <collection>If you are interested in licensing the Gold Book for commercial use, please contact the IUPAC Executive Director at executivedirector@iupac.org .</collection>
  <disclaimer>The International Union of Pure and Applied Chemistry (IUPAC) is continuously reviewing and, where needed, updating terms in the Compendium of Chemical Terminology (the IUPAC Gold Book). Users of these terms are encouraged to include the version of a term with its use and to check regularly for updates to term definitions that you are using.</disclaimer>
  <accessed>2025-02-25T06:49:58+00:00</accessed>
</term>
