<?xml version="1.0" encoding="UTF-8"?>
<term>
  <id>00345</id>
  <doi>10.1351/goldbook.A00345</doi>
  <code>A00345</code>
  <status>current</status>
  <longtitle>IUPAC Gold Book - Anger camera</longtitle>
  <title>Anger camera</title>
  <termversion>2.3.3</termversion>
  <lastupdated>2014-02-24</lastupdated>
  <definitions>
    <item>
      <id>1</id>
      <text>A camera in which a large diameter scintillator is coupled to an array of photomultiplier tubes by fibre optics. X-ray imaging may also be achieved in multi-crystal cameras where many small crystals individually scintillate.</text>
      <sources>
        <item>PAC, 1995, 67, 1745. 'Nomenclature, symbols, units and their usage in spectrochemical analysis-XI. Detection of radiation (IUPAC Recommendations 1995)' on page 1756 (https://doi.org/10.1351/pac199567101745)</item>
      </sources>
    </item>
  </definitions>
  <links>
    <html>https://goldbook.iupac.org/terms/view/A00345/html</html>
    <json>https://goldbook.iupac.org/terms/view/A00345/json</json>
    <xml>https://goldbook.iupac.org/terms/view/A00345/xml</xml>
    <plain>https://goldbook.iupac.org/terms/view/A00345/plain</plain>
  </links>
  <citation>Citation: 'Anger camera' in IUPAC Compendium of Chemical Terminology, 5th ed. International Union of Pure and Applied Chemistry; 2025. Online version 5.0.0, 2025. 10.1351/goldbook.A00345</citation>
  <license>The IUPAC Gold Book is licensed under Creative Commons Attribution-ShareAlike CC BY-SA 4.0 International (https://creativecommons.org/licenses/by-sa/4.0/) for individual terms.</license>
  <collection>If you are interested in licensing the Gold Book for commercial use, please contact the IUPAC Executive Director at executivedirector@iupac.org .</collection>
  <disclaimer>The International Union of Pure and Applied Chemistry (IUPAC) is continuously reviewing and, where needed, updating terms in the Compendium of Chemical Terminology (the IUPAC Gold Book). Users of these terms are encouraged to include the version of a term with its use and to check regularly for updates to term definitions that you are using.</disclaimer>
  <accessed>2025-02-25T06:54:01+00:00</accessed>
</term>
