<?xml version="1.0" encoding="UTF-8"?>
<term>
  <id>00398</id>
  <doi>10.1351/goldbook.A00398</doi>
  <code>A00398</code>
  <status>current</status>
  <longtitle>IUPAC Gold Book - antimetabolite</longtitle>
  <title>antimetabolite</title>
  <termversion>2.0.2</termversion>
  <lastupdated>2008-10-07</lastupdated>
  <definitions>
    <item>
      <id>1</id>
      <text>Substance, structurally similar to a metabolite, which competes with it or replaces it, and so prevents or reduces its normal utilization.</text>
      <links>
        <item>
          <title>metabolite</title>
          <url>https://goldbook.iupac.org/terms/view/M03859</url>
        </item>
      </links>
      <sources>
        <item>PAC, 1993, 65, 2003. 'Glossary for chemists of terms used in toxicology (IUPAC Recommendations 1993)' on page 2015 (https://doi.org/10.1351/pac199365092003)</item>
      </sources>
    </item>
  </definitions>
  <referencedin>
    <item>
      <title>Wikipedia - Antimetabolita (it)</title>
      <url>https://it.wikipedia.org/wiki/Antimetabolita</url>
    </item>
    <item>
      <title>Wikipedia - مضاد المئيضة (ar)</title>
      <url>https://ar.wikipedia.org/wiki/مضاد_المئيضة</url>
    </item>
  </referencedin>
  <links>
    <html>https://goldbook.iupac.org/terms/view/A00398/html</html>
    <json>https://goldbook.iupac.org/terms/view/A00398/json</json>
    <xml>https://goldbook.iupac.org/terms/view/A00398/xml</xml>
    <plain>https://goldbook.iupac.org/terms/view/A00398/plain</plain>
  </links>
  <citation>Citation: 'antimetabolite' in IUPAC Compendium of Chemical Terminology, 5th ed. International Union of Pure and Applied Chemistry; 2025. Online version 5.0.0, 2025. 10.1351/goldbook.A00398</citation>
  <license>The IUPAC Gold Book is licensed under Creative Commons Attribution-ShareAlike CC BY-SA 4.0 International (https://creativecommons.org/licenses/by-sa/4.0/) for individual terms.</license>
  <collection>If you are interested in licensing the Gold Book for commercial use, please contact the IUPAC Executive Director at executivedirector@iupac.org .</collection>
  <disclaimer>The International Union of Pure and Applied Chemistry (IUPAC) is continuously reviewing and, where needed, updating terms in the Compendium of Chemical Terminology (the IUPAC Gold Book). Users of these terms are encouraged to include the version of a term with its use and to check regularly for updates to term definitions that you are using.</disclaimer>
  <accessed>2025-02-25T06:56:50+00:00</accessed>
</term>
