<?xml version="1.0" encoding="UTF-8"?>
<term>
  <id>00359</id>
  <doi>10.1351/goldbook.A00359</doi>
  <code>A00359</code>
  <status>current</status>
  <longtitle>IUPAC Gold Book - anion exchange</longtitle>
  <title>anion exchange</title>
  <termversion>2.3.3</termversion>
  <lastupdated>2014-02-24</lastupdated>
  <definitions>
    <item>
      <id>1</id>
      <text>The process of exchanging anions between a solution and an anion exchanger.</text>
      <links>
        <item>
          <title>anion exchanger</title>
          <url>https://goldbook.iupac.org/terms/view/A00360</url>
        </item>
      </links>
      <sources>
        <item>PAC, 1993, 65, 819. 'Nomenclature for chromatography (IUPAC Recommendations 1993)' on page 854 (https://doi.org/10.1351/pac199365040819)</item>
      </sources>
    </item>
  </definitions>
  <links>
    <html>https://goldbook.iupac.org/terms/view/A00359/html</html>
    <json>https://goldbook.iupac.org/terms/view/A00359/json</json>
    <xml>https://goldbook.iupac.org/terms/view/A00359/xml</xml>
    <plain>https://goldbook.iupac.org/terms/view/A00359/plain</plain>
  </links>
  <citation>Citation: 'anion exchange' in IUPAC Compendium of Chemical Terminology, 5th ed. International Union of Pure and Applied Chemistry; 2025. Online version 5.0.0, 2025. 10.1351/goldbook.A00359</citation>
  <license>The IUPAC Gold Book is licensed under Creative Commons Attribution-ShareAlike CC BY-SA 4.0 International (https://creativecommons.org/licenses/by-sa/4.0/) for individual terms.</license>
  <collection>If you are interested in licensing the Gold Book for commercial use, please contact the IUPAC Executive Director at executivedirector@iupac.org .</collection>
  <disclaimer>The International Union of Pure and Applied Chemistry (IUPAC) is continuously reviewing and, where needed, updating terms in the Compendium of Chemical Terminology (the IUPAC Gold Book). Users of these terms are encouraged to include the version of a term with its use and to check regularly for updates to term definitions that you are using.</disclaimer>
  <accessed>2025-02-25T06:54:37+00:00</accessed>
</term>
