<?xml version="1.0" encoding="UTF-8"?>
<term>
  <id>00390</id>
  <doi>10.1351/goldbook.A00390</doi>
  <code>A00390</code>
  <status>current</status>
  <longtitle>IUPAC Gold Book - anti-Compton γ-ray spectrometer</longtitle>
  <title>anti-Compton γ-ray spectrometer</title>
  <termversion>2.0.2</termversion>
  <lastupdated>2008-10-07</lastupdated>
  <definitions>
    <item>
      <id>1</id>
      <text>A gamma-ray spectrometer in which the effect of the Compton scattering is at least partly compensated.</text>
      <links>
        <item>
          <title>gamma-ray spectrometer</title>
          <url>https://goldbook.iupac.org/terms/view/R02570</url>
        </item>
        <item>
          <title>Compton scattering</title>
          <url>https://goldbook.iupac.org/terms/view/C01220</url>
        </item>
      </links>
      <sources>
        <item>PAC, 1982, 54, 1533. 'Glossary of terms used in nuclear analytical chemistry (Provisional)' on page 1543 (https://doi.org/10.1351/pac198254081533)</item>
      </sources>
    </item>
  </definitions>
  <links>
    <html>https://goldbook.iupac.org/terms/view/A00390/html</html>
    <json>https://goldbook.iupac.org/terms/view/A00390/json</json>
    <xml>https://goldbook.iupac.org/terms/view/A00390/xml</xml>
    <plain>https://goldbook.iupac.org/terms/view/A00390/plain</plain>
  </links>
  <citation>Citation: 'anti-Compton γ-ray spectrometer' in IUPAC Compendium of Chemical Terminology, 5th ed. International Union of Pure and Applied Chemistry; 2025. Online version 5.0.0, 2025. 10.1351/goldbook.A00390</citation>
  <license>The IUPAC Gold Book is licensed under Creative Commons Attribution-ShareAlike CC BY-SA 4.0 International (https://creativecommons.org/licenses/by-sa/4.0/) for individual terms.</license>
  <collection>If you are interested in licensing the Gold Book for commercial use, please contact the IUPAC Executive Director at executivedirector@iupac.org .</collection>
  <disclaimer>The International Union of Pure and Applied Chemistry (IUPAC) is continuously reviewing and, where needed, updating terms in the Compendium of Chemical Terminology (the IUPAC Gold Book). Users of these terms are encouraged to include the version of a term with its use and to check regularly for updates to term definitions that you are using.</disclaimer>
  <accessed>2025-02-25T06:55:55+00:00</accessed>
</term>
