<?xml version="1.0" encoding="UTF-8"?>
<term>
  <id>00351</id>
  <doi>10.1351/goldbook.A00351</doi>
  <code>A00351</code>
  <status>current</status>
  <longtitle>IUPAC Gold Book - angular distribution</longtitle>
  <title>angular distribution</title>
  <termversion>2.3.3</termversion>
  <lastupdated>2014-02-24</lastupdated>
  <definitions>
    <item>
      <id>1</id>
      <text>With reference to the center of mass, the products of a bimolecular reaction are scattered with respect to the initial velocity vector, and the distribution of scattering angles is known as the angular distribution.</text>
      <links>
        <item>
          <title>products</title>
          <url>https://goldbook.iupac.org/terms/view/P04861</url>
        </item>
        <item>
          <title>products</title>
          <url>https://goldbook.iupac.org/terms/view/P04861</url>
        </item>
        <item>
          <title>bimolecular</title>
          <url>https://goldbook.iupac.org/terms/view/M03989</url>
        </item>
        <item>
          <title>scattering</title>
          <url>https://goldbook.iupac.org/terms/view/S05487</url>
        </item>
      </links>
      <sources>
        <item>PAC, 1996, 68, 149. 'A glossary of terms used in chemical kinetics, including reaction dynamics (IUPAC Recommendations 1996)' on page 153 (https://doi.org/10.1351/pac199668010149)</item>
      </sources>
    </item>
  </definitions>
  <links>
    <html>https://goldbook.iupac.org/terms/view/A00351/html</html>
    <json>https://goldbook.iupac.org/terms/view/A00351/json</json>
    <xml>https://goldbook.iupac.org/terms/view/A00351/xml</xml>
    <plain>https://goldbook.iupac.org/terms/view/A00351/plain</plain>
  </links>
  <citation>Citation: 'angular distribution' in IUPAC Compendium of Chemical Terminology, 5th ed. International Union of Pure and Applied Chemistry; 2025. Online version 5.0.0, 2025. 10.1351/goldbook.A00351</citation>
  <license>The IUPAC Gold Book is licensed under Creative Commons Attribution-ShareAlike CC BY-SA 4.0 International (https://creativecommons.org/licenses/by-sa/4.0/) for individual terms.</license>
  <collection>If you are interested in licensing the Gold Book for commercial use, please contact the IUPAC Executive Director at executivedirector@iupac.org .</collection>
  <disclaimer>The International Union of Pure and Applied Chemistry (IUPAC) is continuously reviewing and, where needed, updating terms in the Compendium of Chemical Terminology (the IUPAC Gold Book). Users of these terms are encouraged to include the version of a term with its use and to check regularly for updates to term definitions that you are using.</disclaimer>
  <accessed>2025-02-25T06:54:13+00:00</accessed>
</term>
