<?xml version="1.0" encoding="UTF-8"?>
<term>
  <id>00365</id>
  <doi>10.1351/goldbook.A00365</doi>
  <code>A00365</code>
  <status>current</status>
  <longtitle>IUPAC Gold Book - annelation</longtitle>
  <title>annelation</title>
  <termversion>2.3.3</termversion>
  <lastupdated>2014-02-24</lastupdated>
  <definitions>
    <item>
      <id>1</id>
      <text>Alternative, but less desirable term for annulation. The term is widely used in the German and French languages.</text>
      <links>
        <item>
          <title>annulation</title>
          <url>https://goldbook.iupac.org/terms/view/A00367</url>
        </item>
      </links>
      <sources>
        <item>PAC, 1994, 66, 1077. 'Glossary of terms used in physical organic chemistry (IUPAC Recommendations 1994)' on page 1083 (https://doi.org/10.1351/pac199466051077)</item>
      </sources>
    </item>
  </definitions>
  <referencedin>
    <item>
      <title>Wikipedia - Anelace (cs)</title>
      <url>https://cs.wikipedia.org/wiki/Anelace</url>
    </item>
    <item>
      <title>Wikipedia - Anelação (pt)</title>
      <url>https://pt.wikipedia.org/wiki/Anelação</url>
    </item>
    <item>
      <title>Wikipedia - Annulation (en)</title>
      <url>https://en.wikipedia.org/wiki/Annulation</url>
    </item>
    <item>
      <title>Wikipedia - Anulacija (sr)</title>
      <url>https://sr.wikipedia.org/wiki/Anulacija</url>
    </item>
    <item>
      <title>Wikipedia - Réaction d'annélation (fr)</title>
      <url>https://fr.wikipedia.org/wiki/Réaction_d'annélation</url>
    </item>
    <item>
      <title>Wikipedia - Анелювання (uk)</title>
      <url>https://uk.wikipedia.org/wiki/Анелювання</url>
    </item>
    <item>
      <title>Wikipedia - Аннелирование (ru)</title>
      <url>https://ru.wikipedia.org/wiki/Аннелирование</url>
    </item>
    <item>
      <title>Wikipedia - تفاعل تحلق (ar)</title>
      <url>https://ar.wikipedia.org/wiki/تفاعل_تحلق</url>
    </item>
    <item>
      <title>Wikipedia - حلقه‌جوشی (fa)</title>
      <url>https://fa.wikipedia.org/wiki/حلقه‌جوشی</url>
    </item>
  </referencedin>
  <links>
    <html>https://goldbook.iupac.org/terms/view/A00365/html</html>
    <json>https://goldbook.iupac.org/terms/view/A00365/json</json>
    <xml>https://goldbook.iupac.org/terms/view/A00365/xml</xml>
    <plain>https://goldbook.iupac.org/terms/view/A00365/plain</plain>
  </links>
  <citation>Citation: 'annelation' in IUPAC Compendium of Chemical Terminology, 5th ed. International Union of Pure and Applied Chemistry; 2025. Online version 5.0.0, 2025. 10.1351/goldbook.A00365</citation>
  <license>The IUPAC Gold Book is licensed under Creative Commons Attribution-ShareAlike CC BY-SA 4.0 International (https://creativecommons.org/licenses/by-sa/4.0/) for individual terms.</license>
  <collection>If you are interested in licensing the Gold Book for commercial use, please contact the IUPAC Executive Director at executivedirector@iupac.org .</collection>
  <disclaimer>The International Union of Pure and Applied Chemistry (IUPAC) is continuously reviewing and, where needed, updating terms in the Compendium of Chemical Terminology (the IUPAC Gold Book). Users of these terms are encouraged to include the version of a term with its use and to check regularly for updates to term definitions that you are using.</disclaimer>
  <accessed>2025-02-25T06:55:00+00:00</accessed>
</term>
