<?xml version="1.0" encoding="UTF-8"?>
<term>
  <id>00334</id>
  <doi>10.1351/goldbook.A00334</doi>
  <code>A00334</code>
  <status>current</status>
  <longtitle>IUPAC Gold Book - analytical intercomparison</longtitle>
  <title>analytical intercomparison</title>
  <termversion>2.3.3</termversion>
  <lastupdated>2014-02-24</lastupdated>
  <definitions>
    <item>
      <id>1</id>
      <text>A procedure which gives insight to the accuracy of results of analytical procedures by comparing the results obtained in the analyses of identical samples at different laboratories and preferably with different analytical methods.</text>
      <links>
        <item>
          <title>accuracy (of measurement)</title>
          <url>https://goldbook.iupac.org/terms/view/A00060</url>
        </item>
      </links>
      <sources>
        <item>PAC, 1982, 54, 1533. 'Glossary of terms used in nuclear analytical chemistry (Provisional)' on page 1544 (https://doi.org/10.1351/pac198254081533)</item>
      </sources>
    </item>
  </definitions>
  <links>
    <html>https://goldbook.iupac.org/terms/view/A00334/html</html>
    <json>https://goldbook.iupac.org/terms/view/A00334/json</json>
    <xml>https://goldbook.iupac.org/terms/view/A00334/xml</xml>
    <plain>https://goldbook.iupac.org/terms/view/A00334/plain</plain>
  </links>
  <citation>Citation: 'analytical intercomparison' in IUPAC Compendium of Chemical Terminology, 5th ed. International Union of Pure and Applied Chemistry; 2025. Online version 5.0.0, 2025. 10.1351/goldbook.A00334</citation>
  <license>The IUPAC Gold Book is licensed under Creative Commons Attribution-ShareAlike CC BY-SA 4.0 International (https://creativecommons.org/licenses/by-sa/4.0/) for individual terms.</license>
  <collection>If you are interested in licensing the Gold Book for commercial use, please contact the IUPAC Executive Director at executivedirector@iupac.org .</collection>
  <disclaimer>The International Union of Pure and Applied Chemistry (IUPAC) is continuously reviewing and, where needed, updating terms in the Compendium of Chemical Terminology (the IUPAC Gold Book). Users of these terms are encouraged to include the version of a term with its use and to check regularly for updates to term definitions that you are using.</disclaimer>
  <accessed>2025-02-25T06:53:27+00:00</accessed>
</term>
