<?xml version="1.0" encoding="UTF-8"?>
<term>
  <id>00394</id>
  <doi>10.1351/goldbook.A00394</doi>
  <code>A00394</code>
  <status>current</status>
  <longtitle>IUPAC Gold Book - antigen</longtitle>
  <title>antigen</title>
  <termversion>2.0.2</termversion>
  <lastupdated>2008-10-07</lastupdated>
  <definitions>
    <item>
      <id>1</id>
      <text>A substance that stimulates the immune system to produce a set of specific antibodies and that combines with the antibody through a specific binding site or epitope.</text>
      <links>
        <item>
          <title>antibodies</title>
          <url>https://goldbook.iupac.org/terms/view/A00384</url>
        </item>
        <item>
          <title>binding site</title>
          <url>https://goldbook.iupac.org/terms/view/B00649</url>
        </item>
        <item>
          <title>epitope</title>
          <url>https://goldbook.iupac.org/terms/view/E02171</url>
        </item>
      </links>
      <sources>
        <item>PAC, 1992, 64, 143. 'Glossary for chemists of terms used in biotechnology (IUPAC Recommendations 1992)' on page 146 (https://doi.org/10.1351/pac199264010143)</item>
      </sources>
    </item>
  </definitions>
  <referencedin>
    <item>
      <title>Wikipedia - Antigene (it)</title>
      <url>https://it.wikipedia.org/wiki/Antigene</url>
    </item>
  </referencedin>
  <links>
    <html>https://goldbook.iupac.org/terms/view/A00394/html</html>
    <json>https://goldbook.iupac.org/terms/view/A00394/json</json>
    <xml>https://goldbook.iupac.org/terms/view/A00394/xml</xml>
    <plain>https://goldbook.iupac.org/terms/view/A00394/plain</plain>
  </links>
  <citation>Citation: 'antigen' in IUPAC Compendium of Chemical Terminology, 5th ed. International Union of Pure and Applied Chemistry; 2025. Online version 5.0.0, 2025. 10.1351/goldbook.A00394</citation>
  <license>The IUPAC Gold Book is licensed under Creative Commons Attribution-ShareAlike CC BY-SA 4.0 International (https://creativecommons.org/licenses/by-sa/4.0/) for individual terms.</license>
  <collection>If you are interested in licensing the Gold Book for commercial use, please contact the IUPAC Executive Director at executivedirector@iupac.org .</collection>
  <disclaimer>The International Union of Pure and Applied Chemistry (IUPAC) is continuously reviewing and, where needed, updating terms in the Compendium of Chemical Terminology (the IUPAC Gold Book). Users of these terms are encouraged to include the version of a term with its use and to check regularly for updates to term definitions that you are using.</disclaimer>
  <accessed>2025-02-25T06:56:45+00:00</accessed>
</term>
