<?xml version="1.0" encoding="UTF-8"?>
<term>
  <id>00362</id>
  <doi>10.1351/goldbook.A00362</doi>
  <code>A00362</code>
  <status>current</status>
  <longtitle>IUPAC Gold Book - anionotropic rearrangement (or anionotropy)</longtitle>
  <title>anionotropic rearrangement</title>
  <termversion>2.3.3</termversion>
  <lastupdated>2014-02-24</lastupdated>
  <definitions>
    <item>
      <id>1</id>
      <text>A rearrangement in which the migrating group moves with its electron pair from one atom to another.</text>
      <links>
        <item>
          <title>rearrangement</title>
          <url>https://goldbook.iupac.org/terms/view/R05194</url>
        </item>
      </links>
      <sources>
        <item>PAC, 1994, 66, 1077. 'Glossary of terms used in physical organic chemistry (IUPAC Recommendations 1994)' on page 1083 (https://doi.org/10.1351/pac199466051077)</item>
      </sources>
    </item>
  </definitions>
  <links>
    <html>https://goldbook.iupac.org/terms/view/A00362/html</html>
    <json>https://goldbook.iupac.org/terms/view/A00362/json</json>
    <xml>https://goldbook.iupac.org/terms/view/A00362/xml</xml>
    <plain>https://goldbook.iupac.org/terms/view/A00362/plain</plain>
  </links>
  <citation>Citation: 'anionotropic rearrangement' in IUPAC Compendium of Chemical Terminology, 5th ed. International Union of Pure and Applied Chemistry; 2025. Online version 5.0.0, 2025. 10.1351/goldbook.A00362</citation>
  <license>The IUPAC Gold Book is licensed under Creative Commons Attribution-ShareAlike CC BY-SA 4.0 International (https://creativecommons.org/licenses/by-sa/4.0/) for individual terms.</license>
  <collection>If you are interested in licensing the Gold Book for commercial use, please contact the IUPAC Executive Director at executivedirector@iupac.org .</collection>
  <disclaimer>The International Union of Pure and Applied Chemistry (IUPAC) is continuously reviewing and, where needed, updating terms in the Compendium of Chemical Terminology (the IUPAC Gold Book). Users of these terms are encouraged to include the version of a term with its use and to check regularly for updates to term definitions that you are using.</disclaimer>
  <accessed>2025-02-25T06:54:52+00:00</accessed>
</term>
