<?xml version="1.0" encoding="UTF-8"?>
<term>
  <id>00302</id>
  <doi>10.1351/goldbook.A00302</doi>
  <code>A00302</code>
  <status>current</status>
  <longtitle>IUPAC Gold Book - amphipathic</longtitle>
  <title>amphipathic</title>
  <termversion>2.3.3</termversion>
  <lastupdated>2014-02-24</lastupdated>
  <definitions>
    <item>
      <id>1</id>
      <text>The property of surface activity is usually due to the fact that the molecules of the substance are amphipathic or amphiphilic, meaning that each contains both a hydrophilic and a hydrophobic (lipophilic) group. This assumes that one of the two phases is aqueous, and the other non-aqueous. If both are non-aqueous (e.g. oil/air), molecules containing organophilic and organophobic groups may be amphipathic and surface active.</text>
      <links>
        <item>
          <title>amphiphilic</title>
          <url>https://goldbook.iupac.org/terms/view/A00303</url>
        </item>
        <item>
          <title>hydrophilic</title>
          <url>https://goldbook.iupac.org/terms/view/H02906</url>
        </item>
        <item>
          <title>lipophilic</title>
          <url>https://goldbook.iupac.org/terms/view/L03572</url>
        </item>
      </links>
      <sources>
        <item>PAC, 1972, 31, 577. 'Manual of Symbols and Terminology for Physicochemical Quantities and Units, Appendix II: Definitions, Terminology and Symbols in Colloid and Surface Chemistry' on page 612 (https://doi.org/10.1351/pac197231040577)</item>
      </sources>
    </item>
  </definitions>
  <referencedin>
    <item>
      <title>Wikipedia - Amfifilowość (pl)</title>
      <url>https://pl.wikipedia.org/wiki/Amfifilowość</url>
    </item>
    <item>
      <title>Wikipedia - Anfifilico (it)</title>
      <url>https://it.wikipedia.org/wiki/Anfifilico</url>
    </item>
    <item>
      <title>Wikipedia - Амфіфільність (uk)</title>
      <url>https://uk.wikipedia.org/wiki/Амфіфільність</url>
    </item>
  </referencedin>
  <links>
    <html>https://goldbook.iupac.org/terms/view/A00302/html</html>
    <json>https://goldbook.iupac.org/terms/view/A00302/json</json>
    <xml>https://goldbook.iupac.org/terms/view/A00302/xml</xml>
    <plain>https://goldbook.iupac.org/terms/view/A00302/plain</plain>
  </links>
  <citation>Citation: 'amphipathic' in IUPAC Compendium of Chemical Terminology, 5th ed. International Union of Pure and Applied Chemistry; 2025. Online version 5.0.0, 2025. 10.1351/goldbook.A00302</citation>
  <license>The IUPAC Gold Book is licensed under Creative Commons Attribution-ShareAlike CC BY-SA 4.0 International (https://creativecommons.org/licenses/by-sa/4.0/) for individual terms.</license>
  <collection>If you are interested in licensing the Gold Book for commercial use, please contact the IUPAC Executive Director at executivedirector@iupac.org .</collection>
  <disclaimer>The International Union of Pure and Applied Chemistry (IUPAC) is continuously reviewing and, where needed, updating terms in the Compendium of Chemical Terminology (the IUPAC Gold Book). Users of these terms are encouraged to include the version of a term with its use and to check regularly for updates to term definitions that you are using.</disclaimer>
  <accessed>2025-02-25T06:52:30+00:00</accessed>
</term>
