<?xml version="1.0" encoding="UTF-8"?>
<term>
  <id>00391</id>
  <doi>10.1351/goldbook.A00391</doi>
  <code>A00391</code>
  <status>current</status>
  <longtitle>IUPAC Gold Book - anticyclone, in atmospheric chemistry</longtitle>
  <title>anticyclone</title>
  <termversion>2.0.2</termversion>
  <lastupdated>2008-10-07</lastupdated>
  <definitions>
    <item>
      <id>1</id>
      <text>A large system of winds that rotate about a centre of high atmospheric pressure, clockwise (viewed from above) in the northern hemisphere and counterclockwise in the southern hemisphere.</text>
      <contexts>
        <in>
          <item>atmospheric chemistry</item>
        </in>
      </contexts>
      <sources>
        <item>PAC, 1990, 62, 2167. 'Glossary of atmospheric chemistry terms (Recommendations 1990)' on page 2175 (https://doi.org/10.1351/pac199062112167)</item>
      </sources>
    </item>
  </definitions>
  <referencedin>
    <item>
      <title>Wikipedia - Anticiclone (it)</title>
      <url>https://it.wikipedia.org/wiki/Anticiclone</url>
    </item>
    <item>
      <title>Wikipedia - Anticiclón (ast)</title>
      <url>https://ast.wikipedia.org/wiki/Anticiclón</url>
    </item>
    <item>
      <title>Wikipedia - Anticiclón (es)</title>
      <url>https://es.wikipedia.org/wiki/Anticiclón</url>
    </item>
    <item>
      <title>Wikipedia - Antizikloi (eu)</title>
      <url>https://eu.wikipedia.org/wiki/Antizikloi</url>
    </item>
  </referencedin>
  <links>
    <html>https://goldbook.iupac.org/terms/view/A00391/html</html>
    <json>https://goldbook.iupac.org/terms/view/A00391/json</json>
    <xml>https://goldbook.iupac.org/terms/view/A00391/xml</xml>
    <plain>https://goldbook.iupac.org/terms/view/A00391/plain</plain>
  </links>
  <citation>Citation: 'anticyclone' in IUPAC Compendium of Chemical Terminology, 5th ed. International Union of Pure and Applied Chemistry; 2025. Online version 5.0.0, 2025. 10.1351/goldbook.A00391</citation>
  <license>The IUPAC Gold Book is licensed under Creative Commons Attribution-ShareAlike CC BY-SA 4.0 International (https://creativecommons.org/licenses/by-sa/4.0/) for individual terms.</license>
  <collection>If you are interested in licensing the Gold Book for commercial use, please contact the IUPAC Executive Director at executivedirector@iupac.org .</collection>
  <disclaimer>The International Union of Pure and Applied Chemistry (IUPAC) is continuously reviewing and, where needed, updating terms in the Compendium of Chemical Terminology (the IUPAC Gold Book). Users of these terms are encouraged to include the version of a term with its use and to check regularly for updates to term definitions that you are using.</disclaimer>
  <accessed>2025-02-25T06:56:37+00:00</accessed>
</term>
