<?xml version="1.0" encoding="UTF-8"?>
<term>
  <id>00399</id>
  <doi>10.1351/goldbook.A00399</doi>
  <code>A00399</code>
  <status>current</status>
  <longtitle>IUPAC Gold Book - antimony–xenon lamp (arc)</longtitle>
  <title>antimony–xenon lamp (arc)</title>
  <termversion>2.3.3</termversion>
  <lastupdated>2014-02-24</lastupdated>
  <definitions>
    <item>
      <id>1</id>
      <text>An intense source of ultraviolet, visible, and near infra-red radiation produced by an electrical discharge in a mixture of antimony vapour and xenon under high pressure. Its output in the ultraviolet region is higher than that of the mercury–xenon arc.</text>
      <links>
        <item>
          <title>ultraviolet</title>
          <url>https://goldbook.iupac.org/terms/view/UT07492</url>
        </item>
        <item>
          <title>visible</title>
          <url>https://goldbook.iupac.org/terms/view/VT07496</url>
        </item>
        <item>
          <title>ultraviolet</title>
          <url>https://goldbook.iupac.org/terms/view/UT07492</url>
        </item>
        <item>
          <title>visible</title>
          <url>https://goldbook.iupac.org/terms/view/VT07496</url>
        </item>
        <item>
          <title>mercury–xenon arc</title>
          <url>https://goldbook.iupac.org/terms/view/M03835</url>
        </item>
        <item>
          <title>ultraviolet</title>
          <url>https://goldbook.iupac.org/terms/view/UT07492</url>
        </item>
        <item>
          <title>visible</title>
          <url>https://goldbook.iupac.org/terms/view/VT07496</url>
        </item>
        <item>
          <title>mercury–xenon arc</title>
          <url>https://goldbook.iupac.org/terms/view/M03835</url>
        </item>
        <item>
          <title>lamp</title>
          <url>https://goldbook.iupac.org/terms/view/L03447</url>
        </item>
      </links>
      <sources>
        <item>PAC, 1996, 68, 2223. 'Glossary of terms used in photochemistry (IUPAC Recommendations 1996)' on page 2228 (https://doi.org/10.1351/pac199668122223)</item>
      </sources>
    </item>
  </definitions>
  <links>
    <html>https://goldbook.iupac.org/terms/view/A00399/html</html>
    <json>https://goldbook.iupac.org/terms/view/A00399/json</json>
    <xml>https://goldbook.iupac.org/terms/view/A00399/xml</xml>
    <plain>https://goldbook.iupac.org/terms/view/A00399/plain</plain>
  </links>
  <citation>Citation: 'antimony–xenon lamp (arc)' in IUPAC Compendium of Chemical Terminology, 5th ed. International Union of Pure and Applied Chemistry; 2025. Online version 5.0.0, 2025. 10.1351/goldbook.A00399</citation>
  <license>The IUPAC Gold Book is licensed under Creative Commons Attribution-ShareAlike CC BY-SA 4.0 International (https://creativecommons.org/licenses/by-sa/4.0/) for individual terms.</license>
  <collection>If you are interested in licensing the Gold Book for commercial use, please contact the IUPAC Executive Director at executivedirector@iupac.org .</collection>
  <disclaimer>The International Union of Pure and Applied Chemistry (IUPAC) is continuously reviewing and, where needed, updating terms in the Compendium of Chemical Terminology (the IUPAC Gold Book). Users of these terms are encouraged to include the version of a term with its use and to check regularly for updates to term definitions that you are using.</disclaimer>
  <accessed>2025-02-25T06:56:52+00:00</accessed>
</term>
