<?xml version="1.0" encoding="UTF-8"?>
<term>
  <id>00332</id>
  <doi>10.1351/goldbook.A00332</doi>
  <code>A00332</code>
  <status>current</status>
  <longtitle>IUPAC Gold Book - analytical function</longtitle>
  <title>analytical function</title>
  <termversion>2.0.2</termversion>
  <lastupdated>2008-10-07</lastupdated>
  <definitions>
    <item>
      <id>1</id>
      <text>A function which relates the measured value C(hat)a to the instrument reading, X, with the value of all interferants, Ci, remaining constant. This function is expressed by the following regression of the calibration results.  The analytical function is taken as equal to the inverse of the calibration function.</text>
      <links>
        <item>
          <title>reading</title>
          <url>https://goldbook.iupac.org/terms/view/R05189</url>
        </item>
      </links>
      <math>
        <item>
          <meaning>Measured value</meaning>
          <type>quantity</type>
          <alttext>C(hat)a</alttext>
          <latex>\hat{C}_{\text{a}}</latex>
        </item>
        <item>
          <alttext>X</alttext>
          <latex>X</latex>
        </item>
        <item>
          <alttext>Ci</alttext>
          <latex>C_{i}</latex>
        </item>
        <item>
          <meaning>Measured value</meaning>
          <type>equation</type>
          <alttext>C(hat)a = f(X)</alttext>
          <latex>\hat{C}_{\text{a}} = f\left(X\right)</latex>
        </item>
      </math>
      <sources>
        <item>PAC, 1990, 62, 2167. 'Glossary of atmospheric chemistry terms (Recommendations 1990)' on page 2174 (https://doi.org/10.1351/pac199062112167)</item>
      </sources>
    </item>
  </definitions>
  <links>
    <html>https://goldbook.iupac.org/terms/view/A00332/html</html>
    <json>https://goldbook.iupac.org/terms/view/A00332/json</json>
    <xml>https://goldbook.iupac.org/terms/view/A00332/xml</xml>
    <plain>https://goldbook.iupac.org/terms/view/A00332/plain</plain>
  </links>
  <citation>Citation: 'analytical function' in IUPAC Compendium of Chemical Terminology, 5th ed. International Union of Pure and Applied Chemistry; 2025. Online version 5.0.0, 2025. 10.1351/goldbook.A00332</citation>
  <license>The IUPAC Gold Book is licensed under Creative Commons Attribution-ShareAlike CC BY-SA 4.0 International (https://creativecommons.org/licenses/by-sa/4.0/) for individual terms.</license>
  <collection>If you are interested in licensing the Gold Book for commercial use, please contact the IUPAC Executive Director at executivedirector@iupac.org .</collection>
  <disclaimer>The International Union of Pure and Applied Chemistry (IUPAC) is continuously reviewing and, where needed, updating terms in the Compendium of Chemical Terminology (the IUPAC Gold Book). Users of these terms are encouraged to include the version of a term with its use and to check regularly for updates to term definitions that you are using.</disclaimer>
  <accessed>2025-02-25T06:53:22+00:00</accessed>
</term>
