<?xml version="1.0" encoding="UTF-8"?>
<term>
  <id>00382</id>
  <doi>10.1351/goldbook.A00382</doi>
  <code>A00382</code>
  <status>current</status>
  <longtitle>IUPAC Gold Book - antiaromatic compounds</longtitle>
  <title>antiaromatic compounds</title>
  <termversion>2.3.3</termversion>
  <lastupdated>2014-02-24</lastupdated>
  <definitions>
    <item>
      <id>1</id>
      <text>Compounds that contain 4n(n ≠ 0) π-electrons in a cyclic planar, or nearly planar, system of alternating single and double bonds, e.g. cyclobuta-1,3-diene.</text>
      <links>
        <item>
          <title>aromatic compounds</title>
          <url>https://goldbook.iupac.org/terms/view/A00441</url>
        </item>
      </links>
      <math>
        <item>
          <alttext>4n</alttext>
          <latex>4\ n</latex>
        </item>
        <item>
          <meaning>Number of electrons</meaning>
          <type>math</type>
          <alttext>n ≠ 0</alttext>
          <latex>n\neq 0</latex>
        </item>
      </math>
      <sources>
        <item>PAC, 1995, 67, 1307. 'Glossary of class names of organic compounds and reactivity intermediates based on structure (IUPAC Recommendations 1995)' on page 1318 (https://doi.org/10.1351/pac199567081307)</item>
      </sources>
    </item>
  </definitions>
  <referencedin>
    <item>
      <title>Wikipedia - Anti-aromaticité (fr)</title>
      <url>https://fr.wikipedia.org/wiki/Anti-aromaticité</url>
    </item>
    <item>
      <title>Wikipedia - Antiaromaticidad (es)</title>
      <url>https://es.wikipedia.org/wiki/Antiaromaticidad</url>
    </item>
    <item>
      <title>Wikipedia - Antiaromaticidade (pt)</title>
      <url>https://pt.wikipedia.org/wiki/Antiaromaticidade</url>
    </item>
    <item>
      <title>Wikipedia - ضد آروماتیسیته (fa)</title>
      <url>https://fa.wikipedia.org/wiki/ضد_آروماتیسیته</url>
    </item>
  </referencedin>
  <links>
    <html>https://goldbook.iupac.org/terms/view/A00382/html</html>
    <json>https://goldbook.iupac.org/terms/view/A00382/json</json>
    <xml>https://goldbook.iupac.org/terms/view/A00382/xml</xml>
    <plain>https://goldbook.iupac.org/terms/view/A00382/plain</plain>
  </links>
  <citation>Citation: 'antiaromatic compounds' in IUPAC Compendium of Chemical Terminology, 5th ed. International Union of Pure and Applied Chemistry; 2025. Online version 5.0.0, 2025. 10.1351/goldbook.A00382</citation>
  <license>The IUPAC Gold Book is licensed under Creative Commons Attribution-ShareAlike CC BY-SA 4.0 International (https://creativecommons.org/licenses/by-sa/4.0/) for individual terms.</license>
  <collection>If you are interested in licensing the Gold Book for commercial use, please contact the IUPAC Executive Director at executivedirector@iupac.org .</collection>
  <disclaimer>The International Union of Pure and Applied Chemistry (IUPAC) is continuously reviewing and, where needed, updating terms in the Compendium of Chemical Terminology (the IUPAC Gold Book). Users of these terms are encouraged to include the version of a term with its use and to check regularly for updates to term definitions that you are using.</disclaimer>
  <accessed>2025-02-25T06:56:10+00:00</accessed>
</term>
