<?xml version="1.0" encoding="UTF-8"?>
<term>
  <id>00384</id>
  <doi>10.1351/goldbook.A00384</doi>
  <code>A00384</code>
  <status>current</status>
  <longtitle>IUPAC Gold Book - antibody</longtitle>
  <title>antibody</title>
  <termversion>2.0.2</termversion>
  <lastupdated>2008-10-07</lastupdated>
  <definitions>
    <item>
      <id>1</id>
      <text>A protein (immunoglobulin) produced by the immune system of an organism in response to exposure to a foreign molecule (antigen) and characterized by its specific binding to a site of that molecule (antigenic determinant or epitope).</text>
      <links>
        <item>
          <title>immunoglobulin</title>
          <url>https://goldbook.iupac.org/terms/view/I02982</url>
        </item>
        <item>
          <title>antigen</title>
          <url>https://goldbook.iupac.org/terms/view/A00394</url>
        </item>
        <item>
          <title>epitope</title>
          <url>https://goldbook.iupac.org/terms/view/E02171</url>
        </item>
      </links>
      <sources>
        <item>PAC, 1992, 64, 143. 'Glossary for chemists of terms used in biotechnology (IUPAC Recommendations 1992)' on page 146 (https://doi.org/10.1351/pac199264010143)</item>
        <item>PAC, 1993, 65, 2003. 'Glossary for chemists of terms used in toxicology (IUPAC Recommendations 1993)' on page 2014 (https://doi.org/10.1351/pac199365092003)</item>
      </sources>
    </item>
  </definitions>
  <referencedin>
    <item>
      <title>Wikipedia - Anticorpo (it)</title>
      <url>https://it.wikipedia.org/wiki/Anticorpo</url>
    </item>
  </referencedin>
  <links>
    <html>https://goldbook.iupac.org/terms/view/A00384/html</html>
    <json>https://goldbook.iupac.org/terms/view/A00384/json</json>
    <xml>https://goldbook.iupac.org/terms/view/A00384/xml</xml>
    <plain>https://goldbook.iupac.org/terms/view/A00384/plain</plain>
  </links>
  <citation>Citation: 'antibody' in IUPAC Compendium of Chemical Terminology, 5th ed. International Union of Pure and Applied Chemistry; 2025. Online version 5.0.0, 2025. 10.1351/goldbook.A00384</citation>
  <license>The IUPAC Gold Book is licensed under Creative Commons Attribution-ShareAlike CC BY-SA 4.0 International (https://creativecommons.org/licenses/by-sa/4.0/) for individual terms.</license>
  <collection>If you are interested in licensing the Gold Book for commercial use, please contact the IUPAC Executive Director at executivedirector@iupac.org .</collection>
  <disclaimer>The International Union of Pure and Applied Chemistry (IUPAC) is continuously reviewing and, where needed, updating terms in the Compendium of Chemical Terminology (the IUPAC Gold Book). Users of these terms are encouraged to include the version of a term with its use and to check regularly for updates to term definitions that you are using.</disclaimer>
  <accessed>2025-02-25T06:56:19+00:00</accessed>
</term>
