<?xml version="1.0" encoding="UTF-8"?>
<term>
  <id>00366</id>
  <doi>10.1351/goldbook.A00366</doi>
  <code>A00366</code>
  <status>current</status>
  <longtitle>IUPAC Gold Book - annihilation</longtitle>
  <title>annihilation</title>
  <termversion>2.0.2</termversion>
  <lastupdated>2008-10-07</lastupdated>
  <definitions>
    <item>
      <id>1</id>
      <text> An interaction between a particle and its antiparticle in which they both disappear.</text>
      <contexts>
        <in>
          <item>radiochemistry</item>
        </in>
      </contexts>
      <links>
        <item>
          <title>antiparticle</title>
          <url>https://goldbook.iupac.org/terms/view/A00401</url>
        </item>
      </links>
      <sources>
        <item>Orange Book, 2nd ed., p. 211 (https://media.iupac.org/publications/analytical_compendium/)</item>
      </sources>
    </item>
    <item>
      <id>2</id>
      <text> Two atoms or molecular entities both in an excited electronic state interact often (usually upon collision) to produce one atom or molecular entity in an excited electronic state and another in its ground electronic state. This phenomenon (annihilation) is sometimes referred to as energy pooling. See: singlet-singlet annihilation, spin-conservation rule, triplet-triplet annihilation</text>
      <contexts>
        <in>
          <item>photochemistry</item>
        </in>
      </contexts>
      <links>
        <item>
          <title>electronic state</title>
          <url>https://goldbook.iupac.org/terms/view/ET07026</url>
        </item>
        <item>
          <title>energy pooling</title>
          <url>https://goldbook.iupac.org/terms/view/E02111</url>
        </item>
        <item>
          <title>electronic state</title>
          <url>https://goldbook.iupac.org/terms/view/ET07026</url>
        </item>
        <item>
          <title>energy pooling</title>
          <url>https://goldbook.iupac.org/terms/view/E02111</url>
        </item>
        <item>
          <title>singlet-singlet annihilation</title>
          <url>https://goldbook.iupac.org/terms/view/S05697</url>
        </item>
        <item>
          <title>spin conservation rule</title>
          <url>https://goldbook.iupac.org/terms/view/S05862</url>
        </item>
        <item>
          <title>triplet-triplet annihilation</title>
          <url>https://goldbook.iupac.org/terms/view/T06505</url>
        </item>
      </links>
      <sources>
        <item>PAC, 1996, 68, 2223. 'Glossary of terms used in photochemistry (IUPAC Recommendations 1996)' on page 2228 (https://doi.org/10.1351/pac199668122223)</item>
      </sources>
    </item>
  </definitions>
  <referencedin>
    <item>
      <title>Wikipedia - Annichilazione (it)</title>
      <url>https://it.wikipedia.org/wiki/Annichilazione</url>
    </item>
    <item>
      <title>Wikipedia - Discussione:Annichilazione (it)</title>
      <url>https://it.wikipedia.org/wiki/Discussione:Annichilazione</url>
    </item>
  </referencedin>
  <links>
    <html>https://goldbook.iupac.org/terms/view/A00366/html</html>
    <json>https://goldbook.iupac.org/terms/view/A00366/json</json>
    <xml>https://goldbook.iupac.org/terms/view/A00366/xml</xml>
    <plain>https://goldbook.iupac.org/terms/view/A00366/plain</plain>
  </links>
  <citation>Citation: 'annihilation' in IUPAC Compendium of Chemical Terminology, 5th ed. International Union of Pure and Applied Chemistry; 2025. Online version 5.0.0, 2025. 10.1351/goldbook.A00366</citation>
  <license>The IUPAC Gold Book is licensed under Creative Commons Attribution-ShareAlike CC BY-SA 4.0 International (https://creativecommons.org/licenses/by-sa/4.0/) for individual terms.</license>
  <collection>If you are interested in licensing the Gold Book for commercial use, please contact the IUPAC Executive Director at executivedirector@iupac.org .</collection>
  <disclaimer>The International Union of Pure and Applied Chemistry (IUPAC) is continuously reviewing and, where needed, updating terms in the Compendium of Chemical Terminology (the IUPAC Gold Book). Users of these terms are encouraged to include the version of a term with its use and to check regularly for updates to term definitions that you are using.</disclaimer>
  <accessed>2025-02-25T06:55:03+00:00</accessed>
</term>
