<?xml version="1.0" encoding="UTF-8"?>
<term>
  <id>00353</id>
  <doi>10.1351/goldbook.A00353</doi>
  <code>A00353</code>
  <status>current</status>
  <longtitle>IUPAC Gold Book - angular momentum</longtitle>
  <title>angular momentum</title>
  <index>quantity</index>
  <termversion>2.3.3</termversion>
  <lastupdated>2014-02-24</lastupdated>
  <definitions>
    <item>
      <id>1</id>
      <text>Angular momentum, or moment of momentum of a particle about a point is a vector quantity equal to the vector product of the position vector of the particle and its momentum, L = r x p. For special angular momenta of particles in atomic and molecular physics different symbols are used.</text>
      <links>
        <item>
          <title>momentum</title>
          <url>https://goldbook.iupac.org/terms/view/M04007</url>
        </item>
        <item>
          <title>momentum</title>
          <url>https://goldbook.iupac.org/terms/view/M04007</url>
        </item>
      </links>
      <math>
        <item>
          <meaning>Angular momentum</meaning>
          <type>equation</type>
          <alttext>L = r x p</alttext>
          <latex>L=r\times p</latex>
        </item>
      </math>
      <sources>
        <item>Green Book, 2nd ed., p. 12 (https://goldbook.iupac.org/files/pdf/green_book_2ed.pdf)</item>
      </sources>
    </item>
  </definitions>
  <referencedin>
    <item>
      <title>Wikipedia - زخم زاوي (ar)</title>
      <url>https://ar.wikipedia.org/wiki/زخم_زاوي</url>
    </item>
  </referencedin>
  <links>
    <html>https://goldbook.iupac.org/terms/view/A00353/html</html>
    <json>https://goldbook.iupac.org/terms/view/A00353/json</json>
    <xml>https://goldbook.iupac.org/terms/view/A00353/xml</xml>
    <plain>https://goldbook.iupac.org/terms/view/A00353/plain</plain>
  </links>
  <citation>Citation: 'angular momentum' in IUPAC Compendium of Chemical Terminology, 5th ed. International Union of Pure and Applied Chemistry; 2025. Online version 5.0.0, 2025. 10.1351/goldbook.A00353</citation>
  <license>The IUPAC Gold Book is licensed under Creative Commons Attribution-ShareAlike CC BY-SA 4.0 International (https://creativecommons.org/licenses/by-sa/4.0/) for individual terms.</license>
  <collection>If you are interested in licensing the Gold Book for commercial use, please contact the IUPAC Executive Director at executivedirector@iupac.org .</collection>
  <disclaimer>The International Union of Pure and Applied Chemistry (IUPAC) is continuously reviewing and, where needed, updating terms in the Compendium of Chemical Terminology (the IUPAC Gold Book). Users of these terms are encouraged to include the version of a term with its use and to check regularly for updates to term definitions that you are using.</disclaimer>
  <accessed>2025-02-25T06:54:18+00:00</accessed>
</term>
