<?xml version="1.0" encoding="UTF-8"?>
<term>
  <id>00336</id>
  <doi>10.1351/goldbook.A00336</doi>
  <code>A00336</code>
  <status>current</status>
  <longtitle>IUPAC Gold Book - analytical pyrolysis</longtitle>
  <title>analytical pyrolysis</title>
  <termversion>2.3.3</termversion>
  <lastupdated>2014-02-24</lastupdated>
  <definitions>
    <item>
      <id>1</id>
      <text>The characterization, in an inert atmosphere, of a material or a chemical process by a chemical degradation reaction(s) induced by thermal energy.</text>
      <links>
        <item>
          <title>inert</title>
          <url>https://goldbook.iupac.org/terms/view/I03026</url>
        </item>
      </links>
      <sources>
        <item>PAC, 1993, 65, 2405. 'Nomenclature and terminology for analytical pyrolysis (IUPAC Recommendations 1993)' on page 2406 (https://doi.org/10.1351/pac199365112405)</item>
      </sources>
    </item>
  </definitions>
  <links>
    <html>https://goldbook.iupac.org/terms/view/A00336/html</html>
    <json>https://goldbook.iupac.org/terms/view/A00336/json</json>
    <xml>https://goldbook.iupac.org/terms/view/A00336/xml</xml>
    <plain>https://goldbook.iupac.org/terms/view/A00336/plain</plain>
  </links>
  <citation>Citation: 'analytical pyrolysis' in IUPAC Compendium of Chemical Terminology, 5th ed. International Union of Pure and Applied Chemistry; 2025. Online version 5.0.0, 2025. 10.1351/goldbook.A00336</citation>
  <license>The IUPAC Gold Book is licensed under Creative Commons Attribution-ShareAlike CC BY-SA 4.0 International (https://creativecommons.org/licenses/by-sa/4.0/) for individual terms.</license>
  <collection>If you are interested in licensing the Gold Book for commercial use, please contact the IUPAC Executive Director at executivedirector@iupac.org .</collection>
  <disclaimer>The International Union of Pure and Applied Chemistry (IUPAC) is continuously reviewing and, where needed, updating terms in the Compendium of Chemical Terminology (the IUPAC Gold Book). Users of these terms are encouraged to include the version of a term with its use and to check regularly for updates to term definitions that you are using.</disclaimer>
  <accessed>2025-02-25T06:53:32+00:00</accessed>
</term>
