<?xml version="1.0" encoding="UTF-8"?>
<term>
  <id>00357</id>
  <doi>10.1351/goldbook.A00357</doi>
  <code>A00357</code>
  <status>current</status>
  <longtitle>IUPAC Gold Book - anils</longtitle>
  <title>anils</title>
  <termversion>2.3.3</termversion>
  <lastupdated>2014-02-24</lastupdated>
  <definitions>
    <item>
      <id>1</id>
      <text>A term for the subclass of Schiff basesR2C=NR', where R' = phenyl or substituted phenyl group. Thus, N-phenyl imines.</text>
      <links>
        <item>
          <title>Schiff bases</title>
          <url>https://goldbook.iupac.org/terms/view/S05498</url>
        </item>
        <item>
          <title>Schiff bases</title>
          <url>https://goldbook.iupac.org/terms/view/S05498</url>
        </item>
        <item>
          <title>imines</title>
          <url>https://goldbook.iupac.org/terms/view/I02957</url>
        </item>
      </links>
      <sources>
        <item>PAC, 1995, 67, 1307. 'Glossary of class names of organic compounds and reactivity intermediates based on structure (IUPAC Recommendations 1995)' on page 1317 (https://doi.org/10.1351/pac199567081307)</item>
      </sources>
    </item>
  </definitions>
  <referencedin>
    <item>
      <title>Wikipedia - Base de Schiff (es)</title>
      <url>https://es.wikipedia.org/wiki/Base_de_Schiff</url>
    </item>
    <item>
      <title>Wikipedia - Base de Schiff (fr)</title>
      <url>https://fr.wikipedia.org/wiki/Base_de_Schiff</url>
    </item>
    <item>
      <title>Wikipedia - Schiff base (en)</title>
      <url>https://en.wikipedia.org/wiki/Schiff_base</url>
    </item>
    <item>
      <title>Wikipedia - Schiff-bázis (hu)</title>
      <url>https://hu.wikipedia.org/wiki/Schiff-bázis</url>
    </item>
    <item>
      <title>Wikipedia - Šifova baza (sh)</title>
      <url>https://sh.wikipedia.org/wiki/Šifova_baza</url>
    </item>
    <item>
      <title>Wikipedia - Šifova baza (sr)</title>
      <url>https://sr.wikipedia.org/wiki/Šifova_baza</url>
    </item>
    <item>
      <title>Wikipedia - Основания Шиффа (ru)</title>
      <url>https://ru.wikipedia.org/wiki/Основания_Шиффа</url>
    </item>
    <item>
      <title>Wikipedia - قاعدة شيف (ar)</title>
      <url>https://ar.wikipedia.org/wiki/قاعدة_شيف</url>
    </item>
    <item>
      <title>Wikipedia - シッフ塩基 (ja)</title>
      <url>https://ja.wikipedia.org/wiki/シッフ塩基</url>
    </item>
    <item>
      <title>Wikipedia - 시프 염기 (ko)</title>
      <url>https://ko.wikipedia.org/wiki/시프_염기</url>
    </item>
  </referencedin>
  <links>
    <html>https://goldbook.iupac.org/terms/view/A00357/html</html>
    <json>https://goldbook.iupac.org/terms/view/A00357/json</json>
    <xml>https://goldbook.iupac.org/terms/view/A00357/xml</xml>
    <plain>https://goldbook.iupac.org/terms/view/A00357/plain</plain>
  </links>
  <citation>Citation: 'anils' in IUPAC Compendium of Chemical Terminology, 5th ed. International Union of Pure and Applied Chemistry; 2025. Online version 5.0.0, 2025. 10.1351/goldbook.A00357</citation>
  <license>The IUPAC Gold Book is licensed under Creative Commons Attribution-ShareAlike CC BY-SA 4.0 International (https://creativecommons.org/licenses/by-sa/4.0/) for individual terms.</license>
  <collection>If you are interested in licensing the Gold Book for commercial use, please contact the IUPAC Executive Director at executivedirector@iupac.org .</collection>
  <disclaimer>The International Union of Pure and Applied Chemistry (IUPAC) is continuously reviewing and, where needed, updating terms in the Compendium of Chemical Terminology (the IUPAC Gold Book). Users of these terms are encouraged to include the version of a term with its use and to check regularly for updates to term definitions that you are using.</disclaimer>
  <accessed>2025-02-25T06:54:32+00:00</accessed>
</term>
