<?xml version="1.0" encoding="UTF-8"?>
<term>
  <id>00315</id>
  <doi>10.1351/goldbook.A00315</doi>
  <code>A00315</code>
  <status>current</status>
  <longtitle>IUPAC Gold Book - anaerobe</longtitle>
  <title>anaerobe</title>
  <termversion>2.3.3</termversion>
  <lastupdated>2014-02-24</lastupdated>
  <definitions>
    <item>
      <id>1</id>
      <text>An organism that does not need free-form oxygen for growth. Many anaerobes are even sensitive to free oxygen. Obligate (strict) anaerobes grow only in the absence of oxygen. Facultative anaerobes can grow either in the presence or in the absence of molecular oxygen.</text>
      <sources>
        <item>PAC, 1992, 64, 143. 'Glossary for chemists of terms used in biotechnology (IUPAC Recommendations 1992)' on page 146 (https://doi.org/10.1351/pac199264010143)</item>
      </sources>
    </item>
  </definitions>
  <referencedin>
    <item>
      <title>Wikipedia - كائن لاهوائي (ar)</title>
      <url>https://ar.wikipedia.org/wiki/كائن_لاهوائي</url>
    </item>
  </referencedin>
  <links>
    <html>https://goldbook.iupac.org/terms/view/A00315/html</html>
    <json>https://goldbook.iupac.org/terms/view/A00315/json</json>
    <xml>https://goldbook.iupac.org/terms/view/A00315/xml</xml>
    <plain>https://goldbook.iupac.org/terms/view/A00315/plain</plain>
  </links>
  <citation>Citation: 'anaerobe' in IUPAC Compendium of Chemical Terminology, 5th ed. International Union of Pure and Applied Chemistry; 2025. Online version 5.0.0, 2025. 10.1351/goldbook.A00315</citation>
  <license>The IUPAC Gold Book is licensed under Creative Commons Attribution-ShareAlike CC BY-SA 4.0 International (https://creativecommons.org/licenses/by-sa/4.0/) for individual terms.</license>
  <collection>If you are interested in licensing the Gold Book for commercial use, please contact the IUPAC Executive Director at executivedirector@iupac.org .</collection>
  <disclaimer>The International Union of Pure and Applied Chemistry (IUPAC) is continuously reviewing and, where needed, updating terms in the Compendium of Chemical Terminology (the IUPAC Gold Book). Users of these terms are encouraged to include the version of a term with its use and to check regularly for updates to term definitions that you are using.</disclaimer>
  <accessed>2025-02-25T06:53:01+00:00</accessed>
</term>
