<?xml version="1.0" encoding="UTF-8"?>
<term>
  <id>00313</id>
  <doi>10.1351/goldbook.A00313</doi>
  <code>A00313</code>
  <status>current</status>
  <longtitle>IUPAC Gold Book - AM 1 sunlight</longtitle>
  <title>AM 1 sunlight</title>
  <abbrevs>
    <item>AM 1</item>
  </abbrevs>
  <termversion>2.3.3</termversion>
  <lastupdated>2014-02-24</lastupdated>
  <definitions>
    <item>
      <id>1</id>
      <text>Solar irradiance at sea level, i.e., traversing the atmosphere, when the direction of the sun is perpendicular to the surface of the earth. Also called terrestrial global irradiance.</text>
      <links>
        <item>
          <title>AM 0 sunlight</title>
          <url>https://goldbook.iupac.org/terms/view/A00312</url>
        </item>
        <item>
          <title>AM 0 sunlight</title>
          <url>https://goldbook.iupac.org/terms/view/A00312</url>
        </item>
        <item>
          <title>irradiance</title>
          <url>https://goldbook.iupac.org/terms/view/I03254</url>
        </item>
      </links>
      <sources>
        <item>PAC, 2007, 79, 293. 'Glossary of terms used in photochemistry, 3rd edition (IUPAC Recommendations 2006)' on page 302 (https://doi.org/10.1351/pac200779030293)</item>
      </sources>
    </item>
  </definitions>
  <links>
    <html>https://goldbook.iupac.org/terms/view/A00313/html</html>
    <json>https://goldbook.iupac.org/terms/view/A00313/json</json>
    <xml>https://goldbook.iupac.org/terms/view/A00313/xml</xml>
    <plain>https://goldbook.iupac.org/terms/view/A00313/plain</plain>
  </links>
  <citation>Citation: 'AM 1 sunlight' in IUPAC Compendium of Chemical Terminology, 5th ed. International Union of Pure and Applied Chemistry; 2025. Online version 5.0.0, 2025. 10.1351/goldbook.A00313</citation>
  <license>The IUPAC Gold Book is licensed under Creative Commons Attribution-ShareAlike CC BY-SA 4.0 International (https://creativecommons.org/licenses/by-sa/4.0/) for individual terms.</license>
  <collection>If you are interested in licensing the Gold Book for commercial use, please contact the IUPAC Executive Director at executivedirector@iupac.org .</collection>
  <disclaimer>The International Union of Pure and Applied Chemistry (IUPAC) is continuously reviewing and, where needed, updating terms in the Compendium of Chemical Terminology (the IUPAC Gold Book). Users of these terms are encouraged to include the version of a term with its use and to check regularly for updates to term definitions that you are using.</disclaimer>
  <accessed>2025-02-25T06:50:00+00:00</accessed>
</term>
