<?xml version="1.0" encoding="UTF-8"?>
<term>
  <id>00376</id>
  <doi>10.1351/goldbook.A00376</doi>
  <code>A00376</code>
  <status>current</status>
  <longtitle>IUPAC Gold Book - antagonist</longtitle>
  <title>antagonist</title>
  <termversion>2.0.2</termversion>
  <lastupdated>2008-10-07</lastupdated>
  <definitions>
    <item>
      <id>1</id>
      <text>Substance that reverses or reduces the effect induced by an agonist.</text>
      <links>
        <item>
          <title>agonist</title>
          <url>https://goldbook.iupac.org/terms/view/A00186</url>
        </item>
      </links>
    </item>
    <item>
      <id>2</id>
      <text>Substance that attaches to and blocks cell receptors that normally bind naturally occurring substances.</text>
    </item>
  </definitions>
  <sources>'Glossary for chemists of terms used in toxicology (IUPAC Recommendations 1993)' Duffus, J.; Pure and Applied Chemistry 1993 65(9) 2003</sources>
  <referencedin>
    <item>
      <title>Wikipedia - مناهضة (أدوية) (ar)</title>
      <url>https://ar.wikipedia.org/wiki/مناهضة_(أدوية)</url>
    </item>
  </referencedin>
  <links>
    <html>https://goldbook.iupac.org/terms/view/A00376/html</html>
    <json>https://goldbook.iupac.org/terms/view/A00376/json</json>
    <xml>https://goldbook.iupac.org/terms/view/A00376/xml</xml>
    <plain>https://goldbook.iupac.org/terms/view/A00376/plain</plain>
  </links>
  <citation>Citation: 'antagonist' in IUPAC Compendium of Chemical Terminology, 5th ed. International Union of Pure and Applied Chemistry; 2025. Online version 5.0.0, 2025. 10.1351/goldbook.A00376</citation>
  <license>The IUPAC Gold Book is licensed under Creative Commons Attribution-ShareAlike CC BY-SA 4.0 International (https://creativecommons.org/licenses/by-sa/4.0/) for individual terms.</license>
  <collection>If you are interested in licensing the Gold Book for commercial use, please contact the IUPAC Executive Director at executivedirector@iupac.org .</collection>
  <disclaimer>The International Union of Pure and Applied Chemistry (IUPAC) is continuously reviewing and, where needed, updating terms in the Compendium of Chemical Terminology (the IUPAC Gold Book). Users of these terms are encouraged to include the version of a term with its use and to check regularly for updates to term definitions that you are using.</disclaimer>
  <accessed>2025-02-25T06:55:35+00:00</accessed>
</term>
