<?xml version="1.0" encoding="UTF-8"?>
<term>
  <id>00379</id>
  <doi>10.1351/goldbook.A00379</doi>
  <code>A00379</code>
  <status>current</status>
  <longtitle>IUPAC Gold Book - anthocyanidins</longtitle>
  <title>anthocyanidins</title>
  <contains>flavylium salts</contains>
  <termversion>2.3.3</termversion>
  <lastupdated>2014-02-24</lastupdated>
  <definitions>
    <item>
      <id>1</id>
      <text>Aglycons of anthocyanins; they are oxygenated derivatives of flavylium (2-phenylchromenylium) salts. [image: Not defined]</text>
      <chemicals>
        <item>
          <type>chemimage</type>
          <title>Not defined</title>
          <file>https://goldbook.iupac.org/img/inline/A00379.png</file>
        </item>
      </chemicals>
      <links>
        <item>
          <title>Aglycons</title>
          <url>https://goldbook.iupac.org/terms/view/A00185</url>
        </item>
        <item>
          <title>anthocyanins</title>
          <url>https://goldbook.iupac.org/terms/view/A00380</url>
        </item>
        <item>
          <title>Aglycons</title>
          <url>https://goldbook.iupac.org/terms/view/A00185</url>
        </item>
        <item>
          <title>anthocyanins</title>
          <url>https://goldbook.iupac.org/terms/view/A00380</url>
        </item>
        <item>
          <title>flavonoids</title>
          <url>https://goldbook.iupac.org/terms/view/F02424</url>
        </item>
      </links>
      <sources>
        <item>PAC, 1995, 67, 1307. 'Glossary of class names of organic compounds and reactivity intermediates based on structure (IUPAC Recommendations 1995)' on page 1318 (https://doi.org/10.1351/pac199567081307)</item>
      </sources>
    </item>
  </definitions>
  <referencedin>
    <item>
      <title>Wikipedia - Anthocyanidin (en)</title>
      <url>https://en.wikipedia.org/wiki/Anthocyanidin</url>
    </item>
    <item>
      <title>Wikipedia - Anthocyanidine (de)</title>
      <url>https://de.wikipedia.org/wiki/Anthocyanidine</url>
    </item>
    <item>
      <title>Wikipedia - Antocianidina (ca)</title>
      <url>https://ca.wikipedia.org/wiki/Antocianidina</url>
    </item>
    <item>
      <title>Wikipedia - Antocianidina (gl)</title>
      <url>https://gl.wikipedia.org/wiki/Antocianidina</url>
    </item>
    <item>
      <title>Wikipedia - Antocianidină (ro)</title>
      <url>https://ro.wikipedia.org/wiki/Antocianidină</url>
    </item>
    <item>
      <title>Wikipedia - Antocianina (es)</title>
      <url>https://es.wikipedia.org/wiki/Antocianina</url>
    </item>
    <item>
      <title>Wikipedia - Antocyjany (pl)</title>
      <url>https://pl.wikipedia.org/wiki/Antocyjany</url>
    </item>
    <item>
      <title>Wikipedia - Capensinidina (es)</title>
      <url>https://es.wikipedia.org/wiki/Capensinidina</url>
    </item>
    <item>
      <title>Wikipedia - Антоціанідини (uk)</title>
      <url>https://uk.wikipedia.org/wiki/Антоціанідини</url>
    </item>
    <item>
      <title>Wikipedia - أنثوسيانيدين (ar)</title>
      <url>https://ar.wikipedia.org/wiki/أنثوسيانيدين</url>
    </item>
    <item>
      <title>Wikipedia - アントシアニジン (ja)</title>
      <url>https://ja.wikipedia.org/wiki/アントシアニジン</url>
    </item>
    <item>
      <title>Wikipedia - 안토시아니딘 (ko)</title>
      <url>https://ko.wikipedia.org/wiki/안토시아니딘</url>
    </item>
  </referencedin>
  <links>
    <html>https://goldbook.iupac.org/terms/view/A00379/html</html>
    <json>https://goldbook.iupac.org/terms/view/A00379/json</json>
    <xml>https://goldbook.iupac.org/terms/view/A00379/xml</xml>
    <plain>https://goldbook.iupac.org/terms/view/A00379/plain</plain>
  </links>
  <citation>Citation: 'anthocyanidins' in IUPAC Compendium of Chemical Terminology, 5th ed. International Union of Pure and Applied Chemistry; 2025. Online version 5.0.0, 2025. 10.1351/goldbook.A00379</citation>
  <license>The IUPAC Gold Book is licensed under Creative Commons Attribution-ShareAlike CC BY-SA 4.0 International (https://creativecommons.org/licenses/by-sa/4.0/) for individual terms.</license>
  <collection>If you are interested in licensing the Gold Book for commercial use, please contact the IUPAC Executive Director at executivedirector@iupac.org .</collection>
  <disclaimer>The International Union of Pure and Applied Chemistry (IUPAC) is continuously reviewing and, where needed, updating terms in the Compendium of Chemical Terminology (the IUPAC Gold Book). Users of these terms are encouraged to include the version of a term with its use and to check regularly for updates to term definitions that you are using.</disclaimer>
  <accessed>2025-02-25T06:55:45+00:00</accessed>
</term>
