<?xml version="1.0" encoding="UTF-8"?>
<term>
  <id>00360</id>
  <doi>10.1351/goldbook.A00360</doi>
  <code>A00360</code>
  <status>current</status>
  <longtitle>IUPAC Gold Book - anion exchanger</longtitle>
  <title>anion exchanger</title>
  <termversion>2.3.3</termversion>
  <lastupdated>2014-02-24</lastupdated>
  <definitions>
    <item>
      <id>1</id>
      <text>Ion exchanger with anions as counter-ions. The term anion-exchange resin may be used in the case of solid organic polymers. The base form of an anion exchanger is the ionic form in which the counter-ions are hydroxide groups (OH– form) or the ionogenic groups form an uncharged base, e.g. –NH.</text>
      <links>
        <item>
          <title>ion exchanger</title>
          <url>https://goldbook.iupac.org/terms/view/I03171</url>
        </item>
        <item>
          <title>ion exchanger</title>
          <url>https://goldbook.iupac.org/terms/view/I03171</url>
        </item>
        <item>
          <title>counter-ions (in an ion exchanger, in colloid chemistry)</title>
          <url>https://goldbook.iupac.org/terms/view/C01371</url>
        </item>
        <item>
          <title>anion (in an ion exchanger, in colloid chemistry)</title>
          <url>https://goldbook.iupac.org/terms/view/A00358</url>
        </item>
        <item>
          <title>resin (in an ion exchanger, in colloid chemistry)</title>
          <url>https://goldbook.iupac.org/terms/view/RT07166</url>
        </item>
        <item>
          <title>ionogenic groups (in an ion exchanger, in colloid chemistry)</title>
          <url>https://goldbook.iupac.org/terms/view/I03228</url>
        </item>
      </links>
      <sources>
        <item>PAC, 1993, 65, 819. 'Nomenclature for chromatography (IUPAC Recommendations 1993)' on page 856 (https://doi.org/10.1351/pac199365040819)</item>
      </sources>
    </item>
  </definitions>
  <links>
    <html>https://goldbook.iupac.org/terms/view/A00360/html</html>
    <json>https://goldbook.iupac.org/terms/view/A00360/json</json>
    <xml>https://goldbook.iupac.org/terms/view/A00360/xml</xml>
    <plain>https://goldbook.iupac.org/terms/view/A00360/plain</plain>
  </links>
  <citation>Citation: 'anion exchanger' in IUPAC Compendium of Chemical Terminology, 5th ed. International Union of Pure and Applied Chemistry; 2025. Online version 5.0.0, 2025. 10.1351/goldbook.A00360</citation>
  <license>The IUPAC Gold Book is licensed under Creative Commons Attribution-ShareAlike CC BY-SA 4.0 International (https://creativecommons.org/licenses/by-sa/4.0/) for individual terms.</license>
  <collection>If you are interested in licensing the Gold Book for commercial use, please contact the IUPAC Executive Director at executivedirector@iupac.org .</collection>
  <disclaimer>The International Union of Pure and Applied Chemistry (IUPAC) is continuously reviewing and, where needed, updating terms in the Compendium of Chemical Terminology (the IUPAC Gold Book). Users of these terms are encouraged to include the version of a term with its use and to check regularly for updates to term definitions that you are using.</disclaimer>
  <accessed>2025-02-25T06:54:39+00:00</accessed>
</term>
