<?xml version="1.0" encoding="UTF-8"?>
<term>
  <id>00446</id>
  <doi>10.1351/goldbook.A00446</doi>
  <code>A00446</code>
  <status>current</status>
  <longtitle>IUPAC Gold Book - Arrhenius equation</longtitle>
  <title>Arrhenius equation</title>
  <termversion>2.0.2</termversion>
  <lastupdated>2008-10-07</lastupdated>
  <definitions>
    <item>
      <id>1</id>
      <text>An equation that represents the dependence of the rate constant k of a reaction on the absolute temperature T: k = A.e^(-Ea/RT) and the activation energy Ea are considered to be temperature-independent.</text>
      <links>
        <item>
          <title>modified Arrhenius equation</title>
          <url>https://goldbook.iupac.org/terms/view/M03963</url>
        </item>
        <item>
          <title>modified Arrhenius equation</title>
          <url>https://goldbook.iupac.org/terms/view/M03963</url>
        </item>
        <item>
          <title>rate constant</title>
          <url>https://goldbook.iupac.org/terms/view/R05138</url>
        </item>
        <item>
          <title>pre-exponential factor</title>
          <url>https://goldbook.iupac.org/terms/view/P04811</url>
        </item>
        <item>
          <title>activation energy</title>
          <url>https://goldbook.iupac.org/terms/view/A00102</url>
        </item>
      </links>
      <math>
        <item>
          <meaning>rate constant</meaning>
          <type>quantity</type>
          <alttext>k</alttext>
          <latex>k</latex>
        </item>
        <item>
          <meaning>absolute temperature</meaning>
          <type>quantity</type>
          <alttext>T</alttext>
          <latex>T</latex>
        </item>
        <item>
          <meaning>Arrhenius equation</meaning>
          <type>equation</type>
          <alttext>k = A.e^(-Ea/RT)</alttext>
          <latex>k = A\ \text{e}^{\frac{-E_{\text{a}}}{R\ T}}</latex>
        </item>
        <item>
          <meaning>pre-exponential factor</meaning>
          <type>quantity</type>
          <alttext>A</alttext>
          <latex>A</latex>
        </item>
        <item>
          <meaning>activation energy</meaning>
          <type>quantity</type>
          <alttext>Ea</alttext>
          <latex>E_{\text{a}}</latex>
        </item>
      </math>
      <sources>
        <item>PAC, 1990, 62, 2167. 'Glossary of atmospheric chemistry terms (Recommendations 1990)' on page 2175 (https://doi.org/10.1351/pac199062112167)</item>
        <item>PAC, 1994, 66, 1077. 'Glossary of terms used in physical organic chemistry (IUPAC Recommendations 1994)' on page 1086 (https://doi.org/10.1351/pac199466051077)</item>
        <item>PAC, 1996, 68, 149. 'A glossary of terms used in chemical kinetics, including reaction dynamics (IUPAC Recommendations 1996)' on page 153 (https://doi.org/10.1351/pac199668010149)</item>
      </sources>
    </item>
  </definitions>
  <referencedin>
    <item>
      <title>Wikipedia - 1884 in science (en)</title>
      <url>https://en.wikipedia.org/wiki/1884_in_science</url>
    </item>
    <item>
      <title>Wikipedia - 1889 in science (en)</title>
      <url>https://en.wikipedia.org/wiki/1889_in_science</url>
    </item>
    <item>
      <title>Wikipedia - Arrheniuksen yhtälö (fi)</title>
      <url>https://fi.wikipedia.org/wiki/Arrheniuksen_yhtälö</url>
    </item>
    <item>
      <title>Wikipedia - Arrhenius equation (en)</title>
      <url>https://en.wikipedia.org/wiki/Arrhenius_equation</url>
    </item>
    <item>
      <title>Wikipedia - Arrhenius-Gleichung (de)</title>
      <url>https://de.wikipedia.org/wiki/Arrhenius-Gleichung</url>
    </item>
    <item>
      <title>Wikipedia - Equazione di Arrhenius (it)</title>
      <url>https://it.wikipedia.org/wiki/Equazione_di_Arrhenius</url>
    </item>
    <item>
      <title>Wikipedia - Svante Arrhenius (gd)</title>
      <url>https://gd.wikipedia.org/wiki/Svante_Arrhenius</url>
    </item>
    <item>
      <title>Wikipedia - معادلة أرهنيوس (ar)</title>
      <url>https://ar.wikipedia.org/wiki/معادلة_أرهنيوس</url>
    </item>
  </referencedin>
  <links>
    <html>https://goldbook.iupac.org/terms/view/A00446/html</html>
    <json>https://goldbook.iupac.org/terms/view/A00446/json</json>
    <xml>https://goldbook.iupac.org/terms/view/A00446/xml</xml>
    <plain>https://goldbook.iupac.org/terms/view/A00446/plain</plain>
  </links>
  <citation>Citation: 'Arrhenius equation' in IUPAC Compendium of Chemical Terminology, 5th ed. International Union of Pure and Applied Chemistry; 2025. Online version 5.0.0, 2025. 10.1351/goldbook.A00446</citation>
  <license>The IUPAC Gold Book is licensed under Creative Commons Attribution-ShareAlike CC BY-SA 4.0 International (https://creativecommons.org/licenses/by-sa/4.0/) for individual terms.</license>
  <collection>If you are interested in licensing the Gold Book for commercial use, please contact the IUPAC Executive Director at executivedirector@iupac.org .</collection>
  <disclaimer>The International Union of Pure and Applied Chemistry (IUPAC) is continuously reviewing and, where needed, updating terms in the Compendium of Chemical Terminology (the IUPAC Gold Book). Users of these terms are encouraged to include the version of a term with its use and to check regularly for updates to term definitions that you are using.</disclaimer>
  <accessed>2025-02-25T06:59:01+00:00</accessed>
</term>
