<?xml version="1.0" encoding="UTF-8"?>
<term>
  <id>00452</id>
  <doi>10.1351/goldbook.A00452</doi>
  <code>A00452</code>
  <status>current</status>
  <longtitle>IUPAC Gold Book - arsines</longtitle>
  <title>arsines</title>
  <termversion>2.3.3</termversion>
  <lastupdated>2014-02-24</lastupdated>
  <definitions>
    <item>
      <id>1</id>
      <text>AsH3 and compounds derived from it by substituting one, two or three hydrogen atoms by hydrocarbyl groups: R3As, RAsH2, R2AsH, R3As (R ≠ H) are called primary, secondary and tertiary arsines, respectively. A specific arsine is preferably named as a substituted arsane, e.g. CH3CH2AsH2 ethylarsane.</text>
      <links>
        <item>
          <title>arsanes</title>
          <url>https://goldbook.iupac.org/terms/view/A00447</url>
        </item>
      </links>
      <sources>
        <item>PAC, 1995, 67, 1307. 'Glossary of class names of organic compounds and reactivity intermediates based on structure (IUPAC Recommendations 1995)' on page 1319 (https://doi.org/10.1351/pac199567081307)</item>
      </sources>
    </item>
  </definitions>
  <referencedin>
    <item>
      <title>Wikipedia - Arsane (de)</title>
      <url>https://de.wikipedia.org/wiki/Arsane</url>
    </item>
    <item>
      <title>Wikipedia - Arsine (it)</title>
      <url>https://it.wikipedia.org/wiki/Arsine</url>
    </item>
    <item>
      <title>Wikipedia - Arsyny (pl)</title>
      <url>https://pl.wikipedia.org/wiki/Arsyny</url>
    </item>
  </referencedin>
  <links>
    <html>https://goldbook.iupac.org/terms/view/A00452/html</html>
    <json>https://goldbook.iupac.org/terms/view/A00452/json</json>
    <xml>https://goldbook.iupac.org/terms/view/A00452/xml</xml>
    <plain>https://goldbook.iupac.org/terms/view/A00452/plain</plain>
  </links>
  <citation>Citation: 'arsines' in IUPAC Compendium of Chemical Terminology, 5th ed. International Union of Pure and Applied Chemistry; 2025. Online version 5.0.0, 2025. 10.1351/goldbook.A00452</citation>
  <license>The IUPAC Gold Book is licensed under Creative Commons Attribution-ShareAlike CC BY-SA 4.0 International (https://creativecommons.org/licenses/by-sa/4.0/) for individual terms.</license>
  <collection>If you are interested in licensing the Gold Book for commercial use, please contact the IUPAC Executive Director at executivedirector@iupac.org .</collection>
  <disclaimer>The International Union of Pure and Applied Chemistry (IUPAC) is continuously reviewing and, where needed, updating terms in the Compendium of Chemical Terminology (the IUPAC Gold Book). Users of these terms are encouraged to include the version of a term with its use and to check regularly for updates to term definitions that you are using.</disclaimer>
  <accessed>2025-02-25T06:59:16+00:00</accessed>
</term>
