<?xml version="1.0" encoding="UTF-8"?>
<term>
  <id>00475</id>
  <doi>10.1351/goldbook.A00475</doi>
  <code>A00475</code>
  <status>current</status>
  <longtitle>IUPAC Gold Book - associative ionization in mass spectrometry</longtitle>
  <title>associative ionization</title>
  <termversion>2.0.2</termversion>
  <lastupdated>2008-10-07</lastupdated>
  <definitions>
    <item>
      <id>1</id>
      <text>This occurs when two excited gaseous atoms or molecular moieties interact and the sum of their internal energies is sufficient to produce a single, additive ionic product.</text>
      <contexts>
        <in>
          <item>mass spectrometry</item>
        </in>
      </contexts>
      <links>
        <item>
          <title>chemi-ionization (in mass spectrometry)</title>
          <url>https://goldbook.iupac.org/terms/view/C01044</url>
        </item>
        <item>
          <title>chemi-ionization (in mass spectrometry)</title>
          <url>https://goldbook.iupac.org/terms/view/C01044</url>
        </item>
        <item>
          <title>additive (in mass spectrometry)</title>
          <url>https://goldbook.iupac.org/terms/view/A00134</url>
        </item>
      </links>
      <sources>
        <item>PAC, 1991, 63, 1541. 'Recommendations for nomenclature and symbolism for mass spectroscopy (including an appendix of terms used in vacuum technology). (Recommendations 1991)' on page 1547 (https://doi.org/10.1351/pac199163101541)</item>
      </sources>
    </item>
  </definitions>
  <referencedin>
    <item>
      <title>Wikipedia - Gas-phase ion chemistry (en)</title>
      <url>https://en.wikipedia.org/wiki/Gas-phase_ion_chemistry</url>
    </item>
    <item>
      <title>Wikipedia - Ion source (en)</title>
      <url>https://en.wikipedia.org/wiki/Ion_source</url>
    </item>
    <item>
      <title>Wikipedia - Penning ionization (en)</title>
      <url>https://en.wikipedia.org/wiki/Penning_ionization</url>
    </item>
  </referencedin>
  <links>
    <html>https://goldbook.iupac.org/terms/view/A00475/html</html>
    <json>https://goldbook.iupac.org/terms/view/A00475/json</json>
    <xml>https://goldbook.iupac.org/terms/view/A00475/xml</xml>
    <plain>https://goldbook.iupac.org/terms/view/A00475/plain</plain>
  </links>
  <citation>Citation: 'associative ionization' in IUPAC Compendium of Chemical Terminology, 5th ed. International Union of Pure and Applied Chemistry; 2025. Online version 5.0.0, 2025. 10.1351/goldbook.A00475</citation>
  <license>The IUPAC Gold Book is licensed under Creative Commons Attribution-ShareAlike CC BY-SA 4.0 International (https://creativecommons.org/licenses/by-sa/4.0/) for individual terms.</license>
  <collection>If you are interested in licensing the Gold Book for commercial use, please contact the IUPAC Executive Director at executivedirector@iupac.org .</collection>
  <disclaimer>The International Union of Pure and Applied Chemistry (IUPAC) is continuously reviewing and, where needed, updating terms in the Compendium of Chemical Terminology (the IUPAC Gold Book). Users of these terms are encouraged to include the version of a term with its use and to check regularly for updates to term definitions that you are using.</disclaimer>
  <accessed>2025-02-25T07:00:26+00:00</accessed>
</term>
