<?xml version="1.0" encoding="UTF-8"?>
<term>
  <id>00473</id>
  <doi>10.1351/goldbook.A00473</doi>
  <code>A00473</code>
  <status>current</status>
  <longtitle>IUPAC Gold Book - association reaction (associative combination) in mass spectrometry</longtitle>
  <title>association reaction</title>
  <termversion>2.3.3</termversion>
  <lastupdated>2014-02-24</lastupdated>
  <definitions>
    <item>
      <id>1</id>
      <text>The reaction of a (slow moving) ion with a neutral species wherein the reactants combine to form a single ionized species.</text>
      <contexts>
        <in>
          <item>mass spectrometry</item>
        </in>
      </contexts>
      <sources>
        <item>PAC, 1991, 63, 1541. 'Recommendations for nomenclature and symbolism for mass spectroscopy (including an appendix of terms used in vacuum technology). (Recommendations 1991)' on page 1555 (https://doi.org/10.1351/pac199163101541)</item>
      </sources>
    </item>
  </definitions>
  <links>
    <html>https://goldbook.iupac.org/terms/view/A00473/html</html>
    <json>https://goldbook.iupac.org/terms/view/A00473/json</json>
    <xml>https://goldbook.iupac.org/terms/view/A00473/xml</xml>
    <plain>https://goldbook.iupac.org/terms/view/A00473/plain</plain>
  </links>
  <citation>Citation: 'association reaction' in IUPAC Compendium of Chemical Terminology, 5th ed. International Union of Pure and Applied Chemistry; 2025. Online version 5.0.0, 2025. 10.1351/goldbook.A00473</citation>
  <license>The IUPAC Gold Book is licensed under Creative Commons Attribution-ShareAlike CC BY-SA 4.0 International (https://creativecommons.org/licenses/by-sa/4.0/) for individual terms.</license>
  <collection>If you are interested in licensing the Gold Book for commercial use, please contact the IUPAC Executive Director at executivedirector@iupac.org .</collection>
  <disclaimer>The International Union of Pure and Applied Chemistry (IUPAC) is continuously reviewing and, where needed, updating terms in the Compendium of Chemical Terminology (the IUPAC Gold Book). Users of these terms are encouraged to include the version of a term with its use and to check regularly for updates to term definitions that you are using.</disclaimer>
  <accessed>2025-02-25T07:00:21+00:00</accessed>
</term>
