<?xml version="1.0" encoding="UTF-8"?>
<term>
  <id>00442</id>
  <doi>10.1351/goldbook.A00442</doi>
  <code>A00442</code>
  <status>current</status>
  <longtitle>IUPAC Gold Book - aromaticity</longtitle>
  <title>aromaticity</title>
  <abbrevs>
    <item>MO</item>
  </abbrevs>
  <termversion>2.3.3</termversion>
  <lastupdated>2014-02-24</lastupdated>
  <definitions>
    <item>
      <id>1</id>
      <text>The concept of spatial and electronic structure of cyclic molecular systems displaying the effects of cyclic electron delocalization which provide for their enhanced thermodynamic stability (relative to acyclic structural analogues) and tendency to retain the structural type in the course of chemical transformations. A quantitative assessment of the degree of aromaticity is given by the value of the resonance energy. It may also be evaluated by the energies of relevant isodesmic and homodesmotic reactions. Along with energetic criteria of aromaticity, important and complementary are also a structural criterion (the lesser the alternation of bond lengths in the rings, the greater is the aromaticity of the molecule) and a magnetic criterion (existence of the diamagnetic ring current induced in a conjugated cyclic molecule by an external magnetic field and manifested by an exaltation and anisotropy of magnetic susceptibility). Although originally introduced for characterization of peculiar properties of cyclic conjugated hydrocarbons and their ions, the concept of aromaticity has been extended to their homoderivatives (see homoaromaticity), conjugated heterocyclic compounds (heteroaromaticity), saturated cyclic compounds (σ-aromaticity) as well as to three-dimensional organic and organometallic compounds (three-dimensional aromaticity). A common feature of the electronic structure inherent in all aromatic molecules is the close nature of their valence electron shells, i.e., double electron occupation of all bonding MOs with all antibonding and delocalized nonbonding MOs unfilled. The notion of aromaticity is applied also to transition states.</text>
      <links>
        <item>
          <title>delocalization</title>
          <url>https://goldbook.iupac.org/terms/view/D01583</url>
        </item>
        <item>
          <title>resonance energy</title>
          <url>https://goldbook.iupac.org/terms/view/R05333</url>
        </item>
        <item>
          <title>diamagnetic</title>
          <url>https://goldbook.iupac.org/terms/view/D01668</url>
        </item>
        <item>
          <title>anisotropy</title>
          <url>https://goldbook.iupac.org/terms/view/AT06776</url>
        </item>
        <item>
          <title>magnetic susceptibility</title>
          <url>https://goldbook.iupac.org/terms/view/M03689</url>
        </item>
        <item>
          <title>hydrocarbons</title>
          <url>https://goldbook.iupac.org/terms/view/H02889</url>
        </item>
        <item>
          <title>heterocyclic compounds</title>
          <url>https://goldbook.iupac.org/terms/view/H02798</url>
        </item>
        <item>
          <title>organometallic compounds</title>
          <url>https://goldbook.iupac.org/terms/view/O04328</url>
        </item>
        <item>
          <title>valence</title>
          <url>https://goldbook.iupac.org/terms/view/V06588</url>
        </item>
        <item>
          <title>delocalization</title>
          <url>https://goldbook.iupac.org/terms/view/D01583</url>
        </item>
        <item>
          <title>resonance energy</title>
          <url>https://goldbook.iupac.org/terms/view/R05333</url>
        </item>
        <item>
          <title>diamagnetic</title>
          <url>https://goldbook.iupac.org/terms/view/D01668</url>
        </item>
        <item>
          <title>anisotropy</title>
          <url>https://goldbook.iupac.org/terms/view/AT06776</url>
        </item>
        <item>
          <title>magnetic susceptibility</title>
          <url>https://goldbook.iupac.org/terms/view/M03689</url>
        </item>
        <item>
          <title>hydrocarbons</title>
          <url>https://goldbook.iupac.org/terms/view/H02889</url>
        </item>
        <item>
          <title>heterocyclic compounds</title>
          <url>https://goldbook.iupac.org/terms/view/H02798</url>
        </item>
        <item>
          <title>organometallic compounds</title>
          <url>https://goldbook.iupac.org/terms/view/O04328</url>
        </item>
        <item>
          <title>valence</title>
          <url>https://goldbook.iupac.org/terms/view/V06588</url>
        </item>
        <item>
          <title>homoaromaticity</title>
          <url>https://goldbook.iupac.org/terms/view/H02839</url>
        </item>
      </links>
      <sources>
        <item>PAC, 1999, 71, 1919. 'Glossary of terms used in theoretical organic chemistry' on page 1923 (https://doi.org/10.1351/pac199971101919)</item>
      </sources>
    </item>
  </definitions>
  <referencedin>
    <item>
      <title>Wikipedia - Aromatizität (de)</title>
      <url>https://de.wikipedia.org/wiki/Aromatizität</url>
    </item>
    <item>
      <title>Wikipedia - Aromatyczność (pl)</title>
      <url>https://pl.wikipedia.org/wiki/Aromatyczność</url>
    </item>
    <item>
      <title>Wikipedia - عطرية (ar)</title>
      <url>https://ar.wikipedia.org/wiki/عطرية</url>
    </item>
  </referencedin>
  <links>
    <html>https://goldbook.iupac.org/terms/view/A00442/html</html>
    <json>https://goldbook.iupac.org/terms/view/A00442/json</json>
    <xml>https://goldbook.iupac.org/terms/view/A00442/xml</xml>
    <plain>https://goldbook.iupac.org/terms/view/A00442/plain</plain>
  </links>
  <citation>Citation: 'aromaticity' in IUPAC Compendium of Chemical Terminology, 5th ed. International Union of Pure and Applied Chemistry; 2025. Online version 5.0.0, 2025. 10.1351/goldbook.A00442</citation>
  <license>The IUPAC Gold Book is licensed under Creative Commons Attribution-ShareAlike CC BY-SA 4.0 International (https://creativecommons.org/licenses/by-sa/4.0/) for individual terms.</license>
  <collection>If you are interested in licensing the Gold Book for commercial use, please contact the IUPAC Executive Director at executivedirector@iupac.org .</collection>
  <disclaimer>The International Union of Pure and Applied Chemistry (IUPAC) is continuously reviewing and, where needed, updating terms in the Compendium of Chemical Terminology (the IUPAC Gold Book). Users of these terms are encouraged to include the version of a term with its use and to check regularly for updates to term definitions that you are using.</disclaimer>
  <accessed>2025-02-25T06:58:50+00:00</accessed>
</term>
