<?xml version="1.0" encoding="UTF-8"?>
<term>
  <id>00451</id>
  <doi>10.1351/goldbook.A00451</doi>
  <code>A00451</code>
  <status>current</status>
  <longtitle>IUPAC Gold Book - arsine oxides</longtitle>
  <title>arsine oxides</title>
  <termversion>2.3.3</termversion>
  <lastupdated>2014-02-24</lastupdated>
  <definitions>
    <item>
      <id>1</id>
      <text>H3As=O and its hydrocarbyl derivatives (analogously arsine imides and arsine sulfides), e.g. (CH3)3As=O trimethylarsine oxide or trimethylarsane oxide.</text>
      <links>
        <item>
          <title>imides</title>
          <url>https://goldbook.iupac.org/terms/view/I02948</url>
        </item>
        <item>
          <title>sulfides</title>
          <url>https://goldbook.iupac.org/terms/view/S06102</url>
        </item>
        <item>
          <title>imides</title>
          <url>https://goldbook.iupac.org/terms/view/I02948</url>
        </item>
        <item>
          <title>sulfides</title>
          <url>https://goldbook.iupac.org/terms/view/S06102</url>
        </item>
      </links>
      <sources>
        <item>PAC, 1995, 67, 1307. 'Glossary of class names of organic compounds and reactivity intermediates based on structure (IUPAC Recommendations 1995)' on page 1319 (https://doi.org/10.1351/pac199567081307)</item>
      </sources>
    </item>
  </definitions>
  <links>
    <html>https://goldbook.iupac.org/terms/view/A00451/html</html>
    <json>https://goldbook.iupac.org/terms/view/A00451/json</json>
    <xml>https://goldbook.iupac.org/terms/view/A00451/xml</xml>
    <plain>https://goldbook.iupac.org/terms/view/A00451/plain</plain>
  </links>
  <citation>Citation: 'arsine oxides' in IUPAC Compendium of Chemical Terminology, 5th ed. International Union of Pure and Applied Chemistry; 2025. Online version 5.0.0, 2025. 10.1351/goldbook.A00451</citation>
  <license>The IUPAC Gold Book is licensed under Creative Commons Attribution-ShareAlike CC BY-SA 4.0 International (https://creativecommons.org/licenses/by-sa/4.0/) for individual terms.</license>
  <collection>If you are interested in licensing the Gold Book for commercial use, please contact the IUPAC Executive Director at executivedirector@iupac.org .</collection>
  <disclaimer>The International Union of Pure and Applied Chemistry (IUPAC) is continuously reviewing and, where needed, updating terms in the Compendium of Chemical Terminology (the IUPAC Gold Book). Users of these terms are encouraged to include the version of a term with its use and to check regularly for updates to term definitions that you are using.</disclaimer>
  <accessed>2025-02-25T06:59:13+00:00</accessed>
</term>
