<?xml version="1.0" encoding="UTF-8"?>
<term>
  <id>00420</id>
  <doi>10.1351/goldbook.A00420</doi>
  <code>A00420</code>
  <status>current</status>
  <longtitle>IUPAC Gold Book - apparent viscosity of a liquid</longtitle>
  <title>apparent viscosity</title>
  <termversion>2.0.2</termversion>
  <lastupdated>2008-10-07</lastupdated>
  <definitions>
    <item>
      <id>1</id>
      <text>The ratio of stress to rate of strain, calculated from measurements of forces and velocities as though the liquid were Newtonian. If the liquid is actually non-Newtonian, the apparent viscosity depends on the type and dimensions of the apparatus used.</text>
      <contexts>
        <of>
          <item>a liquid</item>
        </of>
      </contexts>
      <links>
        <item>
          <title>strain</title>
          <url>https://goldbook.iupac.org/terms/view/S06037</url>
        </item>
        <item>
          <title>viscosity</title>
          <url>https://goldbook.iupac.org/terms/view/V06627</url>
        </item>
      </links>
      <sources>
        <item>PAC, 1979, 51, 1213. 'Terminology and Symbols in Colloid and Surface Chemistry Part 1.13. Definitions, Terminology and Symbols for Rheological Properties' on page 1217 (https://doi.org/10.1351/pac197951051213)</item>
      </sources>
    </item>
  </definitions>
  <links>
    <html>https://goldbook.iupac.org/terms/view/A00420/html</html>
    <json>https://goldbook.iupac.org/terms/view/A00420/json</json>
    <xml>https://goldbook.iupac.org/terms/view/A00420/xml</xml>
    <plain>https://goldbook.iupac.org/terms/view/A00420/plain</plain>
  </links>
  <citation>Citation: 'apparent viscosity' in IUPAC Compendium of Chemical Terminology, 5th ed. International Union of Pure and Applied Chemistry; 2025. Online version 5.0.0, 2025. 10.1351/goldbook.A00420</citation>
  <license>The IUPAC Gold Book is licensed under Creative Commons Attribution-ShareAlike CC BY-SA 4.0 International (https://creativecommons.org/licenses/by-sa/4.0/) for individual terms.</license>
  <collection>If you are interested in licensing the Gold Book for commercial use, please contact the IUPAC Executive Director at executivedirector@iupac.org .</collection>
  <disclaimer>The International Union of Pure and Applied Chemistry (IUPAC) is continuously reviewing and, where needed, updating terms in the Compendium of Chemical Terminology (the IUPAC Gold Book). Users of these terms are encouraged to include the version of a term with its use and to check regularly for updates to term definitions that you are using.</disclaimer>
  <accessed>2025-02-25T06:57:45+00:00</accessed>
</term>
