<?xml version="1.0" encoding="UTF-8"?>
<term>
  <id>00440</id>
  <doi>10.1351/goldbook.A00440</doi>
  <code>A00440</code>
  <status>current</status>
  <longtitle>IUPAC Gold Book - arithmetic mean (average)</longtitle>
  <title>arithmetic mean</title>
  <termversion>2.0.2</termversion>
  <lastupdated>2008-10-07</lastupdated>
  <definitions>
    <item>
      <id>1</id>
      <text>The sum of a series of observations divided by the number of observations. Symbol: x(bar). It can be calculated by the formula: </text>
      <notes>
        <item>All summations are taken from 1 to n. Note that the arithmetic mean is an unbiased estimate of the population mean, i.e. µ is the limiting value for x(bar), as n -&gt; ∞.</item>
      </notes>
      <math>
        <item>
          <alttext>x(bar)</alttext>
          <latex>\bar{x}</latex>
        </item>
        <item>
          <meaning>Arithmetic mean</meaning>
          <type>equation</type>
          <alttext>x(bar) = ∑xi/n</alttext>
          <latex>\bar{x}=\frac{\sum x_{i}}{n}</latex>
        </item>
        <item>
          <alttext>n</alttext>
          <latex>n</latex>
        </item>
        <item>
          <alttext>µ</alttext>
          <latex>\mu</latex>
        </item>
        <item>
          <alttext>x(bar)</alttext>
          <latex>\bar{x}</latex>
        </item>
        <item>
          <alttext>n -&gt; ∞</alttext>
          <latex>n\rightarrow \infty</latex>
        </item>
      </math>
      <sources>
        <item>PAC, 1994, 66, 595. 'Nomenclature for the presentation of results of chemical analysis (IUPAC Recommendations 1994)' on page 599 (https://doi.org/10.1351/pac199466030595)</item>
      </sources>
    </item>
  </definitions>
  <referencedin>
    <item>
      <title>Wikipedia - Media (statistica) (it)</title>
      <url>https://it.wikipedia.org/wiki/Media_(statistica)</url>
    </item>
    <item>
      <title>Wikipedia - متوسط حسابي (ar)</title>
      <url>https://ar.wikipedia.org/wiki/متوسط_حسابي</url>
    </item>
  </referencedin>
  <links>
    <html>https://goldbook.iupac.org/terms/view/A00440/html</html>
    <json>https://goldbook.iupac.org/terms/view/A00440/json</json>
    <xml>https://goldbook.iupac.org/terms/view/A00440/xml</xml>
    <plain>https://goldbook.iupac.org/terms/view/A00440/plain</plain>
  </links>
  <citation>Citation: 'arithmetic mean' in IUPAC Compendium of Chemical Terminology, 5th ed. International Union of Pure and Applied Chemistry; 2025. Online version 5.0.0, 2025. 10.1351/goldbook.A00440</citation>
  <license>The IUPAC Gold Book is licensed under Creative Commons Attribution-ShareAlike CC BY-SA 4.0 International (https://creativecommons.org/licenses/by-sa/4.0/) for individual terms.</license>
  <collection>If you are interested in licensing the Gold Book for commercial use, please contact the IUPAC Executive Director at executivedirector@iupac.org .</collection>
  <disclaimer>The International Union of Pure and Applied Chemistry (IUPAC) is continuously reviewing and, where needed, updating terms in the Compendium of Chemical Terminology (the IUPAC Gold Book). Users of these terms are encouraged to include the version of a term with its use and to check regularly for updates to term definitions that you are using.</disclaimer>
  <accessed>2025-02-25T06:58:42+00:00</accessed>
</term>
