<?xml version="1.0" encoding="UTF-8"?>
<term>
  <id>00421</id>
  <doi>10.1351/goldbook.A00421</doi>
  <code>A00421</code>
  <status>current</status>
  <longtitle>IUPAC Gold Book - appearance energy (appearance potential)</longtitle>
  <title>appearance energy</title>
  <termversion>2.3.3</termversion>
  <lastupdated>2014-02-24</lastupdated>
  <definitions>
    <item>
      <id>1</id>
      <text>Refers to ionization of a molecule or atom by electron collision or photon absorption. In mass spectrometry it has often been reported as the voltage which corresponds to the minimum energy of the electrons in the ionizing beam necessary for the production of a given fragment ion. In photoionization it is the minimum energy of the quantum of light which produces ionization of the absorbing molecule.</text>
      <links>
        <item>
          <title>ionization</title>
          <url>https://goldbook.iupac.org/terms/view/I03183</url>
        </item>
        <item>
          <title>mass spectrometry</title>
          <url>https://goldbook.iupac.org/terms/view/M03746</url>
        </item>
        <item>
          <title>photoionization</title>
          <url>https://goldbook.iupac.org/terms/view/P04620</url>
        </item>
      </links>
      <sources>
        <item>PAC, 1990, 62, 2167. 'Glossary of atmospheric chemistry terms (Recommendations 1990)' on page 2175 (https://doi.org/10.1351/pac199062112167)</item>
        <item>PAC, 1991, 63, 1541. 'Recommendations for nomenclature and symbolism for mass spectroscopy (including an appendix of terms used in vacuum technology). (Recommendations 1991)' on page 1546 (https://doi.org/10.1351/pac199163101541)</item>
      </sources>
    </item>
  </definitions>
  <referencedin>
    <item>
      <title>Wikipedia - Appearance energy (en)</title>
      <url>https://en.wikipedia.org/wiki/Appearance_energy</url>
    </item>
  </referencedin>
  <links>
    <html>https://goldbook.iupac.org/terms/view/A00421/html</html>
    <json>https://goldbook.iupac.org/terms/view/A00421/json</json>
    <xml>https://goldbook.iupac.org/terms/view/A00421/xml</xml>
    <plain>https://goldbook.iupac.org/terms/view/A00421/plain</plain>
  </links>
  <citation>Citation: 'appearance energy' in IUPAC Compendium of Chemical Terminology, 5th ed. International Union of Pure and Applied Chemistry; 2025. Online version 5.0.0, 2025. 10.1351/goldbook.A00421</citation>
  <license>The IUPAC Gold Book is licensed under Creative Commons Attribution-ShareAlike CC BY-SA 4.0 International (https://creativecommons.org/licenses/by-sa/4.0/) for individual terms.</license>
  <collection>If you are interested in licensing the Gold Book for commercial use, please contact the IUPAC Executive Director at executivedirector@iupac.org .</collection>
  <disclaimer>The International Union of Pure and Applied Chemistry (IUPAC) is continuously reviewing and, where needed, updating terms in the Compendium of Chemical Terminology (the IUPAC Gold Book). Users of these terms are encouraged to include the version of a term with its use and to check regularly for updates to term definitions that you are using.</disclaimer>
  <accessed>2025-02-25T06:57:51+00:00</accessed>
</term>
