<?xml version="1.0" encoding="UTF-8"?>
<term>
  <id>00436</id>
  <doi>10.1351/goldbook.A00436</doi>
  <code>A00436</code>
  <status>current</status>
  <longtitle>IUPAC Gold Book - arenium ions</longtitle>
  <title>arenium ions</title>
  <termversion>2.0.2</termversion>
  <lastupdated>2008-10-07</lastupdated>
  <intro>Cations derived formally by the addition of a @H02904@ or other cationic species to any position of an arene, e.g. C6H7+, benzenium. The term includes:</intro>
  <outro>[σ-@A00138@ (sigma-@A00138@), π-@A00138@ (pi-@A00138@)].</outro>
  <definitions>
    <item>
      <id>1</id>
      <text>Arenium σ-adducts (Wheland intermediates) (which are considered to be intermediates in electrophilic aromatic substitution reactions) and other cyclohexadienyl cations. [image: nitrobenzenium ion]</text>
      <chemicals>
        <item>
          <type>chemimage</type>
          <title>nitrobenzenium ion</title>
          <file>https://goldbook.iupac.org/img/inline/A00436-1.png</file>
        </item>
      </chemicals>
      <links>
        <item>
          <title>cyclohexadienyl cations</title>
          <url>https://goldbook.iupac.org/terms/view/C01502</url>
        </item>
        <item>
          <title>adduct</title>
          <url>https://goldbook.iupac.org/terms/view/A00138</url>
        </item>
        <item>
          <title>hydron</title>
          <url>https://goldbook.iupac.org/terms/view/H02904</url>
        </item>
      </links>
    </item>
    <item>
      <id>2</id>
      <text>Arenium π-adducts, such as: [image: benzenium ion]</text>
      <chemicals>
        <item>
          <type>chemimage</type>
          <title>benzenium ion</title>
          <file>https://goldbook.iupac.org/img/inline/A00436-2.png</file>
        </item>
      </chemicals>
    </item>
  </definitions>
  <sources>'Glossary of class names of organic compounds and reactivity intermediates based on structure (IUPAC Recommendations 1995)' Moss, G.P.;Smith, P.A.S.;Tavernier, D.; Pure and Applied Chemistry 1995 67(8-9) 1307</sources>
  <seealso>'Glossary of terms used in physical organic chemistry (IUPAC Recommendations 1994)' Muller, P.; Pure and Applied Chemistry 1994 66(5) 1077</seealso>
  <referencedin>
    <item>
      <title>Wikipedia - Areniumion (de)</title>
      <url>https://de.wikipedia.org/wiki/Areniumion</url>
    </item>
    <item>
      <title>Wikipedia - Ione arenio (it)</title>
      <url>https://it.wikipedia.org/wiki/Ione_arenio</url>
    </item>
    <item>
      <title>Wikipedia - أيون الأرينيوم (ar)</title>
      <url>https://ar.wikipedia.org/wiki/أيون_الأرينيوم</url>
    </item>
  </referencedin>
  <links>
    <html>https://goldbook.iupac.org/terms/view/A00436/html</html>
    <json>https://goldbook.iupac.org/terms/view/A00436/json</json>
    <xml>https://goldbook.iupac.org/terms/view/A00436/xml</xml>
    <plain>https://goldbook.iupac.org/terms/view/A00436/plain</plain>
  </links>
  <citation>Citation: 'arenium ions' in IUPAC Compendium of Chemical Terminology, 5th ed. International Union of Pure and Applied Chemistry; 2025. Online version 5.0.0, 2025. 10.1351/goldbook.A00436</citation>
  <license>The IUPAC Gold Book is licensed under Creative Commons Attribution-ShareAlike CC BY-SA 4.0 International (https://creativecommons.org/licenses/by-sa/4.0/) for individual terms.</license>
  <collection>If you are interested in licensing the Gold Book for commercial use, please contact the IUPAC Executive Director at executivedirector@iupac.org .</collection>
  <disclaimer>The International Union of Pure and Applied Chemistry (IUPAC) is continuously reviewing and, where needed, updating terms in the Compendium of Chemical Terminology (the IUPAC Gold Book). Users of these terms are encouraged to include the version of a term with its use and to check regularly for updates to term definitions that you are using.</disclaimer>
  <accessed>2025-02-25T06:58:32+00:00</accessed>
</term>
