<?xml version="1.0" encoding="UTF-8"?>
<term>
  <id>00439</id>
  <doi>10.1351/goldbook.A00439</doi>
  <code>A00439</code>
  <status>current</status>
  <longtitle>IUPAC Gold Book - argon ion laser</longtitle>
  <title>argon ion laser</title>
  <abbrevs>
    <item>CW</item>
  </abbrevs>
  <termversion>2.3.3</termversion>
  <lastupdated>2014-02-24</lastupdated>
  <definitions>
    <item>
      <id>1</id>
      <text>A CW or pulsed laser emitting lines from 334 to 529 nm from singly ionized argon. Principal emissions are at 488.0 and 514.5 nm.</text>
      <links>
        <item>
          <title>laser</title>
          <url>https://goldbook.iupac.org/terms/view/L03459</url>
        </item>
        <item>
          <title>laser</title>
          <url>https://goldbook.iupac.org/terms/view/L03459</url>
        </item>
        <item>
          <title>gas lasers</title>
          <url>https://goldbook.iupac.org/terms/view/G02585</url>
        </item>
      </links>
      <math>
        <item>
          <alttext>334</alttext>
          <latex>334</latex>
        </item>
        <item>
          <alttext>529 nm</alttext>
          <latex>529\ \text{nm}</latex>
        </item>
        <item>
          <alttext>488.0</alttext>
          <latex>488.0</latex>
        </item>
        <item>
          <alttext>514.5 nm</alttext>
          <latex>514.5\ \text{nm}</latex>
        </item>
      </math>
      <sources>
        <item>PAC, 1996, 68, 2223. 'Glossary of terms used in photochemistry (IUPAC Recommendations 1996)' on page 2228 (https://doi.org/10.1351/pac199668122223)</item>
      </sources>
    </item>
  </definitions>
  <links>
    <html>https://goldbook.iupac.org/terms/view/A00439/html</html>
    <json>https://goldbook.iupac.org/terms/view/A00439/json</json>
    <xml>https://goldbook.iupac.org/terms/view/A00439/xml</xml>
    <plain>https://goldbook.iupac.org/terms/view/A00439/plain</plain>
  </links>
  <citation>Citation: 'argon ion laser' in IUPAC Compendium of Chemical Terminology, 5th ed. International Union of Pure and Applied Chemistry; 2025. Online version 5.0.0, 2025. 10.1351/goldbook.A00439</citation>
  <license>The IUPAC Gold Book is licensed under Creative Commons Attribution-ShareAlike CC BY-SA 4.0 International (https://creativecommons.org/licenses/by-sa/4.0/) for individual terms.</license>
  <collection>If you are interested in licensing the Gold Book for commercial use, please contact the IUPAC Executive Director at executivedirector@iupac.org .</collection>
  <disclaimer>The International Union of Pure and Applied Chemistry (IUPAC) is continuously reviewing and, where needed, updating terms in the Compendium of Chemical Terminology (the IUPAC Gold Book). Users of these terms are encouraged to include the version of a term with its use and to check regularly for updates to term definitions that you are using.</disclaimer>
  <accessed>2025-02-25T06:58:40+00:00</accessed>
</term>
