<?xml version="1.0" encoding="UTF-8"?>
<term>
  <id>00404</id>
  <doi>10.1351/goldbook.A00404</doi>
  <code>A00404</code>
  <status>current</status>
  <longtitle>IUPAC Gold Book - antiprismo-</longtitle>
  <title><i>antiprismo</i>-</title>
  <termversion>2.3.3</termversion>
  <lastupdated>2014-02-24</lastupdated>
  <definitions>
    <item>
      <id>1</id>
      <text>An affix used in names to denote eight atoms bound into a rectangular antiprism.</text>
      <sources>
        <item>Blue Book, p. 464 (https://www.acdlabs.com/iupac/nomenclature/)</item>
        <item>Red Book, 3rd ed., p. 245 (https://doi.org/10.1515/pac-2014-0718)</item>
      </sources>
    </item>
  </definitions>
  <links>
    <html>https://goldbook.iupac.org/terms/view/A00404/html</html>
    <json>https://goldbook.iupac.org/terms/view/A00404/json</json>
    <xml>https://goldbook.iupac.org/terms/view/A00404/xml</xml>
    <plain>https://goldbook.iupac.org/terms/view/A00404/plain</plain>
  </links>
  <citation>Citation: '<i>antiprismo</i>-' in IUPAC Compendium of Chemical Terminology, 5th ed. International Union of Pure and Applied Chemistry; 2025. Online version 5.0.0, 2025. 10.1351/goldbook.A00404</citation>
  <license>The IUPAC Gold Book is licensed under Creative Commons Attribution-ShareAlike CC BY-SA 4.0 International (https://creativecommons.org/licenses/by-sa/4.0/) for individual terms.</license>
  <collection>If you are interested in licensing the Gold Book for commercial use, please contact the IUPAC Executive Director at executivedirector@iupac.org .</collection>
  <disclaimer>The International Union of Pure and Applied Chemistry (IUPAC) is continuously reviewing and, where needed, updating terms in the Compendium of Chemical Terminology (the IUPAC Gold Book). Users of these terms are encouraged to include the version of a term with its use and to check regularly for updates to term definitions that you are using.</disclaimer>
  <accessed>2025-02-25T06:57:05+00:00</accessed>
</term>
