<?xml version="1.0" encoding="UTF-8"?>
<term>
  <id>00426</id>
  <doi>10.1351/goldbook.A00426</doi>
  <code>A00426</code>
  <status>current</status>
  <longtitle>IUPAC Gold Book - aquation</longtitle>
  <title>aquation</title>
  <termversion>2.3.3</termversion>
  <lastupdated>2014-02-24</lastupdated>
  <definitions>
    <item>
      <id>1</id>
      <text>The incorporation of one or more integral molecules of water into another species with or without displacement of one or more other atoms or groups. For example, the incorporation of water into the inner ligand sphere of an inorganic complex is an aquation reaction.</text>
      <links>
        <item>
          <title>hydration</title>
          <url>https://goldbook.iupac.org/terms/view/H02876</url>
        </item>
        <item>
          <title>hydration</title>
          <url>https://goldbook.iupac.org/terms/view/H02876</url>
        </item>
        <item>
          <title>ligand</title>
          <url>https://goldbook.iupac.org/terms/view/L03518</url>
        </item>
        <item>
          <title>complex</title>
          <url>https://goldbook.iupac.org/terms/view/C01203</url>
        </item>
      </links>
      <sources>
        <item>PAC, 1994, 66, 1077. 'Glossary of terms used in physical organic chemistry (IUPAC Recommendations 1994)' on page 1086 (https://doi.org/10.1351/pac199466051077)</item>
      </sources>
    </item>
  </definitions>
  <referencedin>
    <item>
      <title>Wikipedia - Aquation (en)</title>
      <url>https://en.wikipedia.org/wiki/Aquation</url>
    </item>
  </referencedin>
  <links>
    <html>https://goldbook.iupac.org/terms/view/A00426/html</html>
    <json>https://goldbook.iupac.org/terms/view/A00426/json</json>
    <xml>https://goldbook.iupac.org/terms/view/A00426/xml</xml>
    <plain>https://goldbook.iupac.org/terms/view/A00426/plain</plain>
  </links>
  <citation>Citation: 'aquation' in IUPAC Compendium of Chemical Terminology, 5th ed. International Union of Pure and Applied Chemistry; 2025. Online version 5.0.0, 2025. 10.1351/goldbook.A00426</citation>
  <license>The IUPAC Gold Book is licensed under Creative Commons Attribution-ShareAlike CC BY-SA 4.0 International (https://creativecommons.org/licenses/by-sa/4.0/) for individual terms.</license>
  <collection>If you are interested in licensing the Gold Book for commercial use, please contact the IUPAC Executive Director at executivedirector@iupac.org .</collection>
  <disclaimer>The International Union of Pure and Applied Chemistry (IUPAC) is continuously reviewing and, where needed, updating terms in the Compendium of Chemical Terminology (the IUPAC Gold Book). Users of these terms are encouraged to include the version of a term with its use and to check regularly for updates to term definitions that you are using.</disclaimer>
  <accessed>2025-02-25T06:58:05+00:00</accessed>
</term>
