<?xml version="1.0" encoding="UTF-8"?>
<term>
  <id>00447</id>
  <doi>10.1351/goldbook.A00447</doi>
  <code>A00447</code>
  <status>current</status>
  <longtitle>IUPAC Gold Book - arsanes</longtitle>
  <title>arsanes</title>
  <termversion>2.3.3</termversion>
  <lastupdated>2014-02-24</lastupdated>
  <definitions>
    <item>
      <id>1</id>
      <text>The saturated hydrides of tervalent arsenic, having the general formula AsnHn+2. Individual members having an unbranched arsenic chain are named arsane, diarsane, triarsane, etc. The name of a saturated hydride of arsenic where one or more arsenic atoms have bonding number 5 is formed by prefixing locants and λ5 symbols to the name of the corresponding arsane, e.g. H2AsAsHAsH2 triarsane, H4AsAsH3AsH4 1λ5,2λ5,3λ5-triarsane. Hydrocarbyl derivatives of AsH3 belong to the class arsines.</text>
      <links>
        <item>
          <title>hydride</title>
          <url>https://goldbook.iupac.org/terms/view/H02904</url>
        </item>
        <item>
          <title>bonding number</title>
          <url>https://goldbook.iupac.org/terms/view/B00703</url>
        </item>
        <item>
          <title>arsines</title>
          <url>https://goldbook.iupac.org/terms/view/A00452</url>
        </item>
      </links>
      <math>
        <item>
          <alttext>λ5</alttext>
          <latex>\lambda ^{5}</latex>
        </item>
        <item>
          <alttext>λ5</alttext>
          <latex>\lambda ^{5}</latex>
        </item>
        <item>
          <alttext>λ5</alttext>
          <latex>\lambda ^{5}</latex>
        </item>
        <item>
          <alttext>λ5</alttext>
          <latex>\lambda ^{5}</latex>
        </item>
      </math>
      <sources>
        <item>PAC, 1995, 67, 1307. 'Glossary of class names of organic compounds and reactivity intermediates based on structure (IUPAC Recommendations 1995)' on page 1319 (https://doi.org/10.1351/pac199567081307)</item>
      </sources>
    </item>
  </definitions>
  <referencedin>
    <item>
      <title>Wikipedia - Arsaan (stofklasse) (nl)</title>
      <url>https://nl.wikipedia.org/wiki/Arsaan_(stofklasse)</url>
    </item>
    <item>
      <title>Wikipedia - Arsane (de)</title>
      <url>https://de.wikipedia.org/wiki/Arsane</url>
    </item>
  </referencedin>
  <links>
    <html>https://goldbook.iupac.org/terms/view/A00447/html</html>
    <json>https://goldbook.iupac.org/terms/view/A00447/json</json>
    <xml>https://goldbook.iupac.org/terms/view/A00447/xml</xml>
    <plain>https://goldbook.iupac.org/terms/view/A00447/plain</plain>
  </links>
  <citation>Citation: 'arsanes' in IUPAC Compendium of Chemical Terminology, 5th ed. International Union of Pure and Applied Chemistry; 2025. Online version 5.0.0, 2025. 10.1351/goldbook.A00447</citation>
  <license>The IUPAC Gold Book is licensed under Creative Commons Attribution-ShareAlike CC BY-SA 4.0 International (https://creativecommons.org/licenses/by-sa/4.0/) for individual terms.</license>
  <collection>If you are interested in licensing the Gold Book for commercial use, please contact the IUPAC Executive Director at executivedirector@iupac.org .</collection>
  <disclaimer>The International Union of Pure and Applied Chemistry (IUPAC) is continuously reviewing and, where needed, updating terms in the Compendium of Chemical Terminology (the IUPAC Gold Book). Users of these terms are encouraged to include the version of a term with its use and to check regularly for updates to term definitions that you are using.</disclaimer>
  <accessed>2025-02-25T06:59:04+00:00</accessed>
</term>
