<?xml version="1.0" encoding="UTF-8"?>
<term>
  <id>00416</id>
  <doi>10.1351/goldbook.A00416</doi>
  <code>A00416</code>
  <status>current</status>
  <longtitle>IUPAC Gold Book - apo- in carotenoid nomenclature</longtitle>
  <title>apo-</title>
  <termversion>2.0.2</termversion>
  <lastupdated>2008-10-07</lastupdated>
  <definitions>
    <item>
      <id>1</id>
      <text>An unitalicized prefix, preceded by a locant, used to indicate that all of the molecule beyond the carbon atom corresponding to that locant has been replaced by hydrogen atoms.</text>
      <contexts>
        <in>
          <item>carotenoid nomenclature</item>
        </in>
      </contexts>
      <sources>
        <item>White Book, 2nd ed., p. 230 (https://iupac.qmul.ac.uk/bibliog/white.html)</item>
      </sources>
    </item>
  </definitions>
  <links>
    <html>https://goldbook.iupac.org/terms/view/A00416/html</html>
    <json>https://goldbook.iupac.org/terms/view/A00416/json</json>
    <xml>https://goldbook.iupac.org/terms/view/A00416/xml</xml>
    <plain>https://goldbook.iupac.org/terms/view/A00416/plain</plain>
  </links>
  <citation>Citation: 'apo-' in IUPAC Compendium of Chemical Terminology, 5th ed. International Union of Pure and Applied Chemistry; 2025. Online version 5.0.0, 2025. 10.1351/goldbook.A00416</citation>
  <license>The IUPAC Gold Book is licensed under Creative Commons Attribution-ShareAlike CC BY-SA 4.0 International (https://creativecommons.org/licenses/by-sa/4.0/) for individual terms.</license>
  <collection>If you are interested in licensing the Gold Book for commercial use, please contact the IUPAC Executive Director at executivedirector@iupac.org .</collection>
  <disclaimer>The International Union of Pure and Applied Chemistry (IUPAC) is continuously reviewing and, where needed, updating terms in the Compendium of Chemical Terminology (the IUPAC Gold Book). Users of these terms are encouraged to include the version of a term with its use and to check regularly for updates to term definitions that you are using.</disclaimer>
  <accessed>2025-02-25T06:57:31+00:00</accessed>
</term>
