<?xml version="1.0" encoding="UTF-8"?>
<term>
  <id>00415</id>
  <doi>10.1351/goldbook.A00415</doi>
  <code>A00415</code>
  <status>current</status>
  <longtitle>IUPAC Gold Book - apical (basal, equatorial)</longtitle>
  <title>apical (basal, equatorial)</title>
  <termversion>2.0.2</termversion>
  <lastupdated>2008-10-07</lastupdated>
  <definitions>
    <item>
      <id>1</id>
      <text>In trigonal bipyramidal structures (e.g. a five-coordinate trigonal bipyramid with phosphorus as central atom) the term apical refers to the two positions that are collinear with the central atom or to the bonds linking these positions to the central atom. The three equivalent bonds (or positions) in a plane passing through the central atom and perpendicular to the direction of the apical bonds are described as equatorial. (See axial, equatorial for alternative use.). The term apical is also used for the bond pointing from the atom at or near the centre of the base to the apex of a pyramidal structure. The positions at or near the base of the pyramid, or the bonds linking those positions to the central atom of the base are described as basal. The apical bonds have also been called axial. [image: Not defined]</text>
      <chemicals>
        <item>
          <type>chemimage</type>
          <title>Not defined</title>
          <file>https://goldbook.iupac.org/img/inline/A00415.png</file>
        </item>
      </chemicals>
      <links>
        <item>
          <title>central atom</title>
          <url>https://goldbook.iupac.org/terms/view/C00930</url>
        </item>
        <item>
          <title>equatorial</title>
          <url>https://goldbook.iupac.org/terms/view/E02174</url>
        </item>
        <item>
          <title>axial, equatorial</title>
          <url>https://goldbook.iupac.org/terms/view/A00546</url>
        </item>
        <item>
          <title>apex</title>
          <url>https://goldbook.iupac.org/terms/view/A00411</url>
        </item>
        <item>
          <title>basal</title>
          <url>https://goldbook.iupac.org/terms/view/B00600</url>
        </item>
      </links>
      <sources>
        <item>PAC, 1996, 68, 2193. 'Basic terminology of stereochemistry (IUPAC Recommendations 1996)' on page 2199 (https://doi.org/10.1351/pac199668122193)</item>
      </sources>
    </item>
  </definitions>
  <links>
    <html>https://goldbook.iupac.org/terms/view/A00415/html</html>
    <json>https://goldbook.iupac.org/terms/view/A00415/json</json>
    <xml>https://goldbook.iupac.org/terms/view/A00415/xml</xml>
    <plain>https://goldbook.iupac.org/terms/view/A00415/plain</plain>
  </links>
  <citation>Citation: 'apical (basal, equatorial)' in IUPAC Compendium of Chemical Terminology, 5th ed. International Union of Pure and Applied Chemistry; 2025. Online version 5.0.0, 2025. 10.1351/goldbook.A00415</citation>
  <license>The IUPAC Gold Book is licensed under Creative Commons Attribution-ShareAlike CC BY-SA 4.0 International (https://creativecommons.org/licenses/by-sa/4.0/) for individual terms.</license>
  <collection>If you are interested in licensing the Gold Book for commercial use, please contact the IUPAC Executive Director at executivedirector@iupac.org .</collection>
  <disclaimer>The International Union of Pure and Applied Chemistry (IUPAC) is continuously reviewing and, where needed, updating terms in the Compendium of Chemical Terminology (the IUPAC Gold Book). Users of these terms are encouraged to include the version of a term with its use and to check regularly for updates to term definitions that you are using.</disclaimer>
  <accessed>2025-02-25T06:57:26+00:00</accessed>
</term>
