<?xml version="1.0" encoding="UTF-8"?>
<term>
  <id>00463</id>
  <doi>10.1351/goldbook.A00463</doi>
  <code>A00463</code>
  <status>current</status>
  <longtitle>IUPAC Gold Book - arylene groups</longtitle>
  <title>arylene groups</title>
  <termversion>2.3.3</termversion>
  <lastupdated>2014-02-24</lastupdated>
  <definitions>
    <item>
      <id>1</id>
      <text>Bivalent groups derived from arenes by removal of a hydrogen atom from two ring carbon atoms. A synonym is arenediyl groups. E.g. o-phenylene or benzene-1,2-diyl: [image: Not defined]</text>
      <chemicals>
        <item>
          <type>chemimage</type>
          <title>Not defined</title>
          <file>https://goldbook.iupac.org/img/inline/A00463.png</file>
        </item>
      </chemicals>
      <links>
        <item>
          <title>arenes</title>
          <url>https://goldbook.iupac.org/terms/view/A00435</url>
        </item>
      </links>
      <sources>
        <item>PAC, 1995, 67, 1307. 'Glossary of class names of organic compounds and reactivity intermediates based on structure (IUPAC Recommendations 1995)' on page 1320 (https://doi.org/10.1351/pac199567081307)</item>
      </sources>
    </item>
  </definitions>
  <referencedin>
    <item>
      <title>Wikipedia - Arylene (en)</title>
      <url>https://en.wikipedia.org/wiki/Arylene</url>
    </item>
    <item>
      <title>Wikipedia - அரைலீன் (ta)</title>
      <url>https://ta.wikipedia.org/wiki/அரைலீன்</url>
    </item>
    <item>
      <title>Wikipedia - 아릴렌기 (ko)</title>
      <url>https://ko.wikipedia.org/wiki/아릴렌기</url>
    </item>
  </referencedin>
  <links>
    <html>https://goldbook.iupac.org/terms/view/A00463/html</html>
    <json>https://goldbook.iupac.org/terms/view/A00463/json</json>
    <xml>https://goldbook.iupac.org/terms/view/A00463/xml</xml>
    <plain>https://goldbook.iupac.org/terms/view/A00463/plain</plain>
  </links>
  <citation>Citation: 'arylene groups' in IUPAC Compendium of Chemical Terminology, 5th ed. International Union of Pure and Applied Chemistry; 2025. Online version 5.0.0, 2025. 10.1351/goldbook.A00463</citation>
  <license>The IUPAC Gold Book is licensed under Creative Commons Attribution-ShareAlike CC BY-SA 4.0 International (https://creativecommons.org/licenses/by-sa/4.0/) for individual terms.</license>
  <collection>If you are interested in licensing the Gold Book for commercial use, please contact the IUPAC Executive Director at executivedirector@iupac.org .</collection>
  <disclaimer>The International Union of Pure and Applied Chemistry (IUPAC) is continuously reviewing and, where needed, updating terms in the Compendium of Chemical Terminology (the IUPAC Gold Book). Users of these terms are encouraged to include the version of a term with its use and to check regularly for updates to term definitions that you are using.</disclaimer>
  <accessed>2025-02-25T06:59:50+00:00</accessed>
</term>
