<?xml version="1.0" encoding="UTF-8"?>
<term>
  <id>00432</id>
  <doi>10.1351/goldbook.A00432</doi>
  <code>A00432</code>
  <status>current</status>
  <longtitle>IUPAC Gold Book - areic</longtitle>
  <title>areic</title>
  <termversion>2.3.3</termversion>
  <lastupdated>2014-02-24</lastupdated>
  <definitions>
    <item>
      <id>1</id>
      <text>Attribute to a physical quantity obtained by division by area. Areic charge is the charge on a surface divided by the surface area.</text>
      <sources>
        <item>ISO 31-0: 1992 (https://www.iso.org/iso/catalogue_detail.htm?csnumber=3621)</item>
        <item>PAC, 1996, 68, 957. 'Glossary of terms in quantities and units in Clinical Chemistry (IUPAC-IFCC Recommendations 1996)' on page 962 (https://doi.org/10.1351/pac199668040957)</item>
      </sources>
    </item>
  </definitions>
  <links>
    <html>https://goldbook.iupac.org/terms/view/A00432/html</html>
    <json>https://goldbook.iupac.org/terms/view/A00432/json</json>
    <xml>https://goldbook.iupac.org/terms/view/A00432/xml</xml>
    <plain>https://goldbook.iupac.org/terms/view/A00432/plain</plain>
  </links>
  <citation>Citation: 'areic' in IUPAC Compendium of Chemical Terminology, 5th ed. International Union of Pure and Applied Chemistry; 2025. Online version 5.0.0, 2025. 10.1351/goldbook.A00432</citation>
  <license>The IUPAC Gold Book is licensed under Creative Commons Attribution-ShareAlike CC BY-SA 4.0 International (https://creativecommons.org/licenses/by-sa/4.0/) for individual terms.</license>
  <collection>If you are interested in licensing the Gold Book for commercial use, please contact the IUPAC Executive Director at executivedirector@iupac.org .</collection>
  <disclaimer>The International Union of Pure and Applied Chemistry (IUPAC) is continuously reviewing and, where needed, updating terms in the Compendium of Chemical Terminology (the IUPAC Gold Book). Users of these terms are encouraged to include the version of a term with its use and to check regularly for updates to term definitions that you are using.</disclaimer>
  <accessed>2025-02-25T06:58:19+00:00</accessed>
</term>
