<?xml version="1.0" encoding="UTF-8"?>
<term>
  <id>00423</id>
  <doi>10.1351/goldbook.A00423</doi>
  <code>A00423</code>
  <status>current</status>
  <longtitle>IUPAC Gold Book - appearance temperature</longtitle>
  <title>appearance temperature</title>
  <termversion>2.3.3</termversion>
  <lastupdated>2014-02-24</lastupdated>
  <definitions>
    <item>
      <id>1</id>
      <text>The temperature of the atomization surface at which the analyte signal/noise (S/N) ratio reaches a value of 3 when the quantity of analyte in the atomizer is one hundred times the characteristic mass for peak high absorption.</text>
      <contexts>
        <in>
          <item>electrothermal atomization</item>
        </in>
      </contexts>
      <links>
        <item>
          <title>noise</title>
          <url>https://goldbook.iupac.org/terms/view/N04175</url>
        </item>
      </links>
      <sources>
        <item>PAC, 1992, 64, 253. 'Nomenclature, symbols, units and their usage in spectrochemical analysis - XII. Terms related to electrothermal atomization (IUPAC Recommendations 1992)' on page 257 (https://doi.org/10.1351/pac199264020253)</item>
      </sources>
    </item>
  </definitions>
  <links>
    <html>https://goldbook.iupac.org/terms/view/A00423/html</html>
    <json>https://goldbook.iupac.org/terms/view/A00423/json</json>
    <xml>https://goldbook.iupac.org/terms/view/A00423/xml</xml>
    <plain>https://goldbook.iupac.org/terms/view/A00423/plain</plain>
  </links>
  <citation>Citation: 'appearance temperature' in IUPAC Compendium of Chemical Terminology, 5th ed. International Union of Pure and Applied Chemistry; 2025. Online version 5.0.0, 2025. 10.1351/goldbook.A00423</citation>
  <license>The IUPAC Gold Book is licensed under Creative Commons Attribution-ShareAlike CC BY-SA 4.0 International (https://creativecommons.org/licenses/by-sa/4.0/) for individual terms.</license>
  <collection>If you are interested in licensing the Gold Book for commercial use, please contact the IUPAC Executive Director at executivedirector@iupac.org .</collection>
  <disclaimer>The International Union of Pure and Applied Chemistry (IUPAC) is continuously reviewing and, where needed, updating terms in the Compendium of Chemical Terminology (the IUPAC Gold Book). Users of these terms are encouraged to include the version of a term with its use and to check regularly for updates to term definitions that you are using.</disclaimer>
  <accessed>2025-02-25T06:57:55+00:00</accessed>
</term>
