<?xml version="1.0" encoding="UTF-8"?>
<term>
  <id>00418</id>
  <doi>10.1351/goldbook.A00418</doi>
  <code>A00418</code>
  <status>current</status>
  <longtitle>IUPAC Gold Book - apparent (quantity)</longtitle>
  <title>apparent (quantity)</title>
  <termversion>2.3.3</termversion>
  <lastupdated>2014-02-24</lastupdated>
  <definitions>
    <item>
      <id>1</id>
      <text>A term, indicated by a superscript ', which means that a process is not well known or that its value carries uncertainties which are not known, e.g. ΔG°′ is the apparent standard Gibbs energy change. In the context of partial molar quantities the word is used in a different sense; as a symbol for 'apparent' in this connection the use of subscript φ, as in Y φ, is recommended. Other notations employed for this property include φX and φ X.</text>
      <links>
        <item>
          <title>partial molar quantities</title>
          <url>https://goldbook.iupac.org/terms/view/P04418</url>
        </item>
      </links>
      <math>
        <item>
          <alttext>ΔG°′</alttext>
          <latex>\Delta G^{\circ}{'}</latex>
        </item>
        <item>
          <alttext>φ</alttext>
          <latex>\varphi </latex>
        </item>
        <item>
          <alttext>Y φ</alttext>
          <latex>Y_{\varphi}</latex>
        </item>
        <item>
          <type>quantity</type>
          <alttext>φX</alttext>
          <latex>^{\varphi}X</latex>
        </item>
        <item>
          <alttext>φ X</alttext>
          <latex>\varphi_{X}</latex>
        </item>
      </math>
      <sources>
        <item>PAC, 1986, 58, 1405. 'Recommendations for the presentation of thermodynamic and related data in biology (Recommendations 1985)' on page 1408 (https://doi.org/10.1351/pac198658101405)</item>
      </sources>
    </item>
  </definitions>
  <links>
    <html>https://goldbook.iupac.org/terms/view/A00418/html</html>
    <json>https://goldbook.iupac.org/terms/view/A00418/json</json>
    <xml>https://goldbook.iupac.org/terms/view/A00418/xml</xml>
    <plain>https://goldbook.iupac.org/terms/view/A00418/plain</plain>
  </links>
  <citation>Citation: 'apparent (quantity)' in IUPAC Compendium of Chemical Terminology, 5th ed. International Union of Pure and Applied Chemistry; 2025. Online version 5.0.0, 2025. 10.1351/goldbook.A00418</citation>
  <license>The IUPAC Gold Book is licensed under Creative Commons Attribution-ShareAlike CC BY-SA 4.0 International (https://creativecommons.org/licenses/by-sa/4.0/) for individual terms.</license>
  <collection>If you are interested in licensing the Gold Book for commercial use, please contact the IUPAC Executive Director at executivedirector@iupac.org .</collection>
  <disclaimer>The International Union of Pure and Applied Chemistry (IUPAC) is continuously reviewing and, where needed, updating terms in the Compendium of Chemical Terminology (the IUPAC Gold Book). Users of these terms are encouraged to include the version of a term with its use and to check regularly for updates to term definitions that you are using.</disclaimer>
  <accessed>2025-02-25T06:57:41+00:00</accessed>
</term>
