<?xml version="1.0" encoding="UTF-8"?>
<term>
  <id>00471</id>
  <doi>10.1351/goldbook.A00471</doi>
  <code>A00471</code>
  <status>current</status>
  <longtitle>IUPAC Gold Book - assay kit</longtitle>
  <title>assay kit</title>
  <termversion>2.3.3</termversion>
  <lastupdated>2014-02-24</lastupdated>
  <definitions>
    <item>
      <id>1</id>
      <text>A set of components (reagents and other necessary materials) and procedural instructions packaged together and designed for the estimation in vitro of a value of a specified quantity, when used according to the instructions.</text>
      <links>
        <item>
          <title>in vitro</title>
          <url>https://goldbook.iupac.org/terms/view/I03153</url>
        </item>
      </links>
      <sources>
        <item>PAC, 1994, 66, 2513. 'Nomenclature for radioanalytical chemistry (IUPAC Recommendations 1994)' on page 2515 (https://doi.org/10.1351/pac199466122513)</item>
      </sources>
    </item>
  </definitions>
  <links>
    <html>https://goldbook.iupac.org/terms/view/A00471/html</html>
    <json>https://goldbook.iupac.org/terms/view/A00471/json</json>
    <xml>https://goldbook.iupac.org/terms/view/A00471/xml</xml>
    <plain>https://goldbook.iupac.org/terms/view/A00471/plain</plain>
  </links>
  <citation>Citation: 'assay kit' in IUPAC Compendium of Chemical Terminology, 5th ed. International Union of Pure and Applied Chemistry; 2025. Online version 5.0.0, 2025. 10.1351/goldbook.A00471</citation>
  <license>The IUPAC Gold Book is licensed under Creative Commons Attribution-ShareAlike CC BY-SA 4.0 International (https://creativecommons.org/licenses/by-sa/4.0/) for individual terms.</license>
  <collection>If you are interested in licensing the Gold Book for commercial use, please contact the IUPAC Executive Director at executivedirector@iupac.org .</collection>
  <disclaimer>The International Union of Pure and Applied Chemistry (IUPAC) is continuously reviewing and, where needed, updating terms in the Compendium of Chemical Terminology (the IUPAC Gold Book). Users of these terms are encouraged to include the version of a term with its use and to check regularly for updates to term definitions that you are using.</disclaimer>
  <accessed>2025-02-25T07:00:09+00:00</accessed>
</term>
