<?xml version="1.0" encoding="UTF-8"?>
<term>
  <id>00472</id>
  <doi>10.1351/goldbook.A00472</doi>
  <code>A00472</code>
  <status>current</status>
  <longtitle>IUPAC Gold Book - association</longtitle>
  <title>association</title>
  <termversion>2.3.3</termversion>
  <lastupdated>2014-02-24</lastupdated>
  <definitions>
    <item>
      <id>1</id>
      <text>The assembling of separate molecular entities into any aggregate, especially of oppositely charged free ions into ion pairs or larger and not necessarily well-defined clusters of ions held together by electrostatic attraction. The term signifies the reverse of dissociation, but is not commonly used for the formation of definite adducts by colligation or coordination.</text>
      <links>
        <item>
          <title>molecular entities</title>
          <url>https://goldbook.iupac.org/terms/view/M03986</url>
        </item>
        <item>
          <title>ion pairs</title>
          <url>https://goldbook.iupac.org/terms/view/I03231</url>
        </item>
        <item>
          <title>dissociation</title>
          <url>https://goldbook.iupac.org/terms/view/D01801</url>
        </item>
        <item>
          <title>adducts</title>
          <url>https://goldbook.iupac.org/terms/view/A00138</url>
        </item>
        <item>
          <title>colligation</title>
          <url>https://goldbook.iupac.org/terms/view/C01153</url>
        </item>
        <item>
          <title>coordination</title>
          <url>https://goldbook.iupac.org/terms/view/C01329</url>
        </item>
      </links>
      <sources>
        <item>PAC, 1994, 66, 1077. 'Glossary of terms used in physical organic chemistry (IUPAC Recommendations 1994)' on page 1086 (https://doi.org/10.1351/pac199466051077)</item>
      </sources>
    </item>
  </definitions>
  <referencedin>
    <item>
      <title>Wikipedia - Ассоциация (химия) (ru)</title>
      <url>https://ru.wikipedia.org/wiki/Ассоциация_(химия)</url>
    </item>
    <item>
      <title>Wikipedia - Водородная связь (ru)</title>
      <url>https://ru.wikipedia.org/wiki/Водородная_связь</url>
    </item>
    <item>
      <title>Wikipedia - Дисоціація (хімія) (uk)</title>
      <url>https://uk.wikipedia.org/wiki/Дисоціація_(хімія)</url>
    </item>
    <item>
      <title>Wikipedia - تفكك (ar)</title>
      <url>https://ar.wikipedia.org/wiki/تفكك</url>
    </item>
  </referencedin>
  <links>
    <html>https://goldbook.iupac.org/terms/view/A00472/html</html>
    <json>https://goldbook.iupac.org/terms/view/A00472/json</json>
    <xml>https://goldbook.iupac.org/terms/view/A00472/xml</xml>
    <plain>https://goldbook.iupac.org/terms/view/A00472/plain</plain>
  </links>
  <citation>Citation: 'association' in IUPAC Compendium of Chemical Terminology, 5th ed. International Union of Pure and Applied Chemistry; 2025. Online version 5.0.0, 2025. 10.1351/goldbook.A00472</citation>
  <license>The IUPAC Gold Book is licensed under Creative Commons Attribution-ShareAlike CC BY-SA 4.0 International (https://creativecommons.org/licenses/by-sa/4.0/) for individual terms.</license>
  <collection>If you are interested in licensing the Gold Book for commercial use, please contact the IUPAC Executive Director at executivedirector@iupac.org .</collection>
  <disclaimer>The International Union of Pure and Applied Chemistry (IUPAC) is continuously reviewing and, where needed, updating terms in the Compendium of Chemical Terminology (the IUPAC Gold Book). Users of these terms are encouraged to include the version of a term with its use and to check regularly for updates to term definitions that you are using.</disclaimer>
  <accessed>2025-02-25T07:00:19+00:00</accessed>
</term>
